{"type":"FeatureCollection","features":[{"type":"Feature","properties":{"from":"Berkeley","weight":0.437},"geometry":{"type":"LineString","coordinates":[[-122.27301,37.8715],[-122.27302,37.87156],[-122.27315,37.87159],[-122.2732,37.87159],[-122.27356,37.87154],[-122.27371,37.87152],[-122.2745,37.87142],[-122.27468,37.8714],[-122.2748,37.87139],[-122.27509,37.87135],[-122.27516,37.87134],[-122.27518,37.87134],[-122.27521,37.87133],[-122.27529,37.87132],[-122.27537,37.87131],[-122.27539,37.87131],[-122.27545,37.8713],[-122.27545,37.8713],[-122.27545,37.8713],[-122.27561,37.87128],[-122.27569,37.87127],[-122.27594,37.87124],[-122.27617,37.87121],[-122.27743,37.87105],[-122.27746,37.87104],[-122.27754,37.87103],[-122.27762,37.87102],[-122.27799,37.87098],[-122.27858,37.8709],[-122.27863,37.87089],[-122.27868,37.87089],[-122.27892,37.87086],[-122.2792,37.87082],[-122.27925,37.87081],[-122.27952,37.87078],[-122.27971,37.87076],[-122.2798,37.87074],[-122.27989,37.87073],[-122.27991,37.87073],[-122.28015,37.8707],[-122.28026,37.87068],[-122.28033,37.87067],[-122.28129,37.87055],[-122.28151,37.87052],[-122.28161,37.87051],[-122.2817,37.8705],[-122.28176,37.87049],[-122.28177,37.87049],[-122.28178,37.87049],[-122.28181,37.87048],[-122.28189,37.87047],[-122.28203,37.87046],[-122.28214,37.87045],[-122.28252,37.8704],[-122.28282,37.87036],[-122.2833,37.87029],[-122.28376,37.87024],[-122.28386,37.87022],[-122.28421,37.87018],[-122.28429,37.87017],[-122.28437,37.87016],[-122.2844,37.87016],[-122.28442,37.87015],[-122.28461,37.87013],[-122.28465,37.87013],[-122.28542,37.87002],[-122.28563,37.87],[-122.28641,37.8699],[-122.28657,37.86988],[-122.28684,37.86984],[-122.28692,37.86983],[-122.2874,37.86977],[-122.28745,37.86977],[-122.28752,37.86976],[-122.28761,37.86975],[-122.28773,37.86973],[-122.28807,37.86969],[-122.28814,37.86968],[-122.28824,37.86966],[-122.28855,37.86962],[-122.28892,37.86958],[-122.28902,37.86956],[-122.28911,37.86955],[-122.28946,37.86951],[-122.28954,37.8695],[-122.28963,37.86949],[-122.28985,37.86946],[-122.29035,37.86939],[-122.29117,37.86928],[-122.29129,37.86927],[-122.29151,37.86924],[-122.29183,37.86919],[-122.29202,37.86917],[-122.29209,37.86916],[-122.29211,37.86916],[-122.29222,37.86914],[-122.29232,37.86912],[-122.29234,37.86912],[-122.29253,37.86908],[-122.29274,37.86904],[-122.29286,37.86902],[-122.29315,37.86897],[-122.29315,37.86897],[-122.29324,37.86895],[-122.29326,37.86895],[-122.29334,37.86893],[-122.29342,37.86891],[-122.29346,37.8689],[-122.29429,37.86874],[-122.29434,37.86873],[-122.29444,37.8687],[-122.29454,37.86868],[-122.2949,37.86861],[-122.29491,37.86861],[-122.29513,37.86856],[-122.29519,37.86856],[-122.29543,37.8685],[-122.29545,37.8685],[-122.29545,37.8685],[-122.29546,37.8685],[-122.29555,37.86848],[-122.29563,37.86847],[-122.29567,37.86846],[-122.29658,37.86827],[-122.29666,37.86825],[-122.29674,37.86824],[-122.29693,37.8682],[-122.29706,37.86817],[-122.29709,37.86816],[-122.29727,37.86813],[-122.2974,37.8681],[-122.29749,37.86808],[-122.2976,37.86806],[-122.2977,37.86804],[-122.29771,37.86804],[-122.29783,37.86801],[-122.29814,37.86795],[-122.29822,37.86794],[-122.2983,37.86792],[-122.29838,37.8679],[-122.29846,37.86788],[-122.29854,37.86786],[-122.29968,37.86763],[-122.30083,37.8674],[-122.30283,37.867],[-122.30429,37.8667],[-122.30448,37.86666],[-122.3047,37.86666],[-122.30476,37.86666],[-122.30482,37.86667],[-122.30488,37.86668],[-122.30494,37.8667],[-122.30497,37.86672],[-122.305,37.86673],[-122.30505,37.86676],[-122.30509,37.86679],[-122.30513,37.86682],[-122.30515,37.86686],[-122.30518,37.86689],[-122.30519,37.86693],[-122.30521,37.86697],[-122.30522,37.867],[-122.30522,37.86704],[-122.30523,37.86708],[-122.30522,37.86712],[-122.30521,37.86716],[-122.30519,37.86719],[-122.30518,37.86722],[-122.30515,37.86726],[-122.30513,37.86729],[-122.3051,37.86731],[-122.30506,37.86734],[-122.30503,37.86736],[-122.30499,37.86738],[-122.30495,37.8674],[-122.30492,37.86741],[-122.30488,37.86742],[-122.30484,37.86742],[-122.3048,37.86743],[-122.30477,37.86743],[-122.30473,37.86743],[-122.30468,37.86742],[-122.30464,37.86742],[-122.30459,37.86741],[-122.30455,37.86739],[-122.3045,37.86737],[-122.30446,37.86735],[-122.30442,37.86733],[-122.30439,37.8673],[-122.30436,37.86727],[-122.30433,37.86724],[-122.30431,37.86721],[-122.30428,37.86717],[-122.30426,37.86713],[-122.30423,37.86709],[-122.30409,37.8668],[-122.304,37.86649],[-122.30389,37.86616],[-122.30356,37.86515],[-122.30349,37.86496],[-122.30342,37.86478],[-122.30332,37.86452],[-122.30325,37.86435],[-122.30304,37.86382],[-122.30207,37.86036],[-122.29999,37.85279],[-122.29982,37.85217],[-122.29973,37.85189],[-122.2996,37.85138],[-122.2995,37.85099],[-122.29941,37.85061],[-122.29932,37.85022],[-122.29914,37.84945],[-122.29904,37.84901],[-122.29897,37.84874],[-122.29883,37.84815],[-122.29878,37.84792],[-122.29865,37.84736],[-122.29846,37.84652],[-122.29833,37.84595],[-122.29832,37.84593],[-122.29832,37.84593],[-122.29832,37.84593],[-122.29816,37.84517],[-122.29797,37.84426],[-122.29767,37.84277],[-122.29763,37.84258],[-122.29755,37.84222],[-122.29746,37.84183],[-122.29733,37.84119],[-122.29724,37.84075],[-122.29724,37.84075],[-122.29723,37.84068],[-122.29709,37.83989],[-122.29709,37.83989],[-122.29709,37.83989],[-122.29685,37.83856],[-122.29684,37.83852],[-122.29682,37.83843],[-122.2968,37.8383],[-122.29677,37.83817],[-122.29674,37.83804],[-122.29671,37.83792],[-122.29668,37.83778],[-122.29664,37.83765],[-122.2966,37.83753],[-122.29657,37.83742],[-122.29651,37.83728],[-122.29647,37.83715],[-122.29642,37.83702],[-122.29637,37.8369],[-122.29631,37.83678],[-122.29609,37.83628],[-122.29529,37.83455],[-122.29506,37.83405],[-122.29491,37.83377],[-122.2946,37.83317],[-122.29458,37.83292],[-122.29449,37.83269],[-122.29444,37.83256],[-122.2944,37.83243],[-122.29436,37.83231],[-122.29433,37.83218],[-122.29429,37.83205],[-122.29426,37.83192],[-122.29424,37.83179],[-122.29421,37.83166],[-122.29418,37.83153],[-122.29416,37.8314],[-122.29414,37.83127],[-122.29412,37.83114],[-122.2941,37.831],[-122.29409,37.83092],[-122.29408,37.8308],[-122.29406,37.83007],[-122.29407,37.82994],[-122.29408,37.82981],[-122.29411,37.82968],[-122.29414,37.82955],[-122.29417,37.82943],[-122.29422,37.8293],[-122.29427,37.82917],[-122.29434,37.82905],[-122.29441,37.82893],[-122.29448,37.82881],[-122.29457,37.8287],[-122.29466,37.82859],[-122.29476,37.82848],[-122.29486,37.82837],[-122.29497,37.82827],[-122.29508,37.82818],[-122.2952,37.82809],[-122.29533,37.828],[-122.29546,37.82792],[-122.2956,37.82784],[-122.29574,37.82777],[-122.29588,37.8277],[-122.29603,37.82764],[-122.29618,37.82758],[-122.29633,37.82753],[-122.29649,37.82748],[-122.29665,37.82743],[-122.29683,37.82737],[-122.29699,37.82733],[-122.29715,37.82729],[-122.29741,37.82721],[-122.29746,37.8272],[-122.29777,37.82712],[-122.29809,37.82703],[-122.2984,37.82695],[-122.29872,37.82688],[-122.29904,37.8268],[-122.29952,37.82669],[-122.30014,37.82654],[-122.30082,37.82633],[-122.301,37.82629],[-122.30107,37.82628],[-122.30259,37.82594],[-122.30306,37.82584],[-122.30422,37.82561],[-122.30434,37.82559],[-122.30447,37.82556],[-122.30455,37.82554],[-122.3055,37.82533],[-122.30565,37.8253],[-122.30581,37.82527],[-122.30612,37.82523],[-122.30645,37.82519],[-122.30677,37.82515],[-122.3071,37.82511],[-122.30742,37.82507],[-122.30775,37.82504],[-122.30808,37.82501],[-122.3084,37.82498],[-122.30873,37.82495],[-122.30905,37.82493],[-122.30938,37.82491],[-122.3097,37.82489],[-122.3098,37.82488],[-122.3098,37.82488],[-122.31002,37.82487],[-122.31047,37.82485],[-122.31091,37.82484],[-122.31092,37.82484],[-122.31097,37.82483],[-122.31104,37.82482],[-122.31177,37.82473],[-122.31179,37.82472],[-122.31187,37.82471],[-122.31196,37.82471],[-122.31207,37.8247],[-122.31207,37.8247],[-122.31245,37.82467],[-122.31254,37.82466],[-122.31277,37.82463],[-122.31285,37.82462],[-122.31286,37.82462],[-122.31288,37.82462],[-122.31307,37.82459],[-122.3132,37.82457],[-122.31368,37.8245],[-122.31369,37.8245],[-122.31383,37.82448],[-122.31396,37.82446],[-122.31396,37.82446],[-122.31478,37.82434],[-122.3151,37.8243],[-122.31542,37.82425],[-122.31559,37.82423],[-122.31575,37.8242],[-122.31591,37.82418],[-122.31607,37.82415],[-122.31639,37.8241],[-122.31672,37.82404],[-122.31707,37.82398],[-122.31748,37.82391],[-122.31791,37.82382],[-122.31821,37.82375],[-122.31854,37.82367],[-122.31897,37.82354],[-122.31986,37.82322],[-122.32046,37.82304],[-122.32123,37.82286],[-122.32143,37.82282],[-122.32164,37.82278],[-122.32181,37.82276],[-122.3227,37.82263],[-122.32282,37.82261],[-122.32295,37.82259],[-122.32312,37.82257],[-122.32327,37.82255],[-122.32344,37.82253],[-122.3236,37.82252],[-122.32376,37.8225],[-122.32393,37.82248],[-122.32409,37.82247],[-122.32425,37.82245],[-122.32765,37.8222],[-122.32776,37.82219],[-122.32818,37.82216],[-122.3285,37.82213],[-122.32883,37.8221],[-122.32916,37.82207],[-122.32949,37.82205],[-122.32982,37.82202],[-122.33014,37.82198],[-122.33047,37.82195],[-122.3308,37.82191],[-122.33113,37.82188],[-122.33145,37.82184],[-122.33178,37.8218],[-122.3321,37.82176],[-122.33243,37.82172],[-122.33275,37.82168],[-122.33308,37.82164],[-122.33341,37.82159],[-122.33369,37.82155],[-122.34152,37.8204],[-122.3498,37.81919],[-122.34996,37.81917],[-122.35012,37.81915],[-122.35028,37.81912],[-122.35044,37.81909],[-122.35061,37.81907],[-122.35076,37.81903],[-122.35092,37.819],[-122.35108,37.81897],[-122.35124,37.81893],[-122.3514,37.8189],[-122.35156,37.81886],[-122.35172,37.81882],[-122.35187,37.81877],[-122.35203,37.81873],[-122.35218,37.81869],[-122.35234,37.81864],[-122.35249,37.81859],[-122.35264,37.81854],[-122.3528,37.81849],[-122.35295,37.81844],[-122.35309,37.81838],[-122.35325,37.81832],[-122.35339,37.81826],[-122.35354,37.8182],[-122.35369,37.81814],[-122.35383,37.81808],[-122.35398,37.81802],[-122.35412,37.81795],[-122.35426,37.81788],[-122.3544,37.81782],[-122.35454,37.81775],[-122.35468,37.81767],[-122.35482,37.8176],[-122.35496,37.81753],[-122.35509,37.81745],[-122.35523,37.81737],[-122.36031,37.81447],[-122.36038,37.81443],[-122.36045,37.81439],[-122.36059,37.8143],[-122.36072,37.81422],[-122.36085,37.81414],[-122.36097,37.81405],[-122.36109,37.81397],[-122.36132,37.81381],[-122.3614,37.81375],[-122.36145,37.81371],[-122.36156,37.81362],[-122.36168,37.81353],[-122.36179,37.81344],[-122.3619,37.81334],[-122.362,37.81325],[-122.36211,37.81315],[-122.36222,37.81305],[-122.36231,37.81295],[-122.36241,37.81285],[-122.36251,37.81275],[-122.36261,37.81265],[-122.36271,37.81254],[-122.36339,37.81179],[-122.36339,37.81179],[-122.36355,37.81162],[-122.36365,37.81151],[-122.36382,37.81134],[-122.36396,37.8112],[-122.36417,37.811],[-122.36447,37.81071],[-122.36472,37.81047],[-122.36506,37.81017],[-122.36507,37.81016],[-122.36632,37.80898],[-122.36636,37.80895],[-122.36675,37.80858],[-122.36726,37.8081],[-122.36729,37.80808],[-122.3904,37.7865],[-122.39073,37.7862],[-122.39123,37.78583],[-122.39183,37.78547],[-122.39185,37.78546],[-122.39192,37.78533],[-122.39209,37.78522],[-122.39226,37.78512],[-122.39243,37.78502],[-122.39292,37.78473],[-122.39303,37.78465],[-122.3931,37.78461],[-122.39315,37.78457],[-122.39319,37.78453],[-122.39322,37.78449],[-122.39324,37.78444],[-122.39326,37.78439],[-122.39326,37.78434],[-122.39326,37.78429],[-122.39324,37.78423],[-122.39322,37.78417],[-122.39318,37.78413],[-122.39313,37.78408],[-122.39307,37.78404],[-122.393,37.78401],[-122.39292,37.78398],[-122.39284,37.78397],[-122.39275,37.78398],[-122.39268,37.78399],[-122.39261,37.78401],[-122.39254,37.78404],[-122.39248,37.78408],[-122.39244,37.78411],[-122.39167,37.78483],[-122.3916,37.78489],[-122.39155,37.78494],[-122.39151,37.78499],[-122.39147,37.78504],[-122.39143,37.7851],[-122.39141,37.78517],[-122.39139,37.78523],[-122.39138,37.7853],[-122.39137,37.78536],[-122.39137,37.78542],[-122.39138,37.78549],[-122.3914,37.78555],[-122.39143,37.78563],[-122.39146,37.78569],[-122.39152,37.78579],[-122.39155,37.78585],[-122.39158,37.7859],[-122.39159,37.78596],[-122.39161,37.78602],[-122.39169,37.7863],[-122.39172,37.7864],[-122.39175,37.78645],[-122.39177,37.7865],[-122.39181,37.78654],[-122.39186,37.7866],[-122.39198,37.7867],[-122.39208,37.78677],[-122.39198,37.78684],[-122.39175,37.78702],[-122.39162,37.78713],[-122.39141,37.7873],[-122.39099,37.78763],[-122.39062,37.78792],[-122.39059,37.78794],[-122.3904,37.78809],[-122.39032,37.78815],[-122.39024,37.78822],[-122.38989,37.78849],[-122.38952,37.78878],[-122.38947,37.78882],[-122.38943,37.78885],[-122.38936,37.78891],[-122.38898,37.78921],[-122.38872,37.78942],[-122.38869,37.78944],[-122.38862,37.7895],[-122.38853,37.78955],[-122.38847,37.7896],[-122.38841,37.78965],[-122.3885,37.78975],[-122.3886,37.78983],[-122.38881,37.79001],[-122.3889,37.79008],[-122.38928,37.79039],[-122.38942,37.7905],[-122.3898,37.79081],[-122.38983,37.79084],[-122.38992,37.79092],[-122.39001,37.79102],[-122.39012,37.79113],[-122.39013,37.79116],[-122.39022,37.79127],[-122.39031,37.7914],[-122.39039,37.79155],[-122.39046,37.79171],[-122.39049,37.79176],[-122.39064,37.79209],[-122.39072,37.79222],[-122.3908,37.79234],[-122.39087,37.79242],[-122.39089,37.79246],[-122.39097,37.79255],[-122.39106,37.79264],[-122.39122,37.79278],[-122.39219,37.7936],[-122.39231,37.79371],[-122.39235,37.79375],[-122.39245,37.79383],[-122.39254,37.79392],[-122.3928,37.79414],[-122.39303,37.79436],[-122.39305,37.79438],[-122.39309,37.79441],[-122.3932,37.79452],[-122.39328,37.79459],[-122.39331,37.79462],[-122.39342,37.79472],[-122.39356,37.79487],[-122.39362,37.79493],[-122.39372,37.79504],[-122.39373,37.79505],[-122.39381,37.79514],[-122.39391,37.79525]]}},{"type":"Feature","properties":{"from":"DalyCity","weight":0.397},"geometry":{"type":"LineString","coordinates":[[-122.4702,37.68791],[-122.46969,37.68791],[-122.46932,37.68791],[-122.46927,37.68791],[-122.46922,37.68791],[-122.46887,37.68791],[-122.46869,37.68791],[-122.46848,37.68792],[-122.46842,37.68791],[-122.46839,37.6879],[-122.46836,37.68789],[-122.46823,37.68784],[-122.46833,37.68776],[-122.46873,37.68742],[-122.4688,37.68735],[-122.46899,37.6872],[-122.46907,37.68713],[-122.46936,37.68689],[-122.46962,37.68667],[-122.46964,37.68665],[-122.46967,37.68663],[-122.46986,37.68646],[-122.47005,37.6863],[-122.47025,37.68614],[-122.47026,37.68613],[-122.47032,37.68609],[-122.47049,37.68606],[-122.4706,37.68607],[-122.47067,37.6861],[-122.47075,37.68626],[-122.47074,37.68633],[-122.47072,37.68639],[-122.47069,37.68652],[-122.47067,37.68658],[-122.4705,37.68724],[-122.47047,37.68738],[-122.47036,37.68779],[-122.47033,37.68791],[-122.47015,37.68801],[-122.47009,37.68809],[-122.47006,37.68818],[-122.47003,37.68827],[-122.47003,37.68837],[-122.47003,37.68846],[-122.47003,37.68892],[-122.47006,37.68924],[-122.47006,37.68963],[-122.47006,37.68977],[-122.47007,37.6899],[-122.47008,37.6902],[-122.47009,37.69053],[-122.4701,37.6908],[-122.47011,37.69094],[-122.47013,37.69121],[-122.47028,37.69219],[-122.47029,37.69306],[-122.4703,37.69399],[-122.4703,37.69412],[-122.47031,37.69425],[-122.47031,37.69437],[-122.47031,37.6945],[-122.47033,37.69463],[-122.47034,37.69476],[-122.47035,37.69488],[-122.47038,37.69501],[-122.4704,37.69514],[-122.47043,37.69527],[-122.47046,37.6954],[-122.47049,37.69552],[-122.47053,37.69565],[-122.47058,37.69578],[-122.47062,37.69589],[-122.47066,37.69602],[-122.47069,37.69607],[-122.47071,37.69614],[-122.47099,37.6969],[-122.47103,37.69703],[-122.47107,37.69715],[-122.47109,37.69721],[-122.47113,37.69733],[-122.47116,37.69743],[-122.47119,37.69756],[-122.47122,37.69768],[-122.47124,37.69782],[-122.47126,37.69794],[-122.47128,37.69807],[-122.47129,37.6982],[-122.47129,37.69833],[-122.4713,37.69846],[-122.47134,37.69922],[-122.47142,37.70061],[-122.47132,37.70108],[-122.4713,37.70364],[-122.4713,37.70377],[-122.47129,37.7039],[-122.47128,37.70403],[-122.47127,37.70416],[-122.47125,37.70429],[-122.47123,37.70441],[-122.47121,37.70454],[-122.47118,37.70467],[-122.47115,37.70479],[-122.47113,37.70486],[-122.47108,37.70501],[-122.47102,37.70516],[-122.47097,37.70531],[-122.47091,37.70545],[-122.47085,37.70558],[-122.47079,37.70572],[-122.47072,37.70584],[-122.47065,37.70596],[-122.47058,37.70608],[-122.47051,37.7062],[-122.47043,37.70631],[-122.47036,37.70642],[-122.47028,37.70654],[-122.4702,37.70665],[-122.47011,37.70675],[-122.47002,37.70686],[-122.46993,37.70696],[-122.46986,37.70704],[-122.46986,37.70704],[-122.46984,37.70707],[-122.46973,37.70717],[-122.46962,37.70728],[-122.46888,37.708],[-122.46879,37.70809],[-122.46865,37.70824],[-122.46828,37.70859],[-122.46818,37.70869],[-122.46807,37.70879],[-122.46796,37.70889],[-122.46784,37.70898],[-122.46773,37.70907],[-122.4676,37.70916],[-122.46747,37.70925],[-122.46734,37.70933],[-122.46721,37.70941],[-122.46707,37.70948],[-122.46694,37.70956],[-122.4668,37.70963],[-122.46666,37.7097],[-122.46652,37.70976],[-122.46637,37.70983],[-122.46623,37.70989],[-122.46608,37.70994],[-122.46593,37.71],[-122.46578,37.71005],[-122.46562,37.71009],[-122.46547,37.71014],[-122.46531,37.71018],[-122.46515,37.71021],[-122.46499,37.71025],[-122.46483,37.71028],[-122.46467,37.7103],[-122.46451,37.71032],[-122.46434,37.71034],[-122.46418,37.71036],[-122.46401,37.71037],[-122.46385,37.71038],[-122.46369,37.71038],[-122.46353,37.71038],[-122.46336,37.71039],[-122.46127,37.7104],[-122.45999,37.71041],[-122.45819,37.71043],[-122.45803,37.71043],[-122.45786,37.71043],[-122.45771,37.71044],[-122.45754,37.71046],[-122.45737,37.71047],[-122.45721,37.71049],[-122.45706,37.71052],[-122.45697,37.71053],[-122.45682,37.71055],[-122.45668,37.71058],[-122.45653,37.71062],[-122.45637,37.71065],[-122.45621,37.71069],[-122.45606,37.71074],[-122.45591,37.71078],[-122.45575,37.71084],[-122.45561,37.71088],[-122.45544,37.71095],[-122.4553,37.711],[-122.45522,37.71104],[-122.45515,37.71107],[-122.45501,37.71113],[-122.45493,37.71117],[-122.45493,37.71117],[-122.45493,37.71117],[-122.45487,37.7112],[-122.45473,37.71127],[-122.45459,37.71135],[-122.45446,37.71142],[-122.45433,37.7115],[-122.4542,37.71158],[-122.45407,37.71167],[-122.45395,37.71176],[-122.45383,37.71185],[-122.45372,37.71194],[-122.4536,37.71203],[-122.45304,37.71251],[-122.45214,37.71328],[-122.45158,37.71375],[-122.45101,37.71424],[-122.45011,37.715],[-122.45,37.71509],[-122.44989,37.71519],[-122.44979,37.71529],[-122.44969,37.7154],[-122.44959,37.7155],[-122.44949,37.71561],[-122.4494,37.71572],[-122.44931,37.71583],[-122.44923,37.71594],[-122.44915,37.71605],[-122.44907,37.71617],[-122.449,37.71629],[-122.44893,37.71641],[-122.44886,37.71653],[-122.4488,37.71664],[-122.44875,37.71677],[-122.44869,37.7169],[-122.44864,37.71702],[-122.4486,37.71715],[-122.44856,37.71728],[-122.44852,37.7174],[-122.44849,37.71752],[-122.44846,37.71766],[-122.44844,37.71778],[-122.44842,37.71791],[-122.4484,37.71804],[-122.44839,37.71817],[-122.44837,37.7183],[-122.44835,37.71844],[-122.44831,37.71882],[-122.44805,37.72091],[-122.44799,37.72144],[-122.44797,37.72157],[-122.44796,37.7217],[-122.44794,37.72183],[-122.44792,37.72196],[-122.4479,37.72208],[-122.44787,37.72221],[-122.44784,37.72235],[-122.44781,37.72248],[-122.44778,37.72261],[-122.44775,37.72273],[-122.44771,37.72287],[-122.44767,37.72299],[-122.44763,37.72311],[-122.44759,37.72324],[-122.44755,37.72337],[-122.4475,37.7235],[-122.44745,37.72362],[-122.4474,37.72375],[-122.44739,37.72378],[-122.44738,37.72378],[-122.44734,37.72387],[-122.44729,37.72399],[-122.44723,37.72411],[-122.44717,37.72424],[-122.44711,37.72436],[-122.44705,37.72448],[-122.44701,37.72456],[-122.44701,37.72456],[-122.44698,37.7246],[-122.44692,37.72472],[-122.44685,37.72484],[-122.44678,37.72495],[-122.4467,37.72508],[-122.44662,37.72519],[-122.44655,37.72531],[-122.44647,37.72542],[-122.44639,37.72554],[-122.44631,37.72565],[-122.44622,37.72576],[-122.44614,37.72588],[-122.44605,37.72599],[-122.44596,37.7261],[-122.44587,37.72621],[-122.44578,37.72632],[-122.44569,37.72641],[-122.44568,37.72642],[-122.44558,37.72653],[-122.44556,37.72656],[-122.44549,37.72664],[-122.44538,37.72674],[-122.44528,37.72684],[-122.44518,37.72695],[-122.44507,37.72704],[-122.44496,37.72714],[-122.44485,37.72724],[-122.44474,37.72734],[-122.44463,37.72743],[-122.44451,37.72753],[-122.4444,37.72762],[-122.44428,37.72771],[-122.44415,37.7278],[-122.44403,37.72789],[-122.44391,37.72797],[-122.44378,37.72805],[-122.44365,37.72814],[-122.44358,37.72817],[-122.44352,37.72821],[-122.44345,37.72825],[-122.4434,37.72828],[-122.44338,37.72829],[-122.44325,37.72836],[-122.44319,37.7284],[-122.44311,37.72844],[-122.44297,37.72851],[-122.44283,37.72858],[-122.44269,37.72864],[-122.44254,37.72871],[-122.4424,37.72878],[-122.44226,37.72884],[-122.44211,37.72891],[-122.44197,37.72897],[-122.44182,37.72904],[-122.44167,37.7291],[-122.44154,37.72916],[-122.44139,37.72922],[-122.44128,37.72926],[-122.44083,37.72945],[-122.44072,37.7295],[-122.44057,37.72955],[-122.44042,37.72962],[-122.44027,37.72967],[-122.44013,37.72973],[-122.43998,37.72978],[-122.43982,37.72984],[-122.43968,37.72989],[-122.43953,37.72995],[-122.43937,37.73001],[-122.43928,37.73004],[-122.4392,37.73007],[-122.43908,37.73011],[-122.43892,37.73017],[-122.43878,37.73022],[-122.43862,37.73027],[-122.43847,37.73032],[-122.43832,37.73037],[-122.43816,37.73042],[-122.43802,37.73047],[-122.43786,37.73052],[-122.43771,37.73056],[-122.43756,37.73061],[-122.4374,37.73066],[-122.43725,37.73071],[-122.43709,37.73075],[-122.43694,37.7308],[-122.43679,37.73085],[-122.43663,37.73089],[-122.43648,37.73094],[-122.43632,37.73098],[-122.43617,37.73102],[-122.43601,37.73107],[-122.43586,37.73111],[-122.4357,37.73115],[-122.4355,37.7312],[-122.43533,37.73125],[-122.43517,37.73129],[-122.4338,37.73165],[-122.4338,37.73165],[-122.43379,37.73165],[-122.43297,37.73187],[-122.43281,37.73191],[-122.43265,37.73195],[-122.43249,37.73198],[-122.43233,37.73202],[-122.43217,37.73205],[-122.4321,37.73206],[-122.43195,37.73208],[-122.43178,37.73211],[-122.43161,37.73213],[-122.43149,37.73214],[-122.43145,37.73214],[-122.43127,37.73216],[-122.43111,37.73217],[-122.43094,37.73217],[-122.43078,37.73217],[-122.43061,37.73217],[-122.43045,37.73217],[-122.43028,37.73217],[-122.43011,37.73216],[-122.42995,37.73214],[-122.42979,37.73213],[-122.42962,37.73211],[-122.42946,37.73209],[-122.4293,37.73206],[-122.42914,37.73203],[-122.42898,37.732],[-122.42882,37.73197],[-122.42722,37.73164],[-122.42706,37.73161],[-122.4269,37.73158],[-122.42674,37.73155],[-122.42659,37.73152],[-122.42642,37.7315],[-122.42625,37.73148],[-122.42609,37.73145],[-122.42593,37.73143],[-122.42576,37.73142],[-122.4256,37.7314],[-122.42544,37.73139],[-122.42526,37.73138],[-122.42511,37.73137],[-122.42495,37.73136],[-122.42478,37.73136],[-122.42461,37.73135],[-122.42445,37.73135],[-122.42429,37.73135],[-122.42412,37.73135],[-122.42396,37.73136],[-122.42379,37.73136],[-122.42367,37.73137],[-122.42357,37.73138],[-122.42347,37.73138],[-122.4233,37.73139],[-122.42314,37.73141],[-122.42298,37.73143],[-122.42282,37.73144],[-122.42265,37.73146],[-122.42249,37.73149],[-122.42232,37.73151],[-122.42217,37.73154],[-122.422,37.73156],[-122.42199,37.73156],[-122.42198,37.73156],[-122.42198,37.73156],[-122.42184,37.73159],[-122.42168,37.73161],[-122.42103,37.73171],[-122.42087,37.73174],[-122.42075,37.73175],[-122.42071,37.73176],[-122.42055,37.73178],[-122.42053,37.73178],[-122.42038,37.7318],[-122.42021,37.73182],[-122.42005,37.73183],[-122.41989,37.73184],[-122.41972,37.73185],[-122.41956,37.73186],[-122.4194,37.73186],[-122.41923,37.73186],[-122.41907,37.73186],[-122.4189,37.73186],[-122.41873,37.73186],[-122.41857,37.73186],[-122.41808,37.73185],[-122.41725,37.73184],[-122.41706,37.73184],[-122.41691,37.73184],[-122.41674,37.73184],[-122.41658,37.73185],[-122.41642,37.73186],[-122.41626,37.73187],[-122.4161,37.73189],[-122.41594,37.73191],[-122.41578,37.73193],[-122.41563,37.73195],[-122.41547,37.73198],[-122.41531,37.73201],[-122.41516,37.73204],[-122.41501,37.73208],[-122.41486,37.73212],[-122.41457,37.73219],[-122.41442,37.73224],[-122.4144,37.73225],[-122.41426,37.7323],[-122.41419,37.73232],[-122.41412,37.73235],[-122.41398,37.7324],[-122.41383,37.73246],[-122.41369,37.73252],[-122.41354,37.73258],[-122.4134,37.73264],[-122.41326,37.73271],[-122.41224,37.73311],[-122.41211,37.73316],[-122.41181,37.73329],[-122.41153,37.73342],[-122.41139,37.73348],[-122.41121,37.73355],[-122.40965,37.73416],[-122.40921,37.73434],[-122.40876,37.73452],[-122.40833,37.73468],[-122.40788,37.73483],[-122.4057,37.73554],[-122.40546,37.73562],[-122.40521,37.73572],[-122.40496,37.73582],[-122.40468,37.73597],[-122.40441,37.73611],[-122.40411,37.73627],[-122.40405,37.7363],[-122.40405,37.7363],[-122.40404,37.73631],[-122.40382,37.73642],[-122.40352,37.73659],[-122.40325,37.73676],[-122.40299,37.73692],[-122.40274,37.73708],[-122.40249,37.73725],[-122.40225,37.73743],[-122.40201,37.73761],[-122.40175,37.73781],[-122.40153,37.738],[-122.40129,37.7382],[-122.40105,37.73842],[-122.40082,37.73864],[-122.4006,37.73886],[-122.40038,37.73909],[-122.40029,37.7392],[-122.40016,37.73934],[-122.40011,37.73939],[-122.39972,37.73982],[-122.39715,37.74267],[-122.39645,37.74345],[-122.39624,37.74365],[-122.39604,37.74384],[-122.39579,37.74406],[-122.39558,37.74426],[-122.39536,37.74446],[-122.39511,37.74472],[-122.39488,37.74496],[-122.39467,37.7452],[-122.39449,37.74543],[-122.39431,37.74565],[-122.39414,37.74588],[-122.39398,37.74611],[-122.39382,37.74635],[-122.39367,37.74659],[-122.39353,37.74683],[-122.39182,37.74986],[-122.39171,37.75009],[-122.39161,37.75033],[-122.39152,37.75057],[-122.39144,37.75083],[-122.39137,37.75109],[-122.39132,37.75135],[-122.39127,37.75162],[-122.39125,37.75187],[-122.39123,37.75214],[-122.39123,37.75241],[-122.39125,37.75267],[-122.39128,37.75291],[-122.39133,37.75317],[-122.39138,37.75342],[-122.39145,37.75368],[-122.39153,37.75392],[-122.39191,37.75496],[-122.39199,37.75521],[-122.39199,37.75522],[-122.39199,37.75523],[-122.39206,37.75549],[-122.39212,37.75575],[-122.39217,37.75602],[-122.39221,37.75627],[-122.39224,37.75649],[-122.39223,37.75679],[-122.39221,37.7573],[-122.3922,37.75814],[-122.39222,37.75896],[-122.39222,37.75897],[-122.39222,37.75923],[-122.39224,37.75952],[-122.39225,37.7598],[-122.39227,37.76007],[-122.39236,37.76106],[-122.3925,37.76218],[-122.39255,37.76267],[-122.3926,37.76319],[-122.39263,37.76341],[-122.39266,37.76363],[-122.39272,37.76389],[-122.39278,37.76413],[-122.39286,37.76437],[-122.39295,37.76461],[-122.39304,37.76484],[-122.39319,37.76512],[-122.39334,37.76535],[-122.3935,37.76557],[-122.39366,37.76578],[-122.39385,37.766],[-122.39408,37.76624],[-122.39432,37.76646],[-122.3946,37.76669],[-122.39509,37.76707],[-122.3959,37.7677],[-122.39665,37.7683],[-122.39684,37.76848],[-122.39701,37.76863],[-122.39715,37.76878],[-122.39728,37.76894],[-122.39737,37.7691],[-122.39745,37.76925],[-122.39753,37.76943],[-122.3976,37.76962],[-122.39766,37.76981],[-122.39769,37.76997],[-122.39773,37.77019],[-122.39791,37.77169],[-122.39794,37.77196],[-122.39794,37.77219],[-122.39792,37.77242],[-122.39787,37.77261],[-122.39781,37.7728],[-122.39773,37.77298],[-122.39763,37.77316],[-122.39751,37.77333],[-122.39738,37.7735],[-122.39723,37.77365],[-122.39709,37.77377],[-122.39695,37.77388],[-122.39634,37.77437],[-122.39633,37.77437],[-122.39629,37.77441],[-122.39618,37.7745],[-122.39608,37.77457],[-122.39517,37.77527],[-122.3951,37.77532],[-122.39446,37.77582],[-122.3941,37.7761],[-122.39406,37.77613],[-122.39399,37.77619],[-122.39395,37.77622],[-122.39395,37.77622],[-122.39388,37.77627],[-122.39388,37.77627],[-122.39383,37.77631],[-122.39378,37.77635],[-122.39322,37.77679],[-122.39306,37.77691],[-122.39282,37.77712],[-122.39276,37.77716],[-122.39276,37.77716],[-122.39252,37.77734],[-122.39193,37.77779],[-122.39185,37.77786],[-122.39181,37.77788],[-122.39169,37.77798],[-122.39162,37.77804],[-122.39158,37.77807],[-122.39155,37.77809],[-122.39154,37.7781],[-122.39065,37.77882],[-122.3906,37.77886],[-122.38998,37.77937],[-122.38964,37.77964],[-122.3896,37.77967],[-122.38958,37.77969],[-122.38948,37.77976],[-122.38937,37.77985],[-122.38934,37.77987],[-122.3893,37.77991],[-122.38894,37.78019],[-122.38879,37.78032],[-122.3887,37.78041],[-122.38863,37.78049],[-122.38851,37.78064],[-122.38842,37.78077],[-122.38834,37.78091],[-122.38828,37.78105],[-122.38821,37.78124],[-122.38819,37.78132],[-122.38816,37.78144],[-122.38814,37.78159],[-122.38814,37.78164],[-122.38814,37.78166],[-122.38813,37.78177],[-122.38812,37.78192],[-122.38812,37.78195],[-122.38812,37.78195],[-122.3881,37.78218],[-122.3881,37.78228],[-122.3881,37.7824],[-122.3881,37.78249],[-122.38805,37.7831],[-122.38803,37.78322],[-122.38801,37.78335],[-122.388,37.7834],[-122.388,37.78346],[-122.38794,37.78424],[-122.38792,37.78455],[-122.38791,37.78458],[-122.38791,37.78458],[-122.38791,37.78459],[-122.38791,37.78462],[-122.3879,37.78473],[-122.38789,37.78485],[-122.38783,37.78553],[-122.38781,37.7858],[-122.38781,37.78586],[-122.38779,37.7861],[-122.38777,37.78635],[-122.38772,37.78695],[-122.38772,37.78698],[-122.38771,37.78708],[-122.3877,37.78712],[-122.3877,37.78718],[-122.3877,37.78722],[-122.3877,37.78722],[-122.38769,37.78731],[-122.38769,37.78747],[-122.38769,37.78762],[-122.3877,37.78778],[-122.38772,37.78794],[-122.38775,37.7881],[-122.38778,37.78827],[-122.38794,37.78885],[-122.38799,37.789],[-122.38806,37.78916],[-122.38814,37.78931],[-122.38822,37.78943],[-122.38829,37.78951],[-122.38832,37.78954],[-122.38841,37.78965],[-122.3885,37.78975],[-122.3886,37.78983],[-122.38881,37.79001],[-122.3889,37.79008],[-122.38928,37.79039],[-122.38942,37.7905],[-122.3898,37.79081],[-122.38983,37.79084],[-122.38992,37.79092],[-122.39001,37.79102],[-122.39012,37.79113],[-122.39013,37.79116],[-122.39022,37.79127],[-122.39031,37.7914],[-122.39039,37.79155],[-122.39046,37.79171],[-122.39049,37.79176],[-122.39064,37.79209],[-122.39072,37.79222],[-122.3908,37.79234],[-122.39087,37.79242],[-122.39089,37.79246],[-122.39097,37.79255],[-122.39106,37.79264],[-122.39122,37.79278],[-122.39219,37.7936],[-122.39231,37.79371],[-122.39235,37.79375],[-122.39245,37.79383],[-122.39254,37.79392],[-122.3928,37.79414],[-122.39303,37.79436],[-122.39305,37.79438],[-122.39309,37.79441],[-122.3932,37.79452],[-122.39328,37.79459],[-122.39331,37.79462],[-122.39342,37.79472],[-122.39356,37.79487],[-122.39362,37.79493],[-122.39372,37.79504],[-122.39373,37.79505],[-122.39381,37.79514],[-122.39391,37.79525]]}},{"type":"Feature","properties":{"from":"Hayward","weight":0.917},"geometry":{"type":"LineString","coordinates":[[-122.08088,37.66877],[-122.08086,37.66874],[-122.08081,37.66866],[-122.08076,37.66858],[-122.08071,37.66851],[-122.08067,37.66844],[-122.08061,37.66836],[-122.08056,37.66828],[-122.08054,37.66826],[-122.08054,37.66825],[-122.08051,37.66822],[-122.08037,37.66806],[-122.08022,37.66788],[-122.08013,37.66778],[-122.07991,37.66751],[-122.07981,37.66739],[-122.07965,37.6672],[-122.07954,37.66706],[-122.07928,37.66676],[-122.07923,37.6667],[-122.07921,37.66667],[-122.07914,37.6666],[-122.079,37.66667],[-122.07907,37.66674],[-122.0791,37.66677],[-122.07916,37.66684],[-122.07934,37.66705],[-122.07952,37.66727],[-122.07969,37.66747],[-122.07992,37.66774],[-122.08035,37.66825],[-122.0804,37.66831],[-122.08045,37.66837],[-122.08049,37.66843],[-122.08054,37.6685],[-122.08058,37.66857],[-122.08061,37.66864],[-122.08065,37.66873],[-122.08067,37.66877],[-122.08069,37.66881],[-122.08071,37.66889],[-122.08073,37.66895],[-122.08075,37.66902],[-122.08076,37.66908],[-122.08078,37.66914],[-122.08078,37.66919],[-122.08079,37.66925],[-122.08079,37.66927],[-122.08079,37.66936],[-122.08079,37.66938],[-122.08079,37.66945],[-122.08078,37.66954],[-122.08077,37.66965],[-122.08076,37.66971],[-122.08074,37.66978],[-122.08073,37.66985],[-122.08071,37.66991],[-122.08067,37.66999],[-122.08065,37.67006],[-122.08061,37.67012],[-122.08061,37.67014],[-122.08049,37.67041],[-122.08042,37.67056],[-122.08041,37.67058],[-122.08039,37.67062],[-122.08035,37.67071],[-122.08032,37.67078],[-122.08031,37.67081],[-122.08029,37.67084],[-122.08027,37.6709],[-122.08025,37.67097],[-122.08021,37.6711],[-122.0802,37.67125],[-122.08019,37.6713],[-122.08017,37.67137],[-122.08015,37.67145],[-122.08014,37.67153],[-122.08013,37.67158],[-122.08012,37.67165],[-122.08011,37.67172],[-122.0801,37.67178],[-122.0801,37.67185],[-122.08009,37.67192],[-122.08009,37.67199],[-122.08009,37.67206],[-122.08009,37.67207],[-122.08009,37.67212],[-122.08009,37.67218],[-122.0801,37.67226],[-122.08011,37.67234],[-122.08011,37.67237],[-122.08012,37.67244],[-122.08013,37.67252],[-122.08015,37.67261],[-122.08015,37.67263],[-122.08016,37.67264],[-122.08017,37.67271],[-122.08018,37.67274],[-122.0802,37.6728],[-122.08021,37.67287],[-122.08021,37.67287],[-122.08023,37.67292],[-122.08025,37.67298],[-122.08028,37.67305],[-122.08031,37.67312],[-122.08035,37.67321],[-122.08039,37.6733],[-122.08043,37.67339],[-122.08047,37.67345],[-122.08048,37.67347],[-122.08052,37.67355],[-122.08057,37.67363],[-122.08063,37.6737],[-122.08064,37.67371],[-122.08069,37.67379],[-122.08074,37.67386],[-122.08075,37.67386],[-122.08081,37.67394],[-122.08087,37.67401],[-122.08089,37.67404],[-122.08095,37.6741],[-122.08095,37.6741],[-122.08104,37.6742],[-122.08107,37.67424],[-122.0811,37.67426],[-122.0811,37.67426],[-122.08138,37.67457],[-122.08143,37.67462],[-122.08151,37.6747],[-122.08167,37.67493],[-122.08169,37.67496],[-122.08185,37.67516],[-122.08186,37.67519],[-122.08192,37.67527],[-122.08199,37.67537],[-122.08201,37.6754],[-122.08203,37.67543],[-122.08212,37.67556],[-122.08213,37.67558],[-122.08222,37.67572],[-122.08244,37.67608],[-122.08276,37.6766],[-122.08277,37.67662],[-122.0829,37.67683],[-122.08299,37.67697],[-122.08305,37.67708],[-122.0831,37.67716],[-122.08312,37.67719],[-122.08317,37.67728],[-122.08323,37.67737],[-122.08363,37.67803],[-122.08384,37.67838],[-122.08407,37.67876],[-122.0842,37.67898],[-122.08428,37.6791],[-122.08436,37.67922],[-122.08445,37.67934],[-122.08454,37.67946],[-122.08464,37.67957],[-122.08469,37.67963],[-122.08472,37.67967],[-122.08484,37.67979],[-122.08496,37.6799],[-122.08512,37.68004],[-122.08514,37.68006],[-122.08524,37.68014],[-122.08534,37.68021],[-122.0855,37.68032],[-122.08571,37.68048],[-122.086,37.68069],[-122.08665,37.68116],[-122.08676,37.68125],[-122.087,37.68142],[-122.08712,37.6815],[-122.08748,37.68177],[-122.08777,37.68198],[-122.08801,37.68216],[-122.08808,37.68221],[-122.08833,37.68239],[-122.0884,37.68245],[-122.08858,37.68257],[-122.08876,37.68271],[-122.08878,37.68272],[-122.08899,37.68288],[-122.08915,37.683],[-122.08918,37.68303],[-122.08953,37.68327],[-122.08958,37.68331],[-122.08966,37.68337],[-122.08993,37.68356],[-122.09004,37.68364],[-122.09007,37.68366],[-122.09015,37.68372],[-122.09025,37.68379],[-122.0906,37.68406],[-122.0908,37.6842],[-122.09102,37.68437],[-122.09104,37.68438],[-122.09118,37.68448],[-122.09145,37.68466],[-122.09157,37.68474],[-122.09162,37.68477],[-122.09196,37.68502],[-122.09213,37.68519],[-122.09217,37.68522],[-122.0922,37.68526],[-122.09222,37.68529],[-122.09225,37.68533],[-122.09229,37.68538],[-122.09234,37.68546],[-122.09243,37.68561],[-122.0928,37.68621],[-122.09284,37.68627],[-122.09288,37.68634],[-122.09292,37.68639],[-122.09296,37.68646],[-122.09301,37.68651],[-122.09305,37.68657],[-122.0931,37.68663],[-122.09315,37.68669],[-122.0932,37.68675],[-122.09325,37.68681],[-122.0933,37.68687],[-122.09336,37.68692],[-122.09341,37.68698],[-122.09347,37.68703],[-122.09353,37.68709],[-122.09358,37.68713],[-122.09364,37.68718],[-122.0937,37.68723],[-122.09376,37.68728],[-122.09382,37.68733],[-122.09388,37.68738],[-122.09395,37.68742],[-122.09402,37.68747],[-122.09409,37.68751],[-122.09415,37.68756],[-122.09422,37.6876],[-122.09508,37.68813],[-122.09518,37.6882],[-122.09527,37.68826],[-122.09539,37.68834],[-122.09588,37.68865],[-122.09602,37.68874],[-122.09628,37.6889],[-122.09643,37.68899],[-122.09654,37.68906],[-122.09681,37.68923],[-122.09715,37.68946],[-122.09748,37.68967],[-122.09937,37.6909],[-122.09951,37.69099],[-122.09965,37.69109],[-122.09978,37.69117],[-122.0999,37.69125],[-122.10003,37.69134],[-122.10016,37.69143],[-122.10028,37.69151],[-122.1004,37.6916],[-122.10052,37.6917],[-122.10064,37.69178],[-122.10074,37.69187],[-122.10085,37.69195],[-122.10097,37.69205],[-122.10109,37.69215],[-122.10121,37.69225],[-122.10132,37.69235],[-122.10143,37.69244],[-122.10155,37.69255],[-122.10165,37.69265],[-122.10223,37.69325],[-122.10287,37.69405],[-122.10398,37.6953],[-122.10434,37.6957],[-122.10599,37.69754],[-122.10738,37.6991],[-122.10748,37.69921],[-122.10757,37.69931],[-122.10767,37.69942],[-122.10777,37.69953],[-122.10788,37.69963],[-122.10798,37.69973],[-122.1081,37.69984],[-122.10813,37.69986],[-122.10819,37.69991],[-122.10841,37.70013],[-122.10852,37.70021],[-122.10856,37.70025],[-122.10863,37.70031],[-122.10875,37.7004],[-122.10886,37.70049],[-122.10899,37.70059],[-122.1091,37.70067],[-122.10923,37.70076],[-122.10935,37.70085],[-122.10948,37.70094],[-122.10961,37.70102],[-122.10974,37.70111],[-122.10987,37.70119],[-122.10995,37.70124],[-122.10995,37.70124],[-122.11252,37.70282],[-122.11253,37.70282],[-122.11275,37.70296],[-122.11329,37.70329],[-122.11375,37.70357],[-122.11448,37.70403],[-122.11499,37.70433],[-122.11541,37.70459],[-122.11581,37.70483],[-122.1162,37.70504],[-122.11661,37.70526],[-122.11701,37.70546],[-122.11738,37.70565],[-122.11859,37.70619],[-122.11996,37.70683],[-122.12029,37.70697],[-122.12058,37.70712],[-122.12088,37.70728],[-122.12117,37.70745],[-122.12145,37.70764],[-122.12173,37.70786],[-122.12199,37.70806],[-122.12289,37.70878],[-122.1239,37.70958],[-122.12413,37.70974],[-122.12435,37.7099],[-122.12459,37.71006],[-122.12485,37.71023],[-122.12514,37.7104],[-122.12544,37.71057],[-122.12575,37.71073],[-122.12591,37.71081],[-122.12591,37.71081],[-122.12591,37.71082],[-122.12769,37.71172],[-122.12797,37.71187],[-122.12822,37.71201],[-122.12848,37.71217],[-122.12873,37.71233],[-122.129,37.71252],[-122.12927,37.71272],[-122.12952,37.71293],[-122.12977,37.71314],[-122.13,37.71336],[-122.13024,37.71359],[-122.13046,37.71382],[-122.13065,37.71404],[-122.13083,37.7143],[-122.13116,37.71477],[-122.13131,37.71497],[-122.13145,37.71521],[-122.13159,37.71547],[-122.13172,37.71571],[-122.13223,37.71678],[-122.13241,37.71716],[-122.13249,37.7173],[-122.13249,37.71731],[-122.13276,37.71786],[-122.13303,37.71839],[-122.13327,37.71885],[-122.13342,37.71913],[-122.13357,37.71939],[-122.13372,37.71963],[-122.13387,37.71989],[-122.13402,37.72013],[-122.1342,37.7204],[-122.13439,37.72068],[-122.13458,37.72095],[-122.13479,37.72125],[-122.13502,37.72155],[-122.13523,37.72182],[-122.13578,37.72251],[-122.13637,37.72328],[-122.13637,37.72328],[-122.13666,37.72365],[-122.1368,37.72385],[-122.13693,37.72404],[-122.13706,37.72426],[-122.13716,37.72446],[-122.13725,37.72465],[-122.13731,37.72477],[-122.13735,37.72486],[-122.13742,37.72504],[-122.13749,37.72521],[-122.13756,37.72543],[-122.13761,37.72563],[-122.13766,37.72583],[-122.1377,37.72603],[-122.13774,37.72623],[-122.13792,37.72745],[-122.13792,37.72745],[-122.138,37.72795],[-122.13803,37.72815],[-122.13805,37.72829],[-122.13808,37.72844],[-122.13811,37.7286],[-122.13816,37.72883],[-122.13822,37.72907],[-122.13829,37.72933],[-122.13836,37.72961],[-122.13847,37.72997],[-122.13863,37.73054],[-122.13881,37.73119],[-122.13899,37.73179],[-122.1391,37.73218],[-122.13922,37.7326],[-122.13932,37.73302],[-122.13945,37.73357],[-122.13963,37.73436],[-122.13971,37.73472],[-122.13999,37.73594],[-122.14005,37.73617],[-122.14012,37.7364],[-122.14021,37.73665],[-122.14032,37.7369],[-122.14045,37.73714],[-122.14061,37.7374],[-122.14071,37.73754],[-122.14081,37.73768],[-122.14092,37.73781],[-122.14109,37.73801],[-122.14127,37.73821],[-122.14147,37.73839],[-122.1415,37.73842],[-122.1415,37.73842],[-122.14169,37.73857],[-122.14306,37.73965],[-122.1433,37.73985],[-122.14352,37.74004],[-122.14371,37.74024],[-122.14389,37.74043],[-122.14407,37.74064],[-122.14424,37.74087],[-122.14513,37.74206],[-122.14526,37.74222],[-122.14538,37.74237],[-122.14551,37.74253],[-122.14565,37.74267],[-122.14579,37.74281],[-122.14593,37.74294],[-122.14606,37.74306],[-122.14622,37.7432],[-122.14639,37.74333],[-122.1466,37.74348],[-122.14733,37.74399],[-122.1476,37.74419],[-122.14784,37.74437],[-122.14807,37.74456],[-122.14832,37.74478],[-122.14853,37.74498],[-122.1487,37.74517],[-122.14886,37.74537],[-122.14904,37.74562],[-122.14918,37.74583],[-122.14931,37.74604],[-122.14943,37.74627],[-122.14947,37.74635],[-122.14947,37.74635],[-122.14947,37.74636],[-122.14955,37.7465],[-122.15046,37.74838],[-122.1514,37.75031],[-122.15149,37.75052],[-122.15155,37.75068],[-122.15159,37.75084],[-122.15162,37.75094],[-122.15166,37.75118],[-122.15168,37.75137],[-122.1517,37.7516],[-122.15171,37.75183],[-122.1517,37.75205],[-122.15167,37.75227],[-122.15161,37.75252],[-122.15155,37.75277],[-122.15148,37.753],[-122.1514,37.75322],[-122.1513,37.75344],[-122.15118,37.75366],[-122.15106,37.75385],[-122.15089,37.75407],[-122.15072,37.75426],[-122.15054,37.75446],[-122.15035,37.75464],[-122.14997,37.75499],[-122.14997,37.75499],[-122.14919,37.7557],[-122.14897,37.7559],[-122.14877,37.75612],[-122.14858,37.75634],[-122.1484,37.75658],[-122.14825,37.75682],[-122.1481,37.75709],[-122.14798,37.75737],[-122.14789,37.75763],[-122.14781,37.75791],[-122.14775,37.75821],[-122.14772,37.75851],[-122.14772,37.75883],[-122.14774,37.7591],[-122.14778,37.75938],[-122.14784,37.75965],[-122.14792,37.75991],[-122.14801,37.76017],[-122.14812,37.76042],[-122.14825,37.7607],[-122.14839,37.76098],[-122.14856,37.76127],[-122.1487,37.7615],[-122.14886,37.76176],[-122.14992,37.76335],[-122.1501,37.76361],[-122.15029,37.76387],[-122.15049,37.76413],[-122.1507,37.7644],[-122.15093,37.76468],[-122.1516,37.76548],[-122.15181,37.76574],[-122.15201,37.76599],[-122.15222,37.76629],[-122.15241,37.76658],[-122.15259,37.76686],[-122.15367,37.7687],[-122.15388,37.769],[-122.1542,37.76951],[-122.15436,37.76977],[-122.15455,37.77005],[-122.15474,37.77031],[-122.15493,37.77055],[-122.15493,37.77056],[-122.15498,37.77061],[-122.1552,37.77089],[-122.15546,37.77117],[-122.15574,37.77147],[-122.15603,37.77175],[-122.15634,37.77204],[-122.15664,37.7723],[-122.15695,37.77255],[-122.15729,37.7728],[-122.15753,37.77298],[-122.15753,37.77298],[-122.15765,37.77307],[-122.15802,37.77331],[-122.1584,37.77355],[-122.15877,37.77376],[-122.15914,37.77396],[-122.1595,37.77414],[-122.16164,37.77524],[-122.16246,37.77565],[-122.16298,37.77591],[-122.16345,37.77613],[-122.16389,37.77635],[-122.16422,37.7765],[-122.16497,37.77684],[-122.16497,37.77684],[-122.16797,37.7782],[-122.16845,37.77843],[-122.16888,37.77865],[-122.16991,37.77921],[-122.17029,37.77942],[-122.17183,37.7802],[-122.17197,37.78027],[-122.17289,37.78074],[-122.17289,37.78074],[-122.17307,37.78083],[-122.17336,37.78099],[-122.17364,37.78114],[-122.17383,37.78125],[-122.17391,37.7813],[-122.17392,37.78131],[-122.17507,37.782],[-122.17609,37.78265],[-122.17673,37.78306],[-122.17701,37.78323],[-122.17729,37.78338],[-122.1776,37.78352],[-122.17791,37.78364],[-122.17824,37.78375],[-122.17846,37.78381],[-122.17846,37.78381],[-122.17859,37.78385],[-122.17895,37.78393],[-122.17927,37.78398],[-122.17959,37.78401],[-122.17993,37.78404],[-122.18051,37.78406],[-122.18089,37.78407],[-122.18161,37.7841],[-122.18162,37.7841],[-122.18323,37.78415],[-122.18363,37.78417],[-122.18642,37.78426],[-122.18684,37.78427],[-122.18722,37.7843],[-122.18764,37.78434],[-122.18805,37.78438],[-122.18846,37.78443],[-122.18887,37.78449],[-122.18926,37.78455],[-122.18961,37.78461],[-122.18999,37.78468],[-122.19037,37.78477],[-122.19055,37.78481],[-122.19056,37.78481],[-122.19075,37.78486],[-122.19114,37.78496],[-122.19151,37.78506],[-122.19184,37.78516],[-122.19221,37.78527],[-122.1926,37.7854],[-122.19302,37.78556],[-122.19331,37.78567],[-122.19339,37.7857],[-122.19351,37.78575],[-122.19379,37.78587],[-122.19433,37.78611],[-122.19482,37.78634],[-122.19563,37.78675],[-122.19595,37.78691],[-122.1969,37.78739],[-122.1969,37.78739],[-122.19854,37.7882],[-122.19897,37.78843],[-122.19935,37.78864],[-122.19974,37.78888],[-122.20011,37.78913],[-122.2002,37.78921],[-122.20027,37.78926],[-122.20031,37.78929],[-122.20047,37.78941],[-122.20048,37.78942],[-122.20052,37.78945],[-122.20082,37.7897],[-122.20117,37.79003],[-122.2015,37.79036],[-122.2031,37.7921],[-122.20312,37.79212],[-122.20312,37.79213],[-122.2032,37.79221],[-122.20334,37.79236],[-122.20338,37.7924],[-122.20359,37.79263],[-122.20385,37.79289],[-122.2041,37.79313],[-122.20438,37.79338],[-122.20453,37.7935],[-122.20453,37.7935],[-122.20469,37.79363],[-122.205,37.79387],[-122.20531,37.79408],[-122.20562,37.79428],[-122.20597,37.79449],[-122.20635,37.79469],[-122.20669,37.79485],[-122.20705,37.79502],[-122.20742,37.79519],[-122.21009,37.79644],[-122.2104,37.79658],[-122.21079,37.79674],[-122.21121,37.79689],[-122.21166,37.79705],[-122.21207,37.79717],[-122.21249,37.79728],[-122.2153,37.79798],[-122.21722,37.79846],[-122.21848,37.79877],[-122.21933,37.79898],[-122.22007,37.79915],[-122.22087,37.79933],[-122.2216,37.79949],[-122.22308,37.7998],[-122.22454,37.80011],[-122.22641,37.80048],[-122.22701,37.8006],[-122.22739,37.80069],[-122.22776,37.80078],[-122.22813,37.80089],[-122.22846,37.801],[-122.22877,37.80112],[-122.22909,37.80127],[-122.22931,37.80137],[-122.22955,37.80149],[-122.22979,37.80163],[-122.23001,37.80176],[-122.23021,37.80188],[-122.23045,37.80206],[-122.23071,37.80226],[-122.23267,37.80385],[-122.23303,37.80412],[-122.23334,37.80434],[-122.23364,37.80455],[-122.23406,37.80483],[-122.23413,37.80488],[-122.23445,37.80507],[-122.23488,37.80532],[-122.23505,37.80541],[-122.23506,37.80542],[-122.2353,37.80555],[-122.23536,37.80558],[-122.23536,37.80558],[-122.23569,37.80575],[-122.23611,37.80595],[-122.23666,37.80621],[-122.23734,37.80652],[-122.23861,37.80711],[-122.24015,37.80782],[-122.24057,37.80801],[-122.24099,37.80817],[-122.24188,37.80852],[-122.24202,37.80857],[-122.2422,37.80862],[-122.24256,37.80874],[-122.24261,37.80876],[-122.24262,37.80876],[-122.24279,37.80881],[-122.24327,37.80894],[-122.24435,37.80924],[-122.24435,37.80925],[-122.24612,37.80974],[-122.24765,37.81018],[-122.248,37.81029],[-122.24831,37.81041],[-122.24865,37.81055],[-122.24892,37.81069],[-122.24901,37.81075],[-122.24914,37.81084],[-122.24934,37.81098],[-122.24951,37.81114],[-122.24967,37.8113],[-122.24981,37.81146],[-122.24994,37.81164],[-122.25006,37.81182],[-122.25015,37.81198],[-122.25024,37.81218],[-122.25031,37.81236],[-122.25036,37.81254],[-122.25056,37.81325],[-122.25056,37.81325],[-122.25056,37.81325],[-122.25096,37.81469],[-122.25113,37.81525],[-122.25141,37.81614],[-122.25152,37.81641],[-122.25168,37.81674],[-122.25186,37.81706],[-122.25204,37.81734],[-122.25225,37.81762],[-122.25245,37.81787],[-122.25269,37.81814],[-122.25294,37.81839],[-122.2532,37.81862],[-122.25347,37.81884],[-122.25372,37.81904],[-122.25395,37.81921],[-122.25421,37.8194],[-122.25471,37.81974],[-122.25513,37.82002],[-122.25523,37.82008],[-122.25554,37.82027],[-122.25601,37.82055],[-122.25643,37.82078],[-122.25685,37.82099],[-122.25727,37.8212],[-122.25778,37.82146],[-122.25828,37.82169],[-122.25871,37.82187],[-122.25907,37.82202],[-122.25933,37.82213],[-122.25973,37.82228],[-122.26009,37.82241],[-122.26012,37.82241],[-122.26104,37.82272],[-122.26128,37.8228],[-122.26155,37.82287],[-122.26164,37.82289],[-122.26178,37.82293],[-122.26225,37.82304],[-122.26296,37.82319],[-122.26302,37.8232],[-122.26404,37.82341],[-122.26417,37.82344],[-122.2649,37.82359],[-122.2656,37.82374],[-122.26619,37.82387],[-122.26767,37.82423],[-122.26873,37.82447],[-122.26944,37.82465],[-122.26992,37.82476],[-122.27106,37.82504],[-122.27106,37.82504],[-122.27199,37.82525],[-122.27248,37.82537],[-122.27435,37.82582],[-122.27496,37.82596],[-122.27544,37.82606],[-122.2765,37.82632],[-122.27777,37.82663],[-122.27811,37.82672],[-122.27882,37.82688],[-122.2808,37.82735],[-122.28097,37.82739],[-122.28113,37.82742],[-122.28129,37.82746],[-122.28145,37.82749],[-122.28162,37.82751],[-122.28179,37.82753],[-122.28196,37.82755],[-122.28213,37.82756],[-122.28231,37.82757],[-122.28248,37.82758],[-122.28265,37.82758],[-122.28282,37.82758],[-122.28299,37.82757],[-122.28316,37.82756],[-122.28333,37.82754],[-122.2835,37.82752],[-122.28366,37.8275],[-122.28384,37.82747],[-122.28401,37.82744],[-122.28417,37.82741],[-122.28432,37.82738],[-122.28448,37.82735],[-122.28483,37.82726],[-122.2856,37.82704],[-122.28576,37.827],[-122.28592,37.82696],[-122.28624,37.82689],[-122.2864,37.82685],[-122.28655,37.82681],[-122.28671,37.82677],[-122.28674,37.82676],[-122.28674,37.82676],[-122.28674,37.82676],[-122.28687,37.82673],[-122.28702,37.82669],[-122.28718,37.82666],[-122.28735,37.82662],[-122.28751,37.82659],[-122.28767,37.82657],[-122.28783,37.82655],[-122.28799,37.82654],[-122.28816,37.82653],[-122.28833,37.82653],[-122.28849,37.82653],[-122.28866,37.82654],[-122.28882,37.82655],[-122.28899,37.82657],[-122.28915,37.82659],[-122.28931,37.82662],[-122.28947,37.82666],[-122.28963,37.8267],[-122.28979,37.82674],[-122.28994,37.82679],[-122.29009,37.82685],[-122.29024,37.8269],[-122.29039,37.82697],[-122.29053,37.82704],[-122.29066,37.82711],[-122.29081,37.82718],[-122.29108,37.82732],[-122.29137,37.82747],[-122.29163,37.8276],[-122.29177,37.82767],[-122.29191,37.82773],[-122.29206,37.82779],[-122.29221,37.82785],[-122.29236,37.8279],[-122.29252,37.82794],[-122.29268,37.82798],[-122.29284,37.82802],[-122.29301,37.82804],[-122.29317,37.82806],[-122.29333,37.82808],[-122.2935,37.82808],[-122.29367,37.82808],[-122.29383,37.82808],[-122.294,37.82807],[-122.29417,37.82805],[-122.29433,37.82802],[-122.29449,37.82799],[-122.29465,37.82796],[-122.2948,37.82792],[-122.29496,37.82787],[-122.29511,37.82782],[-122.29527,37.82776],[-122.29541,37.8277],[-122.29585,37.82752],[-122.296,37.82746],[-122.29615,37.8274],[-122.2963,37.82735],[-122.29643,37.8273],[-122.2966,37.82724],[-122.29676,37.8272],[-122.2969,37.82716],[-122.29692,37.82715],[-122.29707,37.82711],[-122.29724,37.82707],[-122.29739,37.82703],[-122.29755,37.82699],[-122.29771,37.82696],[-122.29787,37.82692],[-122.29803,37.82688],[-122.29819,37.82685],[-122.29835,37.82681],[-122.29867,37.82674],[-122.29963,37.82653],[-122.30007,37.82645],[-122.30082,37.82633],[-122.301,37.82629],[-122.30107,37.82628],[-122.30259,37.82594],[-122.30306,37.82584],[-122.30422,37.82561],[-122.30434,37.82559],[-122.30447,37.82556],[-122.30455,37.82554],[-122.3055,37.82533],[-122.30565,37.8253],[-122.30581,37.82527],[-122.30612,37.82523],[-122.30645,37.82519],[-122.30677,37.82515],[-122.3071,37.82511],[-122.30742,37.82507],[-122.30775,37.82504],[-122.30808,37.82501],[-122.3084,37.82498],[-122.30873,37.82495],[-122.30905,37.82493],[-122.30938,37.82491],[-122.3097,37.82489],[-122.3098,37.82488],[-122.3098,37.82488],[-122.31002,37.82487],[-122.31047,37.82485],[-122.31091,37.82484],[-122.31092,37.82484],[-122.31097,37.82483],[-122.31104,37.82482],[-122.31177,37.82473],[-122.31179,37.82472],[-122.31187,37.82471],[-122.31196,37.82471],[-122.31207,37.8247],[-122.31207,37.8247],[-122.31245,37.82467],[-122.31254,37.82466],[-122.31277,37.82463],[-122.31285,37.82462],[-122.31286,37.82462],[-122.31288,37.82462],[-122.31307,37.82459],[-122.3132,37.82457],[-122.31368,37.8245],[-122.31369,37.8245],[-122.31383,37.82448],[-122.31396,37.82446],[-122.31396,37.82446],[-122.31478,37.82434],[-122.3151,37.8243],[-122.31542,37.82425],[-122.31559,37.82423],[-122.31575,37.8242],[-122.31591,37.82418],[-122.31607,37.82415],[-122.31639,37.8241],[-122.31672,37.82404],[-122.31707,37.82398],[-122.31748,37.82391],[-122.31791,37.82382],[-122.31821,37.82375],[-122.31854,37.82367],[-122.31897,37.82354],[-122.31986,37.82322],[-122.32046,37.82304],[-122.32123,37.82286],[-122.32143,37.82282],[-122.32164,37.82278],[-122.32181,37.82276],[-122.3227,37.82263],[-122.32282,37.82261],[-122.32295,37.82259],[-122.32312,37.82257],[-122.32327,37.82255],[-122.32344,37.82253],[-122.3236,37.82252],[-122.32376,37.8225],[-122.32393,37.82248],[-122.32409,37.82247],[-122.32425,37.82245],[-122.32765,37.8222],[-122.32776,37.82219],[-122.32818,37.82216],[-122.3285,37.82213],[-122.32883,37.8221],[-122.32916,37.82207],[-122.32949,37.82205],[-122.32982,37.82202],[-122.33014,37.82198],[-122.33047,37.82195],[-122.3308,37.82191],[-122.33113,37.82188],[-122.33145,37.82184],[-122.33178,37.8218],[-122.3321,37.82176],[-122.33243,37.82172],[-122.33275,37.82168],[-122.33308,37.82164],[-122.33341,37.82159],[-122.33369,37.82155],[-122.34152,37.8204],[-122.3498,37.81919],[-122.34996,37.81917],[-122.35012,37.81915],[-122.35028,37.81912],[-122.35044,37.81909],[-122.35061,37.81907],[-122.35076,37.81903],[-122.35092,37.819],[-122.35108,37.81897],[-122.35124,37.81893],[-122.3514,37.8189],[-122.35156,37.81886],[-122.35172,37.81882],[-122.35187,37.81877],[-122.35203,37.81873],[-122.35218,37.81869],[-122.35234,37.81864],[-122.35249,37.81859],[-122.35264,37.81854],[-122.3528,37.81849],[-122.35295,37.81844],[-122.35309,37.81838],[-122.35325,37.81832],[-122.35339,37.81826],[-122.35354,37.8182],[-122.35369,37.81814],[-122.35383,37.81808],[-122.35398,37.81802],[-122.35412,37.81795],[-122.35426,37.81788],[-122.3544,37.81782],[-122.35454,37.81775],[-122.35468,37.81767],[-122.35482,37.8176],[-122.35496,37.81753],[-122.35509,37.81745],[-122.35523,37.81737],[-122.36031,37.81447],[-122.36038,37.81443],[-122.36045,37.81439],[-122.36059,37.8143],[-122.36072,37.81422],[-122.36085,37.81414],[-122.36097,37.81405],[-122.36109,37.81397],[-122.36132,37.81381],[-122.3614,37.81375],[-122.36145,37.81371],[-122.36156,37.81362],[-122.36168,37.81353],[-122.36179,37.81344],[-122.3619,37.81334],[-122.362,37.81325],[-122.36211,37.81315],[-122.36222,37.81305],[-122.36231,37.81295],[-122.36241,37.81285],[-122.36251,37.81275],[-122.36261,37.81265],[-122.36271,37.81254],[-122.36339,37.81179],[-122.36339,37.81179],[-122.36355,37.81162],[-122.36365,37.81151],[-122.36382,37.81134],[-122.36396,37.8112],[-122.36417,37.811],[-122.36447,37.81071],[-122.36472,37.81047],[-122.36506,37.81017],[-122.36507,37.81016],[-122.36632,37.80898],[-122.36636,37.80895],[-122.36675,37.80858],[-122.36726,37.8081],[-122.36729,37.80808],[-122.3904,37.7865],[-122.39073,37.7862],[-122.39123,37.78583],[-122.39183,37.78547],[-122.39185,37.78546],[-122.39192,37.78533],[-122.39209,37.78522],[-122.39226,37.78512],[-122.39243,37.78502],[-122.39292,37.78473],[-122.39303,37.78465],[-122.3931,37.78461],[-122.39315,37.78457],[-122.39319,37.78453],[-122.39322,37.78449],[-122.39324,37.78444],[-122.39326,37.78439],[-122.39326,37.78434],[-122.39326,37.78429],[-122.39324,37.78423],[-122.39322,37.78417],[-122.39318,37.78413],[-122.39313,37.78408],[-122.39307,37.78404],[-122.393,37.78401],[-122.39292,37.78398],[-122.39284,37.78397],[-122.39275,37.78398],[-122.39268,37.78399],[-122.39261,37.78401],[-122.39254,37.78404],[-122.39248,37.78408],[-122.39244,37.78411],[-122.39167,37.78483],[-122.3916,37.78489],[-122.39155,37.78494],[-122.39151,37.78499],[-122.39147,37.78504],[-122.39143,37.7851],[-122.39141,37.78517],[-122.39139,37.78523],[-122.39138,37.7853],[-122.39137,37.78536],[-122.39137,37.78542],[-122.39138,37.78549],[-122.3914,37.78555],[-122.39143,37.78563],[-122.39146,37.78569],[-122.39152,37.78579],[-122.39155,37.78585],[-122.39158,37.7859],[-122.39159,37.78596],[-122.39161,37.78602],[-122.39169,37.7863],[-122.39172,37.7864],[-122.39175,37.78645],[-122.39177,37.7865],[-122.39181,37.78654],[-122.39186,37.7866],[-122.39198,37.7867],[-122.39208,37.78677],[-122.39198,37.78684],[-122.39175,37.78702],[-122.39162,37.78713],[-122.39141,37.7873],[-122.39099,37.78763],[-122.39062,37.78792],[-122.39059,37.78794],[-122.3904,37.78809],[-122.39032,37.78815],[-122.39024,37.78822],[-122.38989,37.78849],[-122.38952,37.78878],[-122.38947,37.78882],[-122.38943,37.78885],[-122.38936,37.78891],[-122.38898,37.78921],[-122.38872,37.78942],[-122.38869,37.78944],[-122.38862,37.7895],[-122.38853,37.78955],[-122.38847,37.7896],[-122.38841,37.78965],[-122.3885,37.78975],[-122.3886,37.78983],[-122.38881,37.79001],[-122.3889,37.79008],[-122.38928,37.79039],[-122.38942,37.7905],[-122.3898,37.79081],[-122.38983,37.79084],[-122.38992,37.79092],[-122.39001,37.79102],[-122.39012,37.79113],[-122.39013,37.79116],[-122.39022,37.79127],[-122.39031,37.7914],[-122.39039,37.79155],[-122.39046,37.79171],[-122.39049,37.79176],[-122.39064,37.79209],[-122.39072,37.79222],[-122.3908,37.79234],[-122.39087,37.79242],[-122.39089,37.79246],[-122.39097,37.79255],[-122.39106,37.79264],[-122.39122,37.79278],[-122.39219,37.7936],[-122.39231,37.79371],[-122.39235,37.79375],[-122.39245,37.79383],[-122.39254,37.79392],[-122.3928,37.79414],[-122.39303,37.79436],[-122.39305,37.79438],[-122.39309,37.79441],[-122.3932,37.79452],[-122.39328,37.79459],[-122.39331,37.79462],[-122.39342,37.79472],[-122.39356,37.79487],[-122.39362,37.79493],[-122.39372,37.79504],[-122.39373,37.79505],[-122.39381,37.79514],[-122.39391,37.79525]]}},{"type":"Feature","properties":{"from":"Oakland","weight":0.393},"geometry":{"type":"LineString","coordinates":[[-122.27112,37.80443],[-122.27119,37.80432],[-122.27124,37.80423],[-122.27126,37.80421],[-122.27127,37.80419],[-122.27139,37.804],[-122.27141,37.80397],[-122.2715,37.80382],[-122.27152,37.8038],[-122.27161,37.80366],[-122.27162,37.80363],[-122.27165,37.80359],[-122.27167,37.80356],[-122.27169,37.80353],[-122.27179,37.80336],[-122.27198,37.80307],[-122.272,37.80303],[-122.27206,37.80295],[-122.27221,37.80301],[-122.27249,37.80312],[-122.2729,37.80328],[-122.27299,37.80331],[-122.2731,37.80336],[-122.27336,37.80346],[-122.27382,37.80364],[-122.27437,37.80386],[-122.27447,37.80389],[-122.27457,37.80394],[-122.27495,37.80409],[-122.27555,37.80432],[-122.27561,37.80435],[-122.27565,37.80436],[-122.27571,37.80439],[-122.27578,37.80441],[-122.27672,37.80479],[-122.27683,37.80483],[-122.27694,37.80487],[-122.27715,37.80495],[-122.27756,37.80511],[-122.2779,37.80524],[-122.27801,37.80529],[-122.27799,37.8054],[-122.27798,37.80551],[-122.27797,37.80565],[-122.27797,37.80569],[-122.27797,37.80573],[-122.27798,37.80576],[-122.27799,37.8058],[-122.27799,37.80585],[-122.278,37.80589],[-122.278,37.80594],[-122.278,37.80598],[-122.27799,37.80603],[-122.27799,37.80607],[-122.27797,37.80611],[-122.27796,37.80615],[-122.27795,37.80619],[-122.27793,37.80623],[-122.27791,37.80627],[-122.27787,37.80633],[-122.27735,37.80722],[-122.27705,37.80775],[-122.27694,37.80794],[-122.27684,37.80812],[-122.27673,37.80829],[-122.27662,37.80847],[-122.27651,37.80864],[-122.27621,37.8091],[-122.27605,37.80934],[-122.27582,37.80967],[-122.2757,37.80985],[-122.27553,37.81011],[-122.27545,37.81025],[-122.27529,37.81051],[-122.2752,37.81062],[-122.27512,37.81073],[-122.2751,37.81075],[-122.2751,37.81075],[-122.27503,37.81084],[-122.27493,37.81095],[-122.27483,37.81106],[-122.27473,37.81117],[-122.27463,37.81127],[-122.27453,37.81137],[-122.27442,37.81148],[-122.27431,37.81158],[-122.2742,37.81168],[-122.27397,37.81189],[-122.27303,37.81272],[-122.27208,37.81357],[-122.27191,37.81372],[-122.27181,37.81381],[-122.27171,37.81391],[-122.27161,37.81401],[-122.27151,37.81411],[-122.27141,37.81422],[-122.27134,37.8143],[-122.27124,37.81442],[-122.27115,37.81454],[-122.27107,37.81465],[-122.271,37.81476],[-122.27093,37.81488],[-122.27085,37.815],[-122.27079,37.81512],[-122.27072,37.81525],[-122.27066,37.81537],[-122.27061,37.81548],[-122.27056,37.81561],[-122.27052,37.81573],[-122.27048,37.81586],[-122.27044,37.81599],[-122.2704,37.81612],[-122.27037,37.81624],[-122.27033,37.81637],[-122.27015,37.81674],[-122.2701,37.81685],[-122.27007,37.81695],[-122.26994,37.81737],[-122.2699,37.81749],[-122.26986,37.81762],[-122.26954,37.8186],[-122.26944,37.81892],[-122.26934,37.81923],[-122.26923,37.81955],[-122.26897,37.82046],[-122.26894,37.82055],[-122.26882,37.82111],[-122.2685,37.82223],[-122.2685,37.82224],[-122.26847,37.82235],[-122.26845,37.82242],[-122.26843,37.82248],[-122.26842,37.82255],[-122.26841,37.82261],[-122.2684,37.82267],[-122.2684,37.82274],[-122.26839,37.8228],[-122.26839,37.82287],[-122.26839,37.82294],[-122.2684,37.82301],[-122.2684,37.82307],[-122.26841,37.82313],[-122.26842,37.8232],[-122.26843,37.82326],[-122.26845,37.82333],[-122.26846,37.82339],[-122.26848,37.82346],[-122.26851,37.82352],[-122.26853,37.82359],[-122.26853,37.82359],[-122.26856,37.82365],[-122.26858,37.82371],[-122.26861,37.82378],[-122.26865,37.82384],[-122.26868,37.82389],[-122.26872,37.82395],[-122.26875,37.82401],[-122.26879,37.82407],[-122.26883,37.82412],[-122.26888,37.82418],[-122.26892,37.82423],[-122.26897,37.82429],[-122.26902,37.82434],[-122.26907,37.82439],[-122.26912,37.82444],[-122.26913,37.82444],[-122.26918,37.82449],[-122.26924,37.82453],[-122.2693,37.82458],[-122.26933,37.8246],[-122.26936,37.82462],[-122.26942,37.82466],[-122.26949,37.8247],[-122.26956,37.82474],[-122.26963,37.82477],[-122.2697,37.8248],[-122.26978,37.82484],[-122.26985,37.82487],[-122.26993,37.82489],[-122.27,37.82491],[-122.27008,37.82494],[-122.27016,37.82496],[-122.27024,37.82498],[-122.2708,37.82511],[-122.27082,37.82512],[-122.27113,37.82518],[-122.27146,37.82525],[-122.27197,37.82535],[-122.27244,37.82545],[-122.27278,37.82552],[-122.27435,37.82582],[-122.27496,37.82596],[-122.27544,37.82606],[-122.2765,37.82632],[-122.27777,37.82663],[-122.27811,37.82672],[-122.27882,37.82688],[-122.2808,37.82735],[-122.28097,37.82739],[-122.28113,37.82742],[-122.28129,37.82746],[-122.28145,37.82749],[-122.28162,37.82751],[-122.28179,37.82753],[-122.28196,37.82755],[-122.28213,37.82756],[-122.28231,37.82757],[-122.28248,37.82758],[-122.28265,37.82758],[-122.28282,37.82758],[-122.28299,37.82757],[-122.28316,37.82756],[-122.28333,37.82754],[-122.2835,37.82752],[-122.28366,37.8275],[-122.28384,37.82747],[-122.28401,37.82744],[-122.28417,37.82741],[-122.28432,37.82738],[-122.28448,37.82735],[-122.28483,37.82726],[-122.2856,37.82704],[-122.28576,37.827],[-122.28592,37.82696],[-122.28624,37.82689],[-122.2864,37.82685],[-122.28655,37.82681],[-122.28671,37.82677],[-122.28674,37.82676],[-122.28674,37.82676],[-122.28674,37.82676],[-122.28687,37.82673],[-122.28702,37.82669],[-122.28718,37.82666],[-122.28735,37.82662],[-122.28751,37.82659],[-122.28767,37.82657],[-122.28783,37.82655],[-122.28799,37.82654],[-122.28816,37.82653],[-122.28833,37.82653],[-122.28849,37.82653],[-122.28866,37.82654],[-122.28882,37.82655],[-122.28899,37.82657],[-122.28915,37.82659],[-122.28931,37.82662],[-122.28947,37.82666],[-122.28963,37.8267],[-122.28979,37.82674],[-122.28994,37.82679],[-122.29009,37.82685],[-122.29024,37.8269],[-122.29039,37.82697],[-122.29053,37.82704],[-122.29066,37.82711],[-122.29081,37.82718],[-122.29108,37.82732],[-122.29137,37.82747],[-122.29163,37.8276],[-122.29177,37.82767],[-122.29191,37.82773],[-122.29206,37.82779],[-122.29221,37.82785],[-122.29236,37.8279],[-122.29252,37.82794],[-122.29268,37.82798],[-122.29284,37.82802],[-122.29301,37.82804],[-122.29317,37.82806],[-122.29333,37.82808],[-122.2935,37.82808],[-122.29367,37.82808],[-122.29383,37.82808],[-122.294,37.82807],[-122.29417,37.82805],[-122.29433,37.82802],[-122.29449,37.82799],[-122.29465,37.82796],[-122.2948,37.82792],[-122.29496,37.82787],[-122.29511,37.82782],[-122.29527,37.82776],[-122.29541,37.8277],[-122.29585,37.82752],[-122.296,37.82746],[-122.29615,37.8274],[-122.2963,37.82735],[-122.29643,37.8273],[-122.2966,37.82724],[-122.29676,37.8272],[-122.2969,37.82716],[-122.29692,37.82715],[-122.29707,37.82711],[-122.29724,37.82707],[-122.29739,37.82703],[-122.29755,37.82699],[-122.29771,37.82696],[-122.29787,37.82692],[-122.29803,37.82688],[-122.29819,37.82685],[-122.29835,37.82681],[-122.29867,37.82674],[-122.29963,37.82653],[-122.30007,37.82645],[-122.30082,37.82633],[-122.301,37.82629],[-122.30107,37.82628],[-122.30259,37.82594],[-122.30306,37.82584],[-122.30422,37.82561],[-122.30434,37.82559],[-122.30447,37.82556],[-122.30455,37.82554],[-122.3055,37.82533],[-122.30565,37.8253],[-122.30581,37.82527],[-122.30612,37.82523],[-122.30645,37.82519],[-122.30677,37.82515],[-122.3071,37.82511],[-122.30742,37.82507],[-122.30775,37.82504],[-122.30808,37.82501],[-122.3084,37.82498],[-122.30873,37.82495],[-122.30905,37.82493],[-122.30938,37.82491],[-122.3097,37.82489],[-122.3098,37.82488],[-122.3098,37.82488],[-122.31002,37.82487],[-122.31047,37.82485],[-122.31091,37.82484],[-122.31092,37.82484],[-122.31097,37.82483],[-122.31104,37.82482],[-122.31177,37.82473],[-122.31179,37.82472],[-122.31187,37.82471],[-122.31196,37.82471],[-122.31207,37.8247],[-122.31207,37.8247],[-122.31245,37.82467],[-122.31254,37.82466],[-122.31277,37.82463],[-122.31285,37.82462],[-122.31286,37.82462],[-122.31288,37.82462],[-122.31307,37.82459],[-122.3132,37.82457],[-122.31368,37.8245],[-122.31369,37.8245],[-122.31383,37.82448],[-122.31396,37.82446],[-122.31396,37.82446],[-122.31478,37.82434],[-122.3151,37.8243],[-122.31542,37.82425],[-122.31559,37.82423],[-122.31575,37.8242],[-122.31591,37.82418],[-122.31607,37.82415],[-122.31639,37.8241],[-122.31672,37.82404],[-122.31707,37.82398],[-122.31748,37.82391],[-122.31791,37.82382],[-122.31821,37.82375],[-122.31854,37.82367],[-122.31897,37.82354],[-122.31986,37.82322],[-122.32046,37.82304],[-122.32123,37.82286],[-122.32143,37.82282],[-122.32164,37.82278],[-122.32181,37.82276],[-122.3227,37.82263],[-122.32282,37.82261],[-122.32295,37.82259],[-122.32312,37.82257],[-122.32327,37.82255],[-122.32344,37.82253],[-122.3236,37.82252],[-122.32376,37.8225],[-122.32393,37.82248],[-122.32409,37.82247],[-122.32425,37.82245],[-122.32765,37.8222],[-122.32776,37.82219],[-122.32818,37.82216],[-122.3285,37.82213],[-122.32883,37.8221],[-122.32916,37.82207],[-122.32949,37.82205],[-122.32982,37.82202],[-122.33014,37.82198],[-122.33047,37.82195],[-122.3308,37.82191],[-122.33113,37.82188],[-122.33145,37.82184],[-122.33178,37.8218],[-122.3321,37.82176],[-122.33243,37.82172],[-122.33275,37.82168],[-122.33308,37.82164],[-122.33341,37.82159],[-122.33369,37.82155],[-122.34152,37.8204],[-122.3498,37.81919],[-122.34996,37.81917],[-122.35012,37.81915],[-122.35028,37.81912],[-122.35044,37.81909],[-122.35061,37.81907],[-122.35076,37.81903],[-122.35092,37.819],[-122.35108,37.81897],[-122.35124,37.81893],[-122.3514,37.8189],[-122.35156,37.81886],[-122.35172,37.81882],[-122.35187,37.81877],[-122.35203,37.81873],[-122.35218,37.81869],[-122.35234,37.81864],[-122.35249,37.81859],[-122.35264,37.81854],[-122.3528,37.81849],[-122.35295,37.81844],[-122.35309,37.81838],[-122.35325,37.81832],[-122.35339,37.81826],[-122.35354,37.8182],[-122.35369,37.81814],[-122.35383,37.81808],[-122.35398,37.81802],[-122.35412,37.81795],[-122.35426,37.81788],[-122.3544,37.81782],[-122.35454,37.81775],[-122.35468,37.81767],[-122.35482,37.8176],[-122.35496,37.81753],[-122.35509,37.81745],[-122.35523,37.81737],[-122.36031,37.81447],[-122.36038,37.81443],[-122.36045,37.81439],[-122.36059,37.8143],[-122.36072,37.81422],[-122.36085,37.81414],[-122.36097,37.81405],[-122.36109,37.81397],[-122.36132,37.81381],[-122.3614,37.81375],[-122.36145,37.81371],[-122.36156,37.81362],[-122.36168,37.81353],[-122.36179,37.81344],[-122.3619,37.81334],[-122.362,37.81325],[-122.36211,37.81315],[-122.36222,37.81305],[-122.36231,37.81295],[-122.36241,37.81285],[-122.36251,37.81275],[-122.36261,37.81265],[-122.36271,37.81254],[-122.36339,37.81179],[-122.36339,37.81179],[-122.36355,37.81162],[-122.36365,37.81151],[-122.36382,37.81134],[-122.36396,37.8112],[-122.36417,37.811],[-122.36447,37.81071],[-122.36472,37.81047],[-122.36506,37.81017],[-122.36507,37.81016],[-122.36632,37.80898],[-122.36636,37.80895],[-122.36675,37.80858],[-122.36726,37.8081],[-122.36729,37.80808],[-122.3904,37.7865],[-122.39073,37.7862],[-122.39123,37.78583],[-122.39183,37.78547],[-122.39185,37.78546],[-122.39192,37.78533],[-122.39209,37.78522],[-122.39226,37.78512],[-122.39243,37.78502],[-122.39292,37.78473],[-122.39303,37.78465],[-122.3931,37.78461],[-122.39315,37.78457],[-122.39319,37.78453],[-122.39322,37.78449],[-122.39324,37.78444],[-122.39326,37.78439],[-122.39326,37.78434],[-122.39326,37.78429],[-122.39324,37.78423],[-122.39322,37.78417],[-122.39318,37.78413],[-122.39313,37.78408],[-122.39307,37.78404],[-122.393,37.78401],[-122.39292,37.78398],[-122.39284,37.78397],[-122.39275,37.78398],[-122.39268,37.78399],[-122.39261,37.78401],[-122.39254,37.78404],[-122.39248,37.78408],[-122.39244,37.78411],[-122.39167,37.78483],[-122.3916,37.78489],[-122.39155,37.78494],[-122.39151,37.78499],[-122.39147,37.78504],[-122.39143,37.7851],[-122.39141,37.78517],[-122.39139,37.78523],[-122.39138,37.7853],[-122.39137,37.78536],[-122.39137,37.78542],[-122.39138,37.78549],[-122.3914,37.78555],[-122.39143,37.78563],[-122.39146,37.78569],[-122.39152,37.78579],[-122.39155,37.78585],[-122.39158,37.7859],[-122.39159,37.78596],[-122.39161,37.78602],[-122.39169,37.7863],[-122.39172,37.7864],[-122.39175,37.78645],[-122.39177,37.7865],[-122.39181,37.78654],[-122.39186,37.7866],[-122.39198,37.7867],[-122.39208,37.78677],[-122.39198,37.78684],[-122.39175,37.78702],[-122.39162,37.78713],[-122.39141,37.7873],[-122.39099,37.78763],[-122.39062,37.78792],[-122.39059,37.78794],[-122.3904,37.78809],[-122.39032,37.78815],[-122.39024,37.78822],[-122.38989,37.78849],[-122.38952,37.78878],[-122.38947,37.78882],[-122.38943,37.78885],[-122.38936,37.78891],[-122.38898,37.78921],[-122.38872,37.78942],[-122.38869,37.78944],[-122.38862,37.7895],[-122.38853,37.78955],[-122.38847,37.7896],[-122.38841,37.78965],[-122.3885,37.78975],[-122.3886,37.78983],[-122.38881,37.79001],[-122.3889,37.79008],[-122.38928,37.79039],[-122.38942,37.7905],[-122.3898,37.79081],[-122.38983,37.79084],[-122.38992,37.79092],[-122.39001,37.79102],[-122.39012,37.79113],[-122.39013,37.79116],[-122.39022,37.79127],[-122.39031,37.7914],[-122.39039,37.79155],[-122.39046,37.79171],[-122.39049,37.79176],[-122.39064,37.79209],[-122.39072,37.79222],[-122.3908,37.79234],[-122.39087,37.79242],[-122.39089,37.79246],[-122.39097,37.79255],[-122.39106,37.79264],[-122.39122,37.79278],[-122.39219,37.7936],[-122.39231,37.79371],[-122.39235,37.79375],[-122.39245,37.79383],[-122.39254,37.79392],[-122.3928,37.79414],[-122.39303,37.79436],[-122.39305,37.79438],[-122.39309,37.79441],[-122.3932,37.79452],[-122.39328,37.79459],[-122.39331,37.79462],[-122.39342,37.79472],[-122.39356,37.79487],[-122.39362,37.79493],[-122.39372,37.79504],[-122.39373,37.79505],[-122.39381,37.79514],[-122.39391,37.79525]]}},{"type":"Feature","properties":{"from":"Richmond","weight":0.589},"geometry":{"type":"LineString","coordinates":[[-122.3477,37.93572],[-122.34784,37.93572],[-122.34789,37.93572],[-122.34811,37.93572],[-122.34837,37.93572],[-122.34849,37.93572],[-122.34857,37.93573],[-122.34858,37.93563],[-122.34858,37.93549],[-122.34858,37.9349],[-122.34858,37.93487],[-122.34859,37.93446],[-122.34859,37.93433],[-122.34859,37.93429],[-122.34859,37.93421],[-122.34859,37.93412],[-122.34859,37.93412],[-122.34856,37.93406],[-122.34856,37.93396],[-122.34855,37.93388],[-122.34852,37.93373],[-122.34848,37.93362],[-122.34843,37.93354],[-122.34838,37.93343],[-122.34831,37.93331],[-122.34826,37.9332],[-122.34817,37.93301],[-122.3481,37.93275],[-122.34807,37.932],[-122.34805,37.93182],[-122.34798,37.9316],[-122.34787,37.93134],[-122.3478,37.93115],[-122.34775,37.93103],[-122.34774,37.93094],[-122.34774,37.93085],[-122.34766,37.93075],[-122.34765,37.9305],[-122.34765,37.93027],[-122.34765,37.92963],[-122.34765,37.92955],[-122.34765,37.92943],[-122.34766,37.92923],[-122.34766,37.92892],[-122.34766,37.92863],[-122.34766,37.92848],[-122.34766,37.928],[-122.34766,37.92704],[-122.34766,37.9267],[-122.34766,37.9267],[-122.34766,37.92669],[-122.34766,37.92667],[-122.34766,37.9266],[-122.34766,37.92594],[-122.34766,37.92577],[-122.34766,37.92576],[-122.34766,37.92576],[-122.34766,37.9256],[-122.34766,37.92548],[-122.34766,37.92543],[-122.34766,37.92536],[-122.34767,37.92532],[-122.34767,37.92519],[-122.34767,37.92507],[-122.34768,37.92494],[-122.34769,37.92489],[-122.34769,37.9246],[-122.34769,37.92418],[-122.34769,37.92411],[-122.34775,37.92401],[-122.34775,37.92395],[-122.34768,37.92321],[-122.34767,37.92301],[-122.34766,37.92287],[-122.34765,37.92267],[-122.34765,37.92266],[-122.34764,37.9226],[-122.34761,37.92216],[-122.34757,37.92151],[-122.34767,37.9212],[-122.34768,37.92117],[-122.34769,37.92114],[-122.3477,37.92112],[-122.34772,37.92109],[-122.34774,37.92107],[-122.34776,37.92105],[-122.34779,37.92102],[-122.34782,37.921],[-122.34785,37.92098],[-122.34789,37.92096],[-122.34794,37.92094],[-122.34799,37.92093],[-122.34804,37.92092],[-122.34809,37.92091],[-122.34814,37.92091],[-122.3482,37.92092],[-122.34826,37.92093],[-122.34833,37.92096],[-122.34839,37.92099],[-122.34846,37.92104],[-122.3485,37.92108],[-122.34853,37.92113],[-122.34856,37.92118],[-122.34857,37.92124],[-122.34857,37.9213],[-122.34856,37.92135],[-122.34854,37.92141],[-122.34851,37.92146],[-122.34847,37.9215],[-122.34844,37.92153],[-122.34839,37.92157],[-122.34834,37.92159],[-122.34828,37.92161],[-122.34822,37.92163],[-122.34815,37.92164],[-122.34806,37.92165],[-122.34792,37.92166],[-122.3478,37.92167],[-122.34758,37.92168],[-122.34724,37.9217],[-122.34668,37.92174],[-122.34634,37.92173],[-122.34601,37.92172],[-122.3448,37.92167],[-122.34267,37.92159],[-122.34083,37.92152],[-122.33849,37.92143],[-122.33832,37.92142],[-122.33815,37.92142],[-122.33799,37.92141],[-122.33782,37.9214],[-122.33766,37.92139],[-122.33749,37.92137],[-122.33733,37.92136],[-122.33716,37.92134],[-122.33699,37.92131],[-122.33683,37.92129],[-122.33667,37.92127],[-122.3365,37.92124],[-122.33634,37.92121],[-122.33618,37.92118],[-122.3361,37.92116],[-122.33609,37.92116],[-122.33602,37.92115],[-122.33585,37.92111],[-122.33569,37.92107],[-122.33553,37.92103],[-122.33537,37.92099],[-122.33522,37.92095],[-122.33506,37.9209],[-122.33491,37.92086],[-122.33475,37.92081],[-122.3346,37.92075],[-122.33444,37.9207],[-122.33429,37.92064],[-122.33414,37.92058],[-122.33399,37.92052],[-122.3339,37.92049],[-122.33384,37.92046],[-122.3337,37.9204],[-122.33355,37.92034],[-122.33341,37.92027],[-122.33326,37.9202],[-122.33312,37.92013],[-122.33298,37.92005],[-122.33285,37.91998],[-122.33271,37.9199],[-122.33258,37.91983],[-122.33244,37.91974],[-122.33231,37.91966],[-122.33204,37.9195],[-122.33179,37.91933],[-122.33153,37.91916],[-122.33128,37.91898],[-122.33103,37.91881],[-122.33078,37.91864],[-122.33053,37.91845],[-122.33029,37.91828],[-122.33005,37.91809],[-122.32981,37.91791],[-122.32957,37.91772],[-122.32934,37.91754],[-122.3291,37.91735],[-122.32887,37.91715],[-122.32864,37.91696],[-122.32842,37.91677],[-122.32819,37.91657],[-122.32797,37.91637],[-122.32775,37.91617],[-122.32753,37.91597],[-122.32732,37.91577],[-122.32711,37.91556],[-122.3269,37.91535],[-122.32669,37.91514],[-122.32648,37.91494],[-122.32628,37.91472],[-122.32608,37.91451],[-122.32588,37.9143],[-122.32569,37.91408],[-122.3255,37.91386],[-122.32531,37.91364],[-122.32513,37.91342],[-122.32385,37.91187],[-122.3237,37.91169],[-122.32364,37.91162],[-122.32284,37.91065],[-122.32101,37.90843],[-122.319,37.90599],[-122.31845,37.90532],[-122.31762,37.90432],[-122.31698,37.90354],[-122.31625,37.90266],[-122.31524,37.90144],[-122.31452,37.90055],[-122.3141,37.90003],[-122.31388,37.89977],[-122.31334,37.8991],[-122.31293,37.8986],[-122.31293,37.8986],[-122.31279,37.89843],[-122.31207,37.89754],[-122.31135,37.89666],[-122.31117,37.89644],[-122.31081,37.89599],[-122.31072,37.89588],[-122.31063,37.89577],[-122.31055,37.89566],[-122.31046,37.89555],[-122.31037,37.89543],[-122.31013,37.89509],[-122.31006,37.89497],[-122.30998,37.89485],[-122.30991,37.89474],[-122.30983,37.8946],[-122.30974,37.89444],[-122.30968,37.89433],[-122.30962,37.89421],[-122.30956,37.89409],[-122.3095,37.89397],[-122.30944,37.89385],[-122.30939,37.89373],[-122.30934,37.89361],[-122.3093,37.89349],[-122.30925,37.89337],[-122.3092,37.89325],[-122.30916,37.89312],[-122.30912,37.893],[-122.30908,37.89287],[-122.30904,37.89275],[-122.30901,37.89263],[-122.30898,37.8925],[-122.30895,37.89238],[-122.30892,37.89225],[-122.3089,37.89212],[-122.30887,37.89188],[-122.30886,37.89174],[-122.30885,37.89162],[-122.30885,37.89149],[-122.30884,37.89136],[-122.30885,37.89123],[-122.30885,37.8911],[-122.30887,37.89098],[-122.30888,37.89086],[-122.3089,37.89073],[-122.30892,37.8906],[-122.30895,37.89048],[-122.30898,37.89035],[-122.309,37.89022],[-122.30911,37.8897],[-122.30915,37.8895],[-122.30917,37.88937],[-122.30918,37.88925],[-122.3092,37.88912],[-122.30924,37.88887],[-122.30927,37.88862],[-122.30929,37.8885],[-122.30931,37.88836],[-122.30932,37.88824],[-122.30934,37.88812],[-122.30936,37.88799],[-122.30937,37.88788],[-122.30939,37.88774],[-122.30941,37.88761],[-122.30942,37.88749],[-122.30943,37.88735],[-122.30943,37.88722],[-122.30943,37.88709],[-122.30942,37.88696],[-122.3094,37.88683],[-122.30938,37.88671],[-122.30934,37.88659],[-122.30928,37.88642],[-122.30925,37.88629],[-122.30923,37.88616],[-122.30917,37.88591],[-122.30885,37.88447],[-122.3088,37.88421],[-122.30866,37.88357],[-122.30851,37.88292],[-122.30833,37.88213],[-122.3083,37.88201],[-122.30773,37.87943],[-122.30754,37.87864],[-122.30748,37.87843],[-122.30742,37.87817],[-122.30735,37.87792],[-122.30727,37.87766],[-122.30708,37.87702],[-122.30677,37.87599],[-122.30624,37.87425],[-122.30603,37.87354],[-122.30573,37.8726],[-122.30485,37.8698],[-122.30472,37.86938],[-122.3045,37.86865],[-122.30438,37.86827],[-122.30426,37.86788],[-122.30408,37.86733],[-122.30408,37.86733],[-122.30401,37.86712],[-122.30372,37.86622],[-122.30371,37.86616],[-122.30371,37.86616],[-122.30358,37.86575],[-122.30343,37.86523],[-122.30329,37.86472],[-122.30304,37.86382],[-122.30207,37.86036],[-122.29999,37.85279],[-122.29982,37.85217],[-122.29973,37.85189],[-122.2996,37.85138],[-122.2995,37.85099],[-122.29941,37.85061],[-122.29932,37.85022],[-122.29914,37.84945],[-122.29904,37.84901],[-122.29897,37.84874],[-122.29883,37.84815],[-122.29878,37.84792],[-122.29865,37.84736],[-122.29846,37.84652],[-122.29833,37.84595],[-122.29832,37.84593],[-122.29832,37.84593],[-122.29832,37.84593],[-122.29816,37.84517],[-122.29797,37.84426],[-122.29767,37.84277],[-122.29763,37.84258],[-122.29755,37.84222],[-122.29746,37.84183],[-122.29733,37.84119],[-122.29724,37.84075],[-122.29724,37.84075],[-122.29723,37.84068],[-122.29709,37.83989],[-122.29709,37.83989],[-122.29709,37.83989],[-122.29685,37.83856],[-122.29684,37.83852],[-122.29682,37.83843],[-122.2968,37.8383],[-122.29677,37.83817],[-122.29674,37.83804],[-122.29671,37.83792],[-122.29668,37.83778],[-122.29664,37.83765],[-122.2966,37.83753],[-122.29657,37.83742],[-122.29651,37.83728],[-122.29647,37.83715],[-122.29642,37.83702],[-122.29637,37.8369],[-122.29631,37.83678],[-122.29609,37.83628],[-122.29529,37.83455],[-122.29506,37.83405],[-122.29491,37.83377],[-122.2946,37.83317],[-122.29458,37.83292],[-122.29449,37.83269],[-122.29444,37.83256],[-122.2944,37.83243],[-122.29436,37.83231],[-122.29433,37.83218],[-122.29429,37.83205],[-122.29426,37.83192],[-122.29424,37.83179],[-122.29421,37.83166],[-122.29418,37.83153],[-122.29416,37.8314],[-122.29414,37.83127],[-122.29412,37.83114],[-122.2941,37.831],[-122.29409,37.83092],[-122.29408,37.8308],[-122.29406,37.83007],[-122.29407,37.82994],[-122.29408,37.82981],[-122.29411,37.82968],[-122.29414,37.82955],[-122.29417,37.82943],[-122.29422,37.8293],[-122.29427,37.82917],[-122.29434,37.82905],[-122.29441,37.82893],[-122.29448,37.82881],[-122.29457,37.8287],[-122.29466,37.82859],[-122.29476,37.82848],[-122.29486,37.82837],[-122.29497,37.82827],[-122.29508,37.82818],[-122.2952,37.82809],[-122.29533,37.828],[-122.29546,37.82792],[-122.2956,37.82784],[-122.29574,37.82777],[-122.29588,37.8277],[-122.29603,37.82764],[-122.29618,37.82758],[-122.29633,37.82753],[-122.29649,37.82748],[-122.29665,37.82743],[-122.29683,37.82737],[-122.29699,37.82733],[-122.29715,37.82729],[-122.29741,37.82721],[-122.29746,37.8272],[-122.29777,37.82712],[-122.29809,37.82703],[-122.2984,37.82695],[-122.29872,37.82688],[-122.29904,37.8268],[-122.29952,37.82669],[-122.30014,37.82654],[-122.30082,37.82633],[-122.301,37.82629],[-122.30107,37.82628],[-122.30259,37.82594],[-122.30306,37.82584],[-122.30422,37.82561],[-122.30434,37.82559],[-122.30447,37.82556],[-122.30455,37.82554],[-122.3055,37.82533],[-122.30565,37.8253],[-122.30581,37.82527],[-122.30612,37.82523],[-122.30645,37.82519],[-122.30677,37.82515],[-122.3071,37.82511],[-122.30742,37.82507],[-122.30775,37.82504],[-122.30808,37.82501],[-122.3084,37.82498],[-122.30873,37.82495],[-122.30905,37.82493],[-122.30938,37.82491],[-122.3097,37.82489],[-122.3098,37.82488],[-122.3098,37.82488],[-122.31002,37.82487],[-122.31047,37.82485],[-122.31091,37.82484],[-122.31092,37.82484],[-122.31097,37.82483],[-122.31104,37.82482],[-122.31177,37.82473],[-122.31179,37.82472],[-122.31187,37.82471],[-122.31196,37.82471],[-122.31207,37.8247],[-122.31207,37.8247],[-122.31245,37.82467],[-122.31254,37.82466],[-122.31277,37.82463],[-122.31285,37.82462],[-122.31286,37.82462],[-122.31288,37.82462],[-122.31307,37.82459],[-122.3132,37.82457],[-122.31368,37.8245],[-122.31369,37.8245],[-122.31383,37.82448],[-122.31396,37.82446],[-122.31396,37.82446],[-122.31478,37.82434],[-122.3151,37.8243],[-122.31542,37.82425],[-122.31559,37.82423],[-122.31575,37.8242],[-122.31591,37.82418],[-122.31607,37.82415],[-122.31639,37.8241],[-122.31672,37.82404],[-122.31707,37.82398],[-122.31748,37.82391],[-122.31791,37.82382],[-122.31821,37.82375],[-122.31854,37.82367],[-122.31897,37.82354],[-122.31986,37.82322],[-122.32046,37.82304],[-122.32123,37.82286],[-122.32143,37.82282],[-122.32164,37.82278],[-122.32181,37.82276],[-122.3227,37.82263],[-122.32282,37.82261],[-122.32295,37.82259],[-122.32312,37.82257],[-122.32327,37.82255],[-122.32344,37.82253],[-122.3236,37.82252],[-122.32376,37.8225],[-122.32393,37.82248],[-122.32409,37.82247],[-122.32425,37.82245],[-122.32765,37.8222],[-122.32776,37.82219],[-122.32818,37.82216],[-122.3285,37.82213],[-122.32883,37.8221],[-122.32916,37.82207],[-122.32949,37.82205],[-122.32982,37.82202],[-122.33014,37.82198],[-122.33047,37.82195],[-122.3308,37.82191],[-122.33113,37.82188],[-122.33145,37.82184],[-122.33178,37.8218],[-122.3321,37.82176],[-122.33243,37.82172],[-122.33275,37.82168],[-122.33308,37.82164],[-122.33341,37.82159],[-122.33369,37.82155],[-122.34152,37.8204],[-122.3498,37.81919],[-122.34996,37.81917],[-122.35012,37.81915],[-122.35028,37.81912],[-122.35044,37.81909],[-122.35061,37.81907],[-122.35076,37.81903],[-122.35092,37.819],[-122.35108,37.81897],[-122.35124,37.81893],[-122.3514,37.8189],[-122.35156,37.81886],[-122.35172,37.81882],[-122.35187,37.81877],[-122.35203,37.81873],[-122.35218,37.81869],[-122.35234,37.81864],[-122.35249,37.81859],[-122.35264,37.81854],[-122.3528,37.81849],[-122.35295,37.81844],[-122.35309,37.81838],[-122.35325,37.81832],[-122.35339,37.81826],[-122.35354,37.8182],[-122.35369,37.81814],[-122.35383,37.81808],[-122.35398,37.81802],[-122.35412,37.81795],[-122.35426,37.81788],[-122.3544,37.81782],[-122.35454,37.81775],[-122.35468,37.81767],[-122.35482,37.8176],[-122.35496,37.81753],[-122.35509,37.81745],[-122.35523,37.81737],[-122.36031,37.81447],[-122.36038,37.81443],[-122.36045,37.81439],[-122.36059,37.8143],[-122.36072,37.81422],[-122.36085,37.81414],[-122.36097,37.81405],[-122.36109,37.81397],[-122.36132,37.81381],[-122.3614,37.81375],[-122.36145,37.81371],[-122.36156,37.81362],[-122.36168,37.81353],[-122.36179,37.81344],[-122.3619,37.81334],[-122.362,37.81325],[-122.36211,37.81315],[-122.36222,37.81305],[-122.36231,37.81295],[-122.36241,37.81285],[-122.36251,37.81275],[-122.36261,37.81265],[-122.36271,37.81254],[-122.36339,37.81179],[-122.36339,37.81179],[-122.36355,37.81162],[-122.36365,37.81151],[-122.36382,37.81134],[-122.36396,37.8112],[-122.36417,37.811],[-122.36447,37.81071],[-122.36472,37.81047],[-122.36506,37.81017],[-122.36507,37.81016],[-122.36632,37.80898],[-122.36636,37.80895],[-122.36675,37.80858],[-122.36726,37.8081],[-122.36729,37.80808],[-122.3904,37.7865],[-122.39073,37.7862],[-122.39123,37.78583],[-122.39183,37.78547],[-122.39185,37.78546],[-122.39192,37.78533],[-122.39209,37.78522],[-122.39226,37.78512],[-122.39243,37.78502],[-122.39292,37.78473],[-122.39303,37.78465],[-122.3931,37.78461],[-122.39315,37.78457],[-122.39319,37.78453],[-122.39322,37.78449],[-122.39324,37.78444],[-122.39326,37.78439],[-122.39326,37.78434],[-122.39326,37.78429],[-122.39324,37.78423],[-122.39322,37.78417],[-122.39318,37.78413],[-122.39313,37.78408],[-122.39307,37.78404],[-122.393,37.78401],[-122.39292,37.78398],[-122.39284,37.78397],[-122.39275,37.78398],[-122.39268,37.78399],[-122.39261,37.78401],[-122.39254,37.78404],[-122.39248,37.78408],[-122.39244,37.78411],[-122.39167,37.78483],[-122.3916,37.78489],[-122.39155,37.78494],[-122.39151,37.78499],[-122.39147,37.78504],[-122.39143,37.7851],[-122.39141,37.78517],[-122.39139,37.78523],[-122.39138,37.7853],[-122.39137,37.78536],[-122.39137,37.78542],[-122.39138,37.78549],[-122.3914,37.78555],[-122.39143,37.78563],[-122.39146,37.78569],[-122.39152,37.78579],[-122.39155,37.78585],[-122.39158,37.7859],[-122.39159,37.78596],[-122.39161,37.78602],[-122.39169,37.7863],[-122.39172,37.7864],[-122.39175,37.78645],[-122.39177,37.7865],[-122.39181,37.78654],[-122.39186,37.7866],[-122.39198,37.7867],[-122.39208,37.78677],[-122.39198,37.78684],[-122.39175,37.78702],[-122.39162,37.78713],[-122.39141,37.7873],[-122.39099,37.78763],[-122.39062,37.78792],[-122.39059,37.78794],[-122.3904,37.78809],[-122.39032,37.78815],[-122.39024,37.78822],[-122.38989,37.78849],[-122.38952,37.78878],[-122.38947,37.78882],[-122.38943,37.78885],[-122.38936,37.78891],[-122.38898,37.78921],[-122.38872,37.78942],[-122.38869,37.78944],[-122.38862,37.7895],[-122.38853,37.78955],[-122.38847,37.7896],[-122.38841,37.78965],[-122.3885,37.78975],[-122.3886,37.78983],[-122.38881,37.79001],[-122.3889,37.79008],[-122.38928,37.79039],[-122.38942,37.7905],[-122.3898,37.79081],[-122.38983,37.79084],[-122.38992,37.79092],[-122.39001,37.79102],[-122.39012,37.79113],[-122.39013,37.79116],[-122.39022,37.79127],[-122.39031,37.7914],[-122.39039,37.79155],[-122.39046,37.79171],[-122.39049,37.79176],[-122.39064,37.79209],[-122.39072,37.79222],[-122.3908,37.79234],[-122.39087,37.79242],[-122.39089,37.79246],[-122.39097,37.79255],[-122.39106,37.79264],[-122.39122,37.79278],[-122.39219,37.7936],[-122.39231,37.79371],[-122.39235,37.79375],[-122.39245,37.79383],[-122.39254,37.79392],[-122.3928,37.79414],[-122.39303,37.79436],[-122.39305,37.79438],[-122.39309,37.79441],[-122.3932,37.79452],[-122.39328,37.79459],[-122.39331,37.79462],[-122.39342,37.79472],[-122.39356,37.79487],[-122.39362,37.79493],[-122.39372,37.79504],[-122.39373,37.79505],[-122.39381,37.79514],[-122.39391,37.79525]]}},{"type":"Feature","properties":{"from":"SanMateo","weight":0.736},"geometry":{"type":"LineString","coordinates":[[-122.3257,37.56286],[-122.32583,37.56299],[-122.32586,37.56301],[-122.32592,37.56307],[-122.32605,37.56298],[-122.32598,37.56292],[-122.32569,37.56266],[-122.32556,37.56254],[-122.32555,37.56253],[-122.32534,37.56234],[-122.32531,37.56231],[-122.32521,37.56222],[-122.3251,37.56231],[-122.32504,37.56236],[-122.32502,37.56237],[-122.32483,37.5625],[-122.32428,37.56288],[-122.32427,37.56288],[-122.32427,37.56289],[-122.32426,37.56289],[-122.32341,37.56347],[-122.32334,37.56352],[-122.32327,37.56358],[-122.3229,37.56383],[-122.3225,37.5641],[-122.32244,37.56415],[-122.32241,37.56416],[-122.32233,37.56422],[-122.32225,37.56428],[-122.32193,37.5645],[-122.32165,37.56469],[-122.32157,37.56474],[-122.3215,37.56479],[-122.32112,37.56506],[-122.32098,37.56515],[-122.32088,37.56522],[-122.32081,37.56528],[-122.32077,37.56532],[-122.32076,37.56532],[-122.32073,37.56533],[-122.32071,37.56533],[-122.3207,37.56534],[-122.32066,37.56536],[-122.32051,37.56546],[-122.3205,37.56547],[-122.3205,37.56548],[-122.3205,37.56549],[-122.32051,37.56552],[-122.32042,37.56555],[-122.31997,37.56584],[-122.31992,37.56587],[-122.31962,37.56608],[-122.31921,37.56636],[-122.31902,37.5665],[-122.31897,37.56654],[-122.31892,37.56656],[-122.31877,37.56668],[-122.31844,37.56691],[-122.31831,37.567],[-122.31824,37.56705],[-122.31819,37.56708],[-122.31815,37.56711],[-122.31747,37.56757],[-122.31701,37.5679],[-122.31701,37.56791],[-122.31675,37.56809],[-122.3167,37.56815],[-122.31654,37.56827],[-122.31653,37.56828],[-122.31649,37.5683],[-122.31643,37.56833],[-122.31636,37.56838],[-122.31584,37.56872],[-122.31578,37.56876],[-122.31577,37.56877],[-122.31565,37.56885],[-122.31563,37.56887],[-122.31555,37.56893],[-122.31548,37.56897],[-122.31495,37.56933],[-122.31492,37.56939],[-122.31489,37.56943],[-122.31483,37.56951],[-122.31478,37.5696],[-122.31473,37.56972],[-122.31469,37.56983],[-122.31465,37.56992],[-122.3146,37.57001],[-122.31453,37.57012],[-122.31447,37.57021],[-122.31441,37.57029],[-122.31435,37.57036],[-122.31425,37.57046],[-122.31379,37.57094],[-122.3136,37.57114],[-122.31343,37.57127],[-122.31339,37.5713],[-122.31332,37.57133],[-122.31325,37.57135],[-122.31317,37.57136],[-122.31309,37.57135],[-122.31301,37.57133],[-122.31293,37.5713],[-122.31287,37.57126],[-122.31283,37.57122],[-122.3128,37.57117],[-122.31277,37.57112],[-122.31276,37.57106],[-122.31276,37.571],[-122.31277,37.57094],[-122.3128,37.57089],[-122.31284,37.57083],[-122.31289,37.57079],[-122.31296,37.57075],[-122.31304,37.57072],[-122.31309,37.5707],[-122.3131,37.5707],[-122.31311,37.5707],[-122.31319,37.5707],[-122.31327,37.57071],[-122.31334,37.57073],[-122.31341,37.57075],[-122.31348,37.5708],[-122.31354,37.57084],[-122.31391,37.57113],[-122.31392,37.57114],[-122.31426,37.57145],[-122.31471,37.57187],[-122.31485,37.57199],[-122.31512,37.57222],[-122.31514,37.57226],[-122.31529,37.57236],[-122.31543,37.57247],[-122.31557,37.57259],[-122.31594,37.5729],[-122.31602,37.57297],[-122.31656,37.57335],[-122.32037,37.57689],[-122.32154,37.57792],[-122.32195,37.57828],[-122.32281,37.57907],[-122.32582,37.58185],[-122.32744,37.58334],[-122.32842,37.58424],[-122.32864,37.58444],[-122.32885,37.58464],[-122.32907,37.58484],[-122.32918,37.58494],[-122.3293,37.58503],[-122.3294,37.58513],[-122.32952,37.58522],[-122.32964,37.58532],[-122.32976,37.58541],[-122.32989,37.58549],[-122.33001,37.58558],[-122.33014,37.58566],[-122.33027,37.58574],[-122.33041,37.58582],[-122.33054,37.58589],[-122.33068,37.58596],[-122.33083,37.58603],[-122.33097,37.5861],[-122.33111,37.58616],[-122.33126,37.58622],[-122.33141,37.58628],[-122.33157,37.58634],[-122.33172,37.58639],[-122.33188,37.58644],[-122.33203,37.58648],[-122.33219,37.58653],[-122.33235,37.58657],[-122.3325,37.5866],[-122.33267,37.58664],[-122.33282,37.58667],[-122.33299,37.58669],[-122.33315,37.58672],[-122.33331,37.58674],[-122.33348,37.58676],[-122.33364,37.58678],[-122.33381,37.58679],[-122.33397,37.5868],[-122.33414,37.58681],[-122.3343,37.58681],[-122.33447,37.58682],[-122.33464,37.58682],[-122.33613,37.58687],[-122.33833,37.58692],[-122.34211,37.58702],[-122.3484,37.58718],[-122.35005,37.58722],[-122.35079,37.58724],[-122.3508,37.58724],[-122.35186,37.58727],[-122.35219,37.58728],[-122.35222,37.58728],[-122.35252,37.58729],[-122.35285,37.5873],[-122.35318,37.58732],[-122.35352,37.58734],[-122.35385,37.58737],[-122.35416,37.58741],[-122.35449,37.58745],[-122.35482,37.5875],[-122.35514,37.58756],[-122.35545,37.58762],[-122.35577,37.58769],[-122.35609,37.58777],[-122.3564,37.58785],[-122.35672,37.58794],[-122.35701,37.58803],[-122.3572,37.5881],[-122.35752,37.5882],[-122.35828,37.5885],[-122.35887,37.58878],[-122.35901,37.58885],[-122.3592,37.58894],[-122.35939,37.58904],[-122.35966,37.58919],[-122.35993,37.58934],[-122.36019,37.58949],[-122.36046,37.58965],[-122.36071,37.58981],[-122.36096,37.58997],[-122.36526,37.59277],[-122.36716,37.594],[-122.36868,37.595],[-122.37213,37.59725],[-122.37353,37.59818],[-122.3753,37.59934],[-122.37632,37.60002],[-122.37772,37.60094],[-122.37835,37.60136],[-122.37901,37.60178],[-122.37916,37.60188],[-122.37916,37.60189],[-122.37917,37.60189],[-122.37962,37.60218],[-122.38084,37.60298],[-122.38192,37.60368],[-122.38192,37.60368],[-122.38192,37.60368],[-122.38193,37.60368],[-122.38228,37.60391],[-122.3833,37.60458],[-122.38548,37.60599],[-122.38605,37.60636],[-122.38752,37.60733],[-122.3902,37.60908],[-122.39086,37.60951],[-122.3911,37.60966],[-122.39135,37.60983],[-122.39161,37.60999],[-122.39186,37.61016],[-122.39212,37.61032],[-122.39238,37.61048],[-122.39264,37.61064],[-122.3929,37.61081],[-122.39317,37.611],[-122.39341,37.61115],[-122.39366,37.61131],[-122.39392,37.61148],[-122.39417,37.61164],[-122.3944,37.6118],[-122.39442,37.61181],[-122.39447,37.61185],[-122.39467,37.61199],[-122.39486,37.61214],[-122.3949,37.61217],[-122.39513,37.61236],[-122.39536,37.61254],[-122.39558,37.61274],[-122.3958,37.61294],[-122.39601,37.61314],[-122.39621,37.61334],[-122.39641,37.61355],[-122.39659,37.61376],[-122.39678,37.61398],[-122.39696,37.6142],[-122.39713,37.61442],[-122.39729,37.61465],[-122.39745,37.61488],[-122.3976,37.61511],[-122.39774,37.61535],[-122.39787,37.61557],[-122.398,37.61583],[-122.39811,37.61605],[-122.39812,37.61607],[-122.39823,37.61632],[-122.39833,37.61657],[-122.39842,37.61682],[-122.39851,37.61707],[-122.39859,37.61732],[-122.39876,37.61782],[-122.39897,37.61847],[-122.39905,37.61871],[-122.39914,37.61897],[-122.39922,37.61921],[-122.39932,37.61945],[-122.39949,37.61996],[-122.40004,37.62157],[-122.40089,37.62411],[-122.40116,37.62488],[-122.40134,37.62541],[-122.40152,37.62594],[-122.40169,37.62644],[-122.40173,37.62658],[-122.40177,37.6267],[-122.40181,37.62682],[-122.40185,37.62693],[-122.40189,37.62705],[-122.40193,37.6272],[-122.40198,37.62735],[-122.40202,37.62749],[-122.40205,37.62763],[-122.40209,37.62779],[-122.40213,37.62793],[-122.40216,37.62808],[-122.40219,37.62823],[-122.40222,37.62836],[-122.40225,37.62851],[-122.40227,37.62865],[-122.40228,37.62873],[-122.40228,37.62873],[-122.40229,37.62878],[-122.40232,37.62896],[-122.40233,37.6291],[-122.40235,37.62924],[-122.4024,37.6297],[-122.4027,37.63233],[-122.40276,37.63285],[-122.40278,37.63299],[-122.40283,37.63338],[-122.40286,37.6335],[-122.40288,37.63363],[-122.4029,37.63376],[-122.40293,37.6339],[-122.40296,37.63405],[-122.403,37.63418],[-122.40302,37.6343],[-122.40305,37.63442],[-122.40309,37.63456],[-122.40313,37.63469],[-122.40316,37.63481],[-122.4032,37.63494],[-122.40324,37.63507],[-122.40328,37.6352],[-122.40333,37.63533],[-122.40337,37.63545],[-122.40342,37.63558],[-122.40347,37.63571],[-122.40352,37.63584],[-122.40357,37.63596],[-122.40363,37.63609],[-122.40379,37.63645],[-122.40385,37.63657],[-122.40388,37.63665],[-122.40389,37.63665],[-122.40391,37.6367],[-122.40397,37.63681],[-122.40403,37.63694],[-122.40409,37.63706],[-122.40468,37.63815],[-122.40476,37.63831],[-122.40483,37.63845],[-122.4049,37.63859],[-122.40496,37.63872],[-122.40503,37.63887],[-122.40508,37.63899],[-122.40514,37.63914],[-122.40517,37.63921],[-122.40517,37.63922],[-122.40521,37.63931],[-122.40526,37.63942],[-122.40531,37.63955],[-122.40535,37.63968],[-122.40541,37.63984],[-122.40547,37.64],[-122.40551,37.64015],[-122.40556,37.64028],[-122.4056,37.64042],[-122.40564,37.64057],[-122.40567,37.6407],[-122.40571,37.64086],[-122.40575,37.64101],[-122.40578,37.64115],[-122.40581,37.64128],[-122.40583,37.64144],[-122.40586,37.64158],[-122.40588,37.64174],[-122.4059,37.64188],[-122.40592,37.64202],[-122.40593,37.64218],[-122.40596,37.64256],[-122.40605,37.64362],[-122.40606,37.64371],[-122.40617,37.6449],[-122.40627,37.64586],[-122.40627,37.64587],[-122.40634,37.64658],[-122.40635,37.64667],[-122.40635,37.64667],[-122.40636,37.64689],[-122.40636,37.64689],[-122.40644,37.64781],[-122.40651,37.64855],[-122.40655,37.64898],[-122.40662,37.64983],[-122.40665,37.65015],[-122.40668,37.65042],[-122.40669,37.65056],[-122.40676,37.65145],[-122.40677,37.65157],[-122.4068,37.65185],[-122.4069,37.65299],[-122.40691,37.65311],[-122.40691,37.65317],[-122.40692,37.65345],[-122.40692,37.65371],[-122.40691,37.65398],[-122.40689,37.65422],[-122.40687,37.6544],[-122.40686,37.65446],[-122.40685,37.65458],[-122.40684,37.6546],[-122.40683,37.6547],[-122.40681,37.65478],[-122.4068,37.65489],[-122.40678,37.65497],[-122.40676,37.65507],[-122.40673,37.65521],[-122.40667,37.65548],[-122.4066,37.65573],[-122.40652,37.656],[-122.40647,37.65614],[-122.40647,37.65614],[-122.40642,37.65626],[-122.40632,37.6565],[-122.40619,37.65676],[-122.40556,37.658],[-122.40532,37.65846],[-122.40519,37.6587],[-122.40506,37.65895],[-122.40492,37.65917],[-122.40477,37.65939],[-122.4046,37.65961],[-122.40443,37.65983],[-122.40421,37.66008],[-122.40399,37.66031],[-122.40377,37.66052],[-122.40351,37.66074],[-122.40327,37.66094],[-122.40303,37.66112],[-122.40276,37.6613],[-122.40251,37.66146],[-122.39969,37.66327],[-122.39942,37.66344],[-122.39917,37.66361],[-122.39891,37.66378],[-122.39866,37.66395],[-122.39841,37.66413],[-122.39817,37.66431],[-122.39795,37.66448],[-122.3977,37.66468],[-122.39747,37.66487],[-122.39726,37.66506],[-122.39702,37.66528],[-122.3968,37.66548],[-122.39659,37.66567],[-122.39639,37.66588],[-122.3962,37.66608],[-122.39561,37.66671],[-122.3947,37.66765],[-122.3926,37.66984],[-122.3924,37.67005],[-122.39222,37.67026],[-122.39203,37.67048],[-122.39184,37.6707],[-122.39166,37.67092],[-122.39148,37.67114],[-122.39131,37.67136],[-122.39114,37.67158],[-122.39097,37.67181],[-122.39081,37.67204],[-122.39065,37.67227],[-122.3905,37.6725],[-122.39035,37.67273],[-122.3902,37.67297],[-122.39007,37.67319],[-122.39,37.6733],[-122.38994,37.6734],[-122.3898,37.67364],[-122.38966,37.67388],[-122.38953,37.67412],[-122.38941,37.67436],[-122.38929,37.67461],[-122.38917,37.67485],[-122.38913,37.67493],[-122.38904,37.67513],[-122.38894,37.67537],[-122.38883,37.67562],[-122.38873,37.67587],[-122.38864,37.67612],[-122.38855,37.67638],[-122.38852,37.67651],[-122.38852,37.67651],[-122.38849,37.67663],[-122.38843,37.67689],[-122.38838,37.67715],[-122.38834,37.67741],[-122.38831,37.67767],[-122.38829,37.67794],[-122.38828,37.6782],[-122.38828,37.67846],[-122.3883,37.67873],[-122.38832,37.67899],[-122.38836,37.67924],[-122.3884,37.6795],[-122.38845,37.67977],[-122.38851,37.68003],[-122.38857,37.68029],[-122.38867,37.68081],[-122.38877,37.68133],[-122.38888,37.68185],[-122.38899,37.68236],[-122.38911,37.68287],[-122.39045,37.68881],[-122.39086,37.69062],[-122.3915,37.69346],[-122.39179,37.69477],[-122.39251,37.69798],[-122.39315,37.70081],[-122.3932,37.70104],[-122.39327,37.70134],[-122.39382,37.70378],[-122.39395,37.70434],[-122.39395,37.70434],[-122.39417,37.70532],[-122.39429,37.70584],[-122.39441,37.70636],[-122.39452,37.70687],[-122.39464,37.70739],[-122.39471,37.70773],[-122.39475,37.7079],[-122.39483,37.70825],[-122.39489,37.70848],[-122.39499,37.70895],[-122.39509,37.70942],[-122.39528,37.71026],[-122.3954,37.71077],[-122.39548,37.7111],[-122.39551,37.71122],[-122.39554,37.71136],[-122.39558,37.71149],[-122.39562,37.71161],[-122.39567,37.71175],[-122.39571,37.71187],[-122.39576,37.712],[-122.39581,37.71212],[-122.39586,37.71224],[-122.39592,37.71236],[-122.39598,37.71249],[-122.39604,37.71262],[-122.39611,37.71274],[-122.39618,37.71286],[-122.39625,37.71298],[-122.39633,37.7131],[-122.39641,37.71321],[-122.39649,37.71332],[-122.39658,37.71344],[-122.39666,37.71355],[-122.39675,37.71366],[-122.39684,37.71377],[-122.39758,37.71466],[-122.39781,37.71493],[-122.39794,37.71509],[-122.39802,37.7152],[-122.3981,37.71532],[-122.39818,37.71543],[-122.39826,37.71555],[-122.39833,37.71566],[-122.3984,37.71578],[-122.39847,37.71591],[-122.39853,37.71604],[-122.39858,37.71613],[-122.39859,37.71615],[-122.39865,37.71628],[-122.39871,37.7164],[-122.39875,37.71651],[-122.3988,37.71664],[-122.39885,37.71676],[-122.39889,37.71689],[-122.39893,37.71702],[-122.39897,37.71715],[-122.39901,37.71728],[-122.39905,37.71744],[-122.39905,37.71744],[-122.39945,37.71895],[-122.39947,37.71902],[-122.39966,37.71972],[-122.39989,37.72042],[-122.39999,37.72073],[-122.40006,37.721],[-122.40027,37.72164],[-122.40048,37.72214],[-122.40104,37.7235],[-122.40121,37.72392],[-122.40122,37.72396],[-122.40156,37.72497],[-122.40161,37.72525],[-122.40169,37.72553],[-122.40193,37.72625],[-122.40247,37.72784],[-122.40247,37.72786],[-122.40252,37.72801],[-122.40252,37.72801],[-122.40253,37.72802],[-122.40262,37.72828],[-122.40266,37.72841],[-122.40272,37.72855],[-122.40278,37.72867],[-122.40279,37.72868],[-122.40284,37.7288],[-122.40295,37.72906],[-122.40306,37.72931],[-122.40318,37.72956],[-122.40331,37.72981],[-122.40344,37.73005],[-122.40357,37.73031],[-122.40382,37.73083],[-122.404,37.73118],[-122.40457,37.73248],[-122.40482,37.73298],[-122.40491,37.73319],[-122.40499,37.73344],[-122.40502,37.73363],[-122.40504,37.73383],[-122.40505,37.73403],[-122.40503,37.73424],[-122.40501,37.73443],[-122.40497,37.73462],[-122.40491,37.73481],[-122.40484,37.735],[-122.40475,37.73519],[-122.40465,37.73536],[-122.40454,37.73554],[-122.40442,37.7357],[-122.40425,37.73588],[-122.40408,37.73605],[-122.4039,37.73621],[-122.40368,37.73636],[-122.40292,37.73687],[-122.40268,37.73703],[-122.40243,37.7372],[-122.40218,37.73738],[-122.40195,37.73758],[-122.40173,37.73779],[-122.40153,37.738],[-122.40129,37.7382],[-122.40105,37.73842],[-122.40082,37.73864],[-122.4006,37.73886],[-122.40038,37.73909],[-122.40029,37.7392],[-122.40016,37.73934],[-122.40011,37.73939],[-122.39972,37.73982],[-122.39715,37.74267],[-122.39645,37.74345],[-122.39624,37.74365],[-122.39604,37.74384],[-122.39579,37.74406],[-122.39558,37.74426],[-122.39536,37.74446],[-122.39511,37.74472],[-122.39488,37.74496],[-122.39467,37.7452],[-122.39449,37.74543],[-122.39431,37.74565],[-122.39414,37.74588],[-122.39398,37.74611],[-122.39382,37.74635],[-122.39367,37.74659],[-122.39353,37.74683],[-122.39182,37.74986],[-122.39171,37.75009],[-122.39161,37.75033],[-122.39152,37.75057],[-122.39144,37.75083],[-122.39137,37.75109],[-122.39132,37.75135],[-122.39127,37.75162],[-122.39125,37.75187],[-122.39123,37.75214],[-122.39123,37.75241],[-122.39125,37.75267],[-122.39128,37.75291],[-122.39133,37.75317],[-122.39138,37.75342],[-122.39145,37.75368],[-122.39153,37.75392],[-122.39191,37.75496],[-122.39199,37.75521],[-122.39199,37.75522],[-122.39199,37.75523],[-122.39206,37.75549],[-122.39212,37.75575],[-122.39217,37.75602],[-122.39221,37.75627],[-122.39224,37.75649],[-122.39223,37.75679],[-122.39221,37.7573],[-122.3922,37.75814],[-122.39222,37.75896],[-122.39222,37.75897],[-122.39222,37.75923],[-122.39224,37.75952],[-122.39225,37.7598],[-122.39227,37.76007],[-122.39236,37.76106],[-122.3925,37.76218],[-122.39255,37.76267],[-122.3926,37.76319],[-122.39263,37.76341],[-122.39266,37.76363],[-122.39272,37.76389],[-122.39278,37.76413],[-122.39286,37.76437],[-122.39295,37.76461],[-122.39304,37.76484],[-122.39319,37.76512],[-122.39334,37.76535],[-122.3935,37.76557],[-122.39366,37.76578],[-122.39385,37.766],[-122.39408,37.76624],[-122.39432,37.76646],[-122.3946,37.76669],[-122.39509,37.76707],[-122.3959,37.7677],[-122.39665,37.7683],[-122.39684,37.76848],[-122.39701,37.76863],[-122.39715,37.76878],[-122.39728,37.76894],[-122.39737,37.7691],[-122.39745,37.76925],[-122.39753,37.76943],[-122.3976,37.76962],[-122.39766,37.76981],[-122.39769,37.76997],[-122.39773,37.77019],[-122.39791,37.77169],[-122.39794,37.77196],[-122.39794,37.77219],[-122.39792,37.77242],[-122.39787,37.77261],[-122.39781,37.7728],[-122.39773,37.77298],[-122.39763,37.77316],[-122.39751,37.77333],[-122.39738,37.7735],[-122.39723,37.77365],[-122.39709,37.77377],[-122.39695,37.77388],[-122.39634,37.77437],[-122.39633,37.77437],[-122.39629,37.77441],[-122.39618,37.7745],[-122.39608,37.77457],[-122.39517,37.77527],[-122.3951,37.77532],[-122.39446,37.77582],[-122.3941,37.7761],[-122.39406,37.77613],[-122.39399,37.77619],[-122.39395,37.77622],[-122.39395,37.77622],[-122.39388,37.77627],[-122.39388,37.77627],[-122.39383,37.77631],[-122.39378,37.77635],[-122.39322,37.77679],[-122.39306,37.77691],[-122.39282,37.77712],[-122.39276,37.77716],[-122.39276,37.77716],[-122.39252,37.77734],[-122.39193,37.77779],[-122.39185,37.77786],[-122.39181,37.77788],[-122.39169,37.77798],[-122.39162,37.77804],[-122.39158,37.77807],[-122.39155,37.77809],[-122.39154,37.7781],[-122.39065,37.77882],[-122.3906,37.77886],[-122.38998,37.77937],[-122.38964,37.77964],[-122.3896,37.77967],[-122.38958,37.77969],[-122.38948,37.77976],[-122.38937,37.77985],[-122.38934,37.77987],[-122.3893,37.77991],[-122.38894,37.78019],[-122.38879,37.78032],[-122.3887,37.78041],[-122.38863,37.78049],[-122.38851,37.78064],[-122.38842,37.78077],[-122.38834,37.78091],[-122.38828,37.78105],[-122.38821,37.78124],[-122.38819,37.78132],[-122.38816,37.78144],[-122.38814,37.78159],[-122.38814,37.78164],[-122.38814,37.78166],[-122.38813,37.78177],[-122.38812,37.78192],[-122.38812,37.78195],[-122.38812,37.78195],[-122.3881,37.78218],[-122.3881,37.78228],[-122.3881,37.7824],[-122.3881,37.78249],[-122.38805,37.7831],[-122.38803,37.78322],[-122.38801,37.78335],[-122.388,37.7834],[-122.388,37.78346],[-122.38794,37.78424],[-122.38792,37.78455],[-122.38791,37.78458],[-122.38791,37.78458],[-122.38791,37.78459],[-122.38791,37.78462],[-122.3879,37.78473],[-122.38789,37.78485],[-122.38783,37.78553],[-122.38781,37.7858],[-122.38781,37.78586],[-122.38779,37.7861],[-122.38777,37.78635],[-122.38772,37.78695],[-122.38772,37.78698],[-122.38771,37.78708],[-122.3877,37.78712],[-122.3877,37.78718],[-122.3877,37.78722],[-122.3877,37.78722],[-122.38769,37.78731],[-122.38769,37.78747],[-122.38769,37.78762],[-122.3877,37.78778],[-122.38772,37.78794],[-122.38775,37.7881],[-122.38778,37.78827],[-122.38794,37.78885],[-122.38799,37.789],[-122.38806,37.78916],[-122.38814,37.78931],[-122.38822,37.78943],[-122.38829,37.78951],[-122.38832,37.78954],[-122.38841,37.78965],[-122.3885,37.78975],[-122.3886,37.78983],[-122.38881,37.79001],[-122.3889,37.79008],[-122.38928,37.79039],[-122.38942,37.7905],[-122.3898,37.79081],[-122.38983,37.79084],[-122.38992,37.79092],[-122.39001,37.79102],[-122.39012,37.79113],[-122.39013,37.79116],[-122.39022,37.79127],[-122.39031,37.7914],[-122.39039,37.79155],[-122.39046,37.79171],[-122.39049,37.79176],[-122.39064,37.79209],[-122.39072,37.79222],[-122.3908,37.79234],[-122.39087,37.79242],[-122.39089,37.79246],[-122.39097,37.79255],[-122.39106,37.79264],[-122.39122,37.79278],[-122.39219,37.7936],[-122.39231,37.79371],[-122.39235,37.79375],[-122.39245,37.79383],[-122.39254,37.79392],[-122.3928,37.79414],[-122.39303,37.79436],[-122.39305,37.79438],[-122.39309,37.79441],[-122.3932,37.79452],[-122.39328,37.79459],[-122.39331,37.79462],[-122.39342,37.79472],[-122.39356,37.79487],[-122.39362,37.79493],[-122.39372,37.79504],[-122.39373,37.79505],[-122.39381,37.79514],[-122.39391,37.79525]]}},{"type":"Feature","properties":{"from":"Sausalito","weight":0.368},"geometry":{"type":"LineString","coordinates":[[-122.48517,37.85927],[-122.48502,37.8592],[-122.48494,37.85916],[-122.48487,37.85913],[-122.48454,37.85898],[-122.48447,37.85895],[-122.48443,37.85894],[-122.48435,37.8589],[-122.48427,37.85887],[-122.48419,37.85883],[-122.4841,37.8588],[-122.48402,37.85877],[-122.48394,37.85874],[-122.48372,37.85867],[-122.48343,37.85857],[-122.48333,37.85853],[-122.48324,37.8585],[-122.48316,37.85847],[-122.48306,37.85844],[-122.48322,37.85835],[-122.48325,37.85833],[-122.48363,37.8581],[-122.48377,37.85801],[-122.48393,37.85788],[-122.48409,37.85762],[-122.48424,37.85658],[-122.48433,37.85611],[-122.48436,37.85596],[-122.48438,37.85576],[-122.48437,37.85567],[-122.4843,37.85555],[-122.48407,37.85542],[-122.48382,37.85538],[-122.48379,37.85536],[-122.48355,37.85532],[-122.48337,37.85529],[-122.48328,37.85527],[-122.48323,37.85524],[-122.48307,37.85515],[-122.48288,37.855],[-122.48281,37.85493],[-122.48275,37.85488],[-122.48268,37.85474],[-122.48265,37.8547],[-122.48241,37.85425],[-122.48237,37.85401],[-122.48243,37.85388],[-122.48245,37.85371],[-122.48247,37.85357],[-122.48252,37.85348],[-122.48266,37.85347],[-122.4828,37.85347],[-122.48292,37.85345],[-122.48298,37.85337],[-122.4827,37.85307],[-122.48264,37.85298],[-122.48265,37.85292],[-122.48267,37.85289],[-122.4827,37.85285],[-122.48334,37.8531],[-122.4835,37.85322],[-122.48364,37.85332],[-122.48375,37.85345],[-122.48389,37.85355],[-122.48455,37.85375],[-122.48471,37.85377],[-122.48488,37.85375],[-122.48511,37.85372],[-122.48513,37.85372],[-122.48545,37.85371],[-122.48635,37.85366],[-122.48671,37.85363],[-122.48694,37.85359],[-122.48715,37.85354],[-122.48744,37.8534],[-122.48771,37.85334],[-122.4879,37.85332],[-122.48821,37.85332],[-122.48844,37.85325],[-122.48859,37.85312],[-122.48859,37.85292],[-122.48842,37.8526],[-122.48848,37.85246],[-122.48884,37.85229],[-122.48911,37.85204],[-122.48987,37.85175],[-122.4903,37.8516],[-122.49038,37.85168],[-122.49047,37.85178],[-122.49057,37.85188],[-122.49066,37.85196],[-122.49075,37.85203],[-122.49085,37.85211],[-122.49098,37.85219],[-122.49119,37.85233],[-122.49125,37.85237],[-122.49125,37.85237],[-122.49138,37.85245],[-122.49156,37.85258],[-122.49174,37.85272],[-122.49193,37.85287],[-122.49207,37.85299],[-122.49212,37.85296],[-122.49217,37.85294],[-122.49222,37.85293],[-122.49227,37.85291],[-122.49239,37.85289],[-122.49249,37.85289],[-122.49276,37.85287],[-122.493,37.85286],[-122.49307,37.85286],[-122.49314,37.85286],[-122.49319,37.85286],[-122.49324,37.85286],[-122.49328,37.85287],[-122.49334,37.85288],[-122.49338,37.8529],[-122.49342,37.85293],[-122.49345,37.85295],[-122.49347,37.85298],[-122.49348,37.85301],[-122.49349,37.85305],[-122.49348,37.85307],[-122.49348,37.8531],[-122.49347,37.85312],[-122.49346,37.85315],[-122.49344,37.85317],[-122.49342,37.8532],[-122.4934,37.85322],[-122.49336,37.85324],[-122.49333,37.85326],[-122.49329,37.85327],[-122.49325,37.85328],[-122.49325,37.85328],[-122.49322,37.85328],[-122.49318,37.85328],[-122.49315,37.85327],[-122.49311,37.85326],[-122.49305,37.85322],[-122.49291,37.8531],[-122.49287,37.85306],[-122.49281,37.853],[-122.49273,37.85295],[-122.49254,37.8528],[-122.49243,37.85269],[-122.49232,37.85259],[-122.49221,37.8525],[-122.49209,37.85241],[-122.49196,37.85232],[-122.49183,37.85224],[-122.4917,37.85216],[-122.49158,37.85207],[-122.49145,37.85199],[-122.49133,37.85191],[-122.4912,37.85182],[-122.49107,37.85174],[-122.49095,37.85166],[-122.49082,37.85157],[-122.49071,37.85148],[-122.4906,37.85138],[-122.49049,37.85127],[-122.4904,37.85117],[-122.49031,37.85106],[-122.49023,37.85095],[-122.49015,37.85083],[-122.49008,37.85071],[-122.49002,37.8506],[-122.48996,37.85047],[-122.48992,37.85035],[-122.48987,37.85022],[-122.48984,37.85009],[-122.48981,37.84996],[-122.48979,37.84983],[-122.48977,37.84971],[-122.48974,37.84958],[-122.48971,37.84945],[-122.48967,37.84932],[-122.48963,37.8492],[-122.48957,37.84907],[-122.48951,37.84895],[-122.48944,37.84884],[-122.48936,37.84872],[-122.48927,37.84861],[-122.48918,37.8485],[-122.48908,37.8484],[-122.48897,37.8483],[-122.48885,37.84821],[-122.48873,37.84812],[-122.48861,37.84803],[-122.48772,37.84744],[-122.4876,37.84735],[-122.48748,37.84727],[-122.48736,37.84717],[-122.48726,37.84707],[-122.48716,37.84697],[-122.48706,37.84687],[-122.48698,37.84675],[-122.4869,37.84664],[-122.48684,37.84651],[-122.48678,37.84639],[-122.48673,37.84627],[-122.48669,37.84614],[-122.48666,37.84603],[-122.48663,37.8459],[-122.48592,37.84319],[-122.4859,37.84311],[-122.48587,37.84298],[-122.48584,37.84285],[-122.48582,37.84272],[-122.4858,37.84259],[-122.4858,37.84246],[-122.48581,37.84233],[-122.48582,37.84219],[-122.48584,37.84206],[-122.48587,37.84193],[-122.48591,37.84181],[-122.48596,37.84168],[-122.48602,37.84155],[-122.48609,37.84143],[-122.48616,37.84132],[-122.48624,37.8412],[-122.48649,37.84086],[-122.48657,37.84074],[-122.48665,37.84063],[-122.48672,37.84051],[-122.48678,37.84039],[-122.48684,37.84027],[-122.48688,37.84014],[-122.48692,37.84002],[-122.48695,37.83989],[-122.48697,37.83975],[-122.48698,37.83963],[-122.48698,37.8395],[-122.48697,37.83936],[-122.48696,37.83923],[-122.48693,37.83911],[-122.4869,37.83898],[-122.48686,37.83885],[-122.48681,37.83873],[-122.48675,37.8386],[-122.48668,37.83848],[-122.4866,37.83837],[-122.48572,37.8371],[-122.48565,37.83698],[-122.48557,37.83687],[-122.48549,37.83675],[-122.48542,37.83663],[-122.48534,37.83652],[-122.48527,37.8364],[-122.4852,37.83628],[-122.48517,37.83624],[-122.48517,37.83624],[-122.48484,37.83568],[-122.48442,37.83497],[-122.48435,37.83485],[-122.48427,37.83474],[-122.4842,37.83463],[-122.48412,37.83452],[-122.48401,37.83439],[-122.48391,37.83428],[-122.48382,37.83418],[-122.48372,37.83408],[-122.4836,37.83398],[-122.48349,37.83389],[-122.48338,37.8338],[-122.48326,37.83371],[-122.48314,37.83363],[-122.483,37.83354],[-122.48287,37.83346],[-122.48274,37.83339],[-122.4826,37.83331],[-122.48243,37.83323],[-122.48236,37.83319],[-122.48216,37.83309],[-122.48172,37.83287],[-122.48159,37.8328],[-122.48145,37.83273],[-122.48132,37.83265],[-122.48119,37.83257],[-122.48101,37.83243],[-122.48088,37.83233],[-122.48085,37.83231],[-122.48072,37.83219],[-122.48065,37.83212],[-122.48061,37.83208],[-122.48051,37.83197],[-122.48043,37.83186],[-122.48034,37.83174],[-122.48025,37.83161],[-122.48018,37.83149],[-122.48011,37.83136],[-122.48006,37.83124],[-122.48001,37.83111],[-122.47997,37.83098],[-122.47993,37.83084],[-122.4799,37.83071],[-122.47988,37.83058],[-122.47986,37.83042],[-122.47984,37.83027],[-122.47743,37.80963],[-122.47741,37.80953],[-122.47739,37.80942],[-122.47736,37.80931],[-122.47733,37.80921],[-122.47729,37.8091],[-122.47724,37.80899],[-122.47718,37.80886],[-122.47711,37.80875],[-122.47704,37.80863],[-122.47696,37.80853],[-122.47688,37.80842],[-122.47678,37.8083],[-122.47668,37.80819],[-122.47657,37.80806],[-122.47618,37.80776],[-122.47607,37.80767],[-122.47596,37.80758],[-122.47585,37.80747],[-122.4757,37.80733],[-122.47565,37.80728],[-122.47563,37.80727],[-122.47558,37.80722],[-122.47553,37.80717],[-122.4749,37.80657],[-122.47489,37.80656],[-122.47487,37.80653],[-122.47483,37.80649],[-122.47481,37.80645],[-122.47478,37.80641],[-122.47476,37.80637],[-122.47473,37.80632],[-122.4747,37.80629],[-122.47466,37.80625],[-122.47462,37.80621],[-122.4745,37.8061],[-122.47449,37.80609],[-122.47443,37.80604],[-122.47433,37.80594],[-122.47424,37.80586],[-122.47413,37.80575],[-122.47402,37.80565],[-122.47397,37.8056],[-122.47392,37.80555],[-122.47381,37.80546],[-122.4737,37.80536],[-122.47359,37.80526],[-122.47348,37.80517],[-122.47337,37.80507],[-122.47326,37.80498],[-122.47314,37.80489],[-122.47303,37.80479],[-122.47291,37.8047],[-122.47279,37.80462],[-122.47267,37.80453],[-122.47255,37.80444],[-122.47249,37.8044],[-122.47236,37.80431],[-122.47169,37.80392],[-122.47162,37.80387],[-122.47155,37.80383],[-122.47148,37.80379],[-122.47141,37.80376],[-122.47135,37.80372],[-122.47127,37.80368],[-122.4712,37.80365],[-122.47113,37.80361],[-122.47105,37.80358],[-122.47098,37.80355],[-122.47092,37.80352],[-122.47084,37.80348],[-122.47078,37.80345],[-122.47068,37.80341],[-122.47058,37.80337],[-122.47048,37.80333],[-122.47038,37.80329],[-122.47025,37.80324],[-122.47012,37.80319],[-122.46997,37.80313],[-122.46985,37.80309],[-122.46972,37.80304],[-122.4696,37.80301],[-122.46948,37.80297],[-122.46935,37.80293],[-122.46922,37.80289],[-122.46911,37.80286],[-122.46899,37.80282],[-122.46885,37.80279],[-122.46871,37.80275],[-122.46858,37.80272],[-122.46843,37.80269],[-122.46829,37.80266],[-122.46816,37.80263],[-122.4681,37.80262],[-122.4681,37.80262],[-122.46803,37.8026],[-122.46791,37.80258],[-122.46787,37.80257],[-122.46618,37.80225],[-122.46604,37.80222],[-122.46571,37.80214],[-122.46527,37.80206],[-122.46488,37.80198],[-122.46473,37.80195],[-122.46305,37.80161],[-122.4628,37.80157],[-122.46254,37.80154],[-122.46228,37.80151],[-122.46203,37.8015],[-122.46179,37.8015],[-122.46152,37.8015],[-122.46134,37.80152],[-122.46125,37.80153],[-122.46109,37.80154],[-122.46093,37.80156],[-122.46076,37.80159],[-122.46061,37.80162],[-122.46045,37.80165],[-122.46032,37.80169],[-122.46019,37.80172],[-122.46004,37.80176],[-122.45989,37.80181],[-122.45974,37.80186],[-122.45855,37.80226],[-122.45818,37.80238],[-122.45781,37.8025],[-122.45767,37.80255],[-122.45717,37.80268],[-122.45685,37.80275],[-122.45648,37.80283],[-122.45594,37.80291],[-122.45544,37.80297],[-122.45533,37.80299],[-122.45495,37.80303],[-122.45455,37.80306],[-122.45426,37.80308],[-122.45413,37.80309],[-122.45407,37.80309],[-122.45399,37.80309],[-122.45391,37.80309],[-122.45383,37.8031],[-122.45376,37.8031],[-122.45367,37.80311],[-122.45358,37.80312],[-122.45352,37.80313],[-122.4535,37.80313],[-122.45345,37.80314],[-122.45338,37.80315],[-122.45257,37.80328],[-122.45248,37.80329],[-122.4524,37.8033],[-122.45231,37.8033],[-122.45223,37.80331],[-122.45215,37.80331],[-122.45206,37.80331],[-122.45197,37.8033],[-122.45189,37.8033],[-122.45181,37.80329],[-122.45173,37.80328],[-122.45165,37.80327],[-122.45157,37.80326],[-122.45148,37.80324],[-122.4514,37.80322],[-122.45133,37.8032],[-122.45124,37.80318],[-122.45119,37.80316],[-122.45115,37.80315],[-122.45113,37.80314],[-122.45111,37.80313],[-122.45105,37.80311],[-122.45098,37.80308],[-122.4509,37.80305],[-122.45083,37.80302],[-122.45076,37.80298],[-122.4507,37.80295],[-122.45063,37.80291],[-122.45056,37.80287],[-122.4505,37.80282],[-122.45044,37.80278],[-122.45039,37.80274],[-122.45033,37.80269],[-122.45027,37.80265],[-122.44995,37.80236],[-122.44967,37.80212],[-122.44956,37.80203],[-122.44945,37.80194],[-122.44934,37.80185],[-122.44922,37.80176],[-122.4491,37.80167],[-122.44836,37.80116],[-122.44818,37.80104],[-122.44815,37.80102],[-122.44805,37.80095],[-122.44797,37.80089],[-122.44788,37.80084],[-122.44786,37.80083],[-122.44785,37.80082],[-122.44777,37.80076],[-122.44765,37.80067],[-122.44752,37.80058],[-122.44746,37.80054],[-122.44734,37.80045],[-122.44724,37.80038],[-122.44717,37.80033],[-122.44714,37.80032],[-122.44634,37.79977],[-122.44614,37.79963],[-122.44606,37.79957],[-122.44598,37.79951],[-122.44596,37.79951],[-122.44588,37.79945],[-122.44558,37.79925],[-122.44515,37.79895],[-122.44509,37.79891],[-122.44504,37.79888],[-122.44497,37.79884],[-122.44491,37.79881],[-122.44485,37.79879],[-122.44477,37.79877],[-122.44471,37.79876],[-122.44463,37.79875],[-122.44456,37.79874],[-122.44449,37.79874],[-122.44445,37.79874],[-122.44443,37.79874],[-122.44432,37.79875],[-122.44424,37.79876],[-122.44411,37.79878],[-122.44404,37.79879],[-122.44391,37.7988],[-122.44364,37.79884],[-122.4431,37.79891],[-122.44285,37.79894],[-122.44278,37.79895],[-122.44266,37.79896],[-122.44255,37.79898],[-122.44178,37.79908],[-122.44109,37.79916],[-122.44099,37.79917],[-122.4409,37.79919],[-122.44036,37.79925],[-122.43994,37.79931],[-122.43952,37.79936],[-122.43944,37.79937],[-122.43934,37.79938],[-122.43925,37.79939],[-122.43916,37.79941],[-122.43904,37.79942],[-122.43877,37.79946],[-122.43849,37.79949],[-122.4378,37.79958],[-122.4377,37.79959],[-122.4376,37.7996],[-122.43722,37.79965],[-122.43624,37.79978],[-122.43615,37.79979],[-122.43606,37.7998],[-122.43596,37.79981],[-122.4352,37.79991],[-122.43451,37.8],[-122.43441,37.80001],[-122.43431,37.80002],[-122.43387,37.80008],[-122.43355,37.80012],[-122.43287,37.80021],[-122.43277,37.80022],[-122.43267,37.80023],[-122.43131,37.80041],[-122.43126,37.80041],[-122.43121,37.80042],[-122.43112,37.80043],[-122.43103,37.80044],[-122.43032,37.80053],[-122.43014,37.80056],[-122.42957,37.80063],[-122.42948,37.80064],[-122.42938,37.80065],[-122.42938,37.80065],[-122.42824,37.8008],[-122.42794,37.80084],[-122.42783,37.80085],[-122.42775,37.80087],[-122.42748,37.8009],[-122.42669,37.801],[-122.42629,37.80105],[-122.42619,37.80106],[-122.42609,37.80108],[-122.42542,37.80116],[-122.4252,37.80119],[-122.42509,37.8012],[-122.42504,37.80121],[-122.42475,37.80125],[-122.42466,37.80126],[-122.42465,37.80117],[-122.42452,37.80054],[-122.4245,37.80048],[-122.42448,37.80041],[-122.42446,37.80034],[-122.42446,37.80032],[-122.42431,37.79961],[-122.42431,37.79959],[-122.4243,37.79956],[-122.42429,37.79948],[-122.42427,37.79941],[-122.42425,37.79929],[-122.42423,37.79916],[-122.4242,37.79901],[-122.42415,37.79874],[-122.42413,37.79863],[-122.42411,37.79854],[-122.42408,37.79846],[-122.42408,37.79844],[-122.42393,37.7977],[-122.42391,37.79761],[-122.4239,37.79754],[-122.42389,37.79752],[-122.42383,37.79721],[-122.42381,37.79703],[-122.42376,37.79679],[-122.42375,37.79677],[-122.42374,37.79668],[-122.42373,37.79661],[-122.42372,37.79655],[-122.42364,37.79616],[-122.42358,37.79583],[-122.42355,37.79573],[-122.42355,37.79573],[-122.42351,37.79574],[-122.42344,37.79574],[-122.42339,37.79575],[-122.42332,37.79576],[-122.42325,37.79577],[-122.42269,37.79584],[-122.42221,37.7959],[-122.42189,37.79594],[-122.42179,37.79595],[-122.42168,37.79593],[-122.42098,37.79601],[-122.4203,37.79605],[-122.42023,37.79606],[-122.42021,37.79606],[-122.42012,37.79606],[-122.42003,37.79607],[-122.41949,37.79613],[-122.41784,37.79633],[-122.41127,37.79719],[-122.41109,37.79722],[-122.41093,37.79725],[-122.4107,37.79729],[-122.41056,37.79732],[-122.41038,37.79735],[-122.41027,37.79741],[-122.41017,37.79742],[-122.40972,37.79749],[-122.40905,37.79758],[-122.40875,37.79761],[-122.40863,37.79763],[-122.40853,37.79764],[-122.40832,37.79767],[-122.40787,37.79772],[-122.40775,37.79774],[-122.40735,37.79778],[-122.40712,37.79781],[-122.40703,37.79782],[-122.40697,37.79783],[-122.40685,37.79785],[-122.40674,37.79786],[-122.40663,37.79787],[-122.4065,37.79789],[-122.40632,37.79792],[-122.40625,37.79792],[-122.40593,37.79796],[-122.40564,37.798],[-122.4055,37.79802],[-122.40541,37.79803],[-122.40502,37.79808],[-122.4047,37.79812],[-122.40434,37.79817],[-122.40401,37.79821],[-122.40395,37.79822],[-122.40388,37.79823],[-122.40379,37.79824],[-122.40354,37.79827],[-122.40326,37.7983],[-122.40309,37.79833],[-122.40243,37.79841],[-122.40235,37.79842],[-122.40224,37.79843],[-122.40214,37.79845],[-122.40118,37.79857],[-122.40107,37.79859],[-122.40096,37.7986],[-122.4,37.79872],[-122.39987,37.79874],[-122.39979,37.79875],[-122.39956,37.79878],[-122.39882,37.79887],[-122.39871,37.79888],[-122.39862,37.7989],[-122.39844,37.79892],[-122.39836,37.79893],[-122.39827,37.79895],[-122.39819,37.79897],[-122.39811,37.799],[-122.39807,37.79903],[-122.39798,37.79907],[-122.39788,37.79913],[-122.39782,37.79916],[-122.39779,37.79918],[-122.39778,37.79917],[-122.39769,37.79907],[-122.39768,37.79905],[-122.39768,37.79905],[-122.39767,37.79905],[-122.39661,37.79788],[-122.39629,37.79751],[-122.39595,37.79711],[-122.39569,37.7968],[-122.39556,37.79663],[-122.39552,37.7966],[-122.39546,37.79652],[-122.39508,37.79608],[-122.395,37.79599],[-122.39498,37.79595],[-122.39488,37.79583],[-122.39481,37.79571],[-122.39474,37.79561],[-122.39458,37.79532],[-122.39451,37.79522],[-122.39445,37.79513],[-122.39435,37.79502],[-122.39431,37.79498],[-122.39425,37.79492],[-122.39416,37.79484],[-122.39405,37.79475],[-122.39394,37.79467],[-122.39374,37.79454],[-122.39367,37.7945],[-122.39341,37.7944],[-122.39336,37.79439],[-122.3933,37.79437],[-122.39328,37.79437],[-122.39326,37.79438],[-122.39325,37.79438],[-122.39324,37.79438],[-122.39322,37.7944],[-122.3932,37.79441],[-122.39319,37.79444],[-122.39318,37.79447],[-122.3932,37.79452],[-122.39328,37.79459],[-122.39331,37.79462],[-122.39342,37.79472],[-122.39356,37.79487],[-122.39362,37.79493],[-122.39372,37.79504],[-122.39373,37.79505],[-122.39381,37.79514],[-122.39391,37.79525]]}},{"type":"Feature","properties":{"from":"WalnutCreek","weight":0.871},"geometry":{"type":"LineString","coordinates":[[-122.06518,37.9101],[-122.06524,37.91047],[-122.06527,37.91083],[-122.06528,37.91091],[-122.06529,37.91109],[-122.0653,37.91118],[-122.06531,37.91132],[-122.06533,37.91148],[-122.06535,37.91185],[-122.06536,37.91193],[-122.06537,37.91206],[-122.06537,37.91215],[-122.06537,37.91235],[-122.06537,37.91248],[-122.0654,37.91298],[-122.06543,37.91352],[-122.06549,37.91401],[-122.06551,37.91407],[-122.06552,37.91414],[-122.06553,37.9142],[-122.06559,37.9145],[-122.06559,37.91451],[-122.06562,37.91465],[-122.06564,37.91481],[-122.06579,37.91645],[-122.06579,37.91652],[-122.06579,37.9166],[-122.06579,37.91666],[-122.06579,37.91672],[-122.06579,37.91675],[-122.06579,37.91677],[-122.06578,37.91683],[-122.06578,37.91685],[-122.06577,37.91692],[-122.06575,37.91704],[-122.06572,37.91717],[-122.06569,37.91728],[-122.0658,37.91734],[-122.06593,37.91735],[-122.06601,37.91736],[-122.0662,37.91735],[-122.06634,37.91735],[-122.06651,37.91734],[-122.06685,37.91732],[-122.06704,37.91726],[-122.06715,37.91716],[-122.06717,37.91716],[-122.0672,37.91709],[-122.06724,37.91702],[-122.06743,37.91663],[-122.06747,37.91654],[-122.06748,37.91637],[-122.06745,37.91624],[-122.06739,37.91608],[-122.06727,37.91587],[-122.06717,37.91573],[-122.0669,37.91531],[-122.0668,37.9151],[-122.06676,37.91491],[-122.06676,37.91467],[-122.06692,37.91412],[-122.06703,37.91375],[-122.06716,37.913],[-122.06786,37.91103],[-122.06794,37.91081],[-122.0682,37.91007],[-122.06835,37.90966],[-122.06864,37.90915],[-122.06885,37.90864],[-122.06893,37.90845],[-122.06909,37.90803],[-122.06938,37.9072],[-122.06977,37.9061],[-122.06981,37.90599],[-122.06985,37.90588],[-122.0699,37.90575],[-122.06994,37.90562],[-122.06996,37.90554],[-122.06999,37.90546],[-122.07002,37.90536],[-122.07003,37.90532],[-122.0701,37.90507],[-122.07017,37.90481],[-122.07024,37.90455],[-122.07029,37.90429],[-122.07035,37.90402],[-122.07067,37.90245],[-122.07093,37.90115],[-122.07129,37.89932],[-122.07132,37.89919],[-122.07135,37.89906],[-122.07138,37.89893],[-122.07142,37.89881],[-122.07147,37.89868],[-122.07152,37.89856],[-122.07158,37.89843],[-122.07164,37.89831],[-122.07171,37.8982],[-122.07179,37.89808],[-122.07187,37.89796],[-122.07195,37.89785],[-122.07204,37.89774],[-122.07214,37.89764],[-122.07224,37.89753],[-122.07234,37.89743],[-122.07245,37.89733],[-122.07247,37.89732],[-122.07255,37.89725],[-122.07264,37.89718],[-122.07275,37.8971],[-122.07286,37.89702],[-122.07298,37.89694],[-122.07309,37.89687],[-122.07323,37.8968],[-122.07335,37.89673],[-122.07348,37.89667],[-122.07363,37.89661],[-122.07376,37.89655],[-122.07391,37.89649],[-122.07406,37.89644],[-122.07419,37.8964],[-122.07434,37.89636],[-122.07449,37.89632],[-122.07463,37.89629],[-122.07478,37.89626],[-122.07494,37.89623],[-122.07508,37.89621],[-122.07524,37.8962],[-122.07539,37.89618],[-122.07555,37.89617],[-122.0757,37.89617],[-122.07586,37.89617],[-122.07603,37.89617],[-122.07619,37.89618],[-122.07635,37.8962],[-122.0765,37.89621],[-122.07667,37.89624],[-122.07683,37.89626],[-122.07698,37.8963],[-122.07714,37.89633],[-122.07729,37.89637],[-122.07745,37.89641],[-122.07976,37.89705],[-122.08084,37.89737],[-122.08095,37.8974],[-122.08116,37.89745],[-122.08132,37.89749],[-122.08147,37.89753],[-122.08162,37.89757],[-122.08178,37.89761],[-122.08194,37.89765],[-122.08225,37.89773],[-122.08241,37.89776],[-122.08256,37.8978],[-122.08272,37.89784],[-122.08288,37.89787],[-122.08304,37.89791],[-122.08319,37.89794],[-122.08335,37.89797],[-122.08352,37.898],[-122.08367,37.89803],[-122.08384,37.89806],[-122.084,37.89808],[-122.08416,37.8981],[-122.08432,37.89812],[-122.08449,37.89814],[-122.08465,37.89815],[-122.08481,37.89816],[-122.08497,37.89817],[-122.08514,37.89818],[-122.0853,37.89819],[-122.08544,37.89819],[-122.08557,37.8982],[-122.08573,37.8982],[-122.08589,37.8982],[-122.08606,37.8982],[-122.08623,37.8982],[-122.08639,37.89819],[-122.08901,37.89812],[-122.08937,37.89811],[-122.09014,37.89808],[-122.09069,37.89806],[-122.09185,37.89803],[-122.09515,37.89793],[-122.09552,37.89792],[-122.09637,37.89789],[-122.09663,37.89788],[-122.09696,37.89787],[-122.09712,37.89787],[-122.09729,37.89786],[-122.09745,37.89785],[-122.09762,37.89784],[-122.09778,37.89783],[-122.09795,37.89782],[-122.09811,37.8978],[-122.09828,37.89779],[-122.09828,37.89779],[-122.09844,37.89778],[-122.09861,37.89776],[-122.09877,37.89774],[-122.09893,37.89772],[-122.0991,37.8977],[-122.09926,37.89768],[-122.09942,37.89766],[-122.09956,37.89765],[-122.09974,37.89762],[-122.10027,37.89755],[-122.10283,37.89713],[-122.10913,37.89608],[-122.10946,37.89603],[-122.10978,37.89598],[-122.1101,37.89593],[-122.11044,37.89588],[-122.11223,37.89561],[-122.11253,37.89556],[-122.11286,37.89551],[-122.11318,37.89546],[-122.11351,37.89541],[-122.11383,37.89536],[-122.11416,37.89531],[-122.11448,37.89526],[-122.11481,37.8952],[-122.1163,37.89496],[-122.11631,37.89496],[-122.11632,37.89496],[-122.11699,37.89485],[-122.11878,37.89455],[-122.11878,37.89455],[-122.1195,37.89444],[-122.12098,37.8942],[-122.12139,37.89413],[-122.12189,37.89404],[-122.12208,37.894],[-122.12224,37.89397],[-122.1224,37.89393],[-122.12256,37.8939],[-122.12272,37.89386],[-122.12288,37.89383],[-122.12304,37.89379],[-122.12319,37.89375],[-122.12335,37.89371],[-122.12442,37.89346],[-122.12488,37.89334],[-122.1258,37.89312],[-122.12656,37.89294],[-122.12844,37.89247],[-122.12913,37.89231],[-122.13139,37.89176],[-122.13359,37.89122],[-122.13391,37.89114],[-122.13407,37.8911],[-122.13423,37.89107],[-122.13438,37.89103],[-122.13454,37.891],[-122.1347,37.89097],[-122.13486,37.89095],[-122.13502,37.89092],[-122.13519,37.8909],[-122.13535,37.89088],[-122.13551,37.89086],[-122.13567,37.89085],[-122.13584,37.89084],[-122.136,37.89083],[-122.13616,37.89082],[-122.13633,37.89082],[-122.13649,37.89082],[-122.13665,37.89082],[-122.13682,37.89083],[-122.13698,37.89084],[-122.13715,37.89084],[-122.13731,37.89086],[-122.13747,37.89087],[-122.13764,37.89089],[-122.1378,37.89091],[-122.13796,37.89093],[-122.13812,37.89096],[-122.13828,37.89099],[-122.13844,37.89101],[-122.13861,37.89104],[-122.13973,37.89124],[-122.1407,37.89141],[-122.14087,37.89144],[-122.14103,37.89146],[-122.14119,37.89149],[-122.14135,37.89151],[-122.14152,37.89154],[-122.14168,37.89156],[-122.14185,37.89158],[-122.14201,37.89159],[-122.14218,37.89161],[-122.14234,37.89162],[-122.14251,37.89163],[-122.14267,37.89164],[-122.14284,37.89164],[-122.14301,37.89165],[-122.14317,37.89165],[-122.14334,37.89165],[-122.1435,37.89165],[-122.14367,37.89165],[-122.14384,37.89164],[-122.14404,37.89163],[-122.14418,37.89162],[-122.14433,37.89161],[-122.1445,37.89159],[-122.14621,37.89145],[-122.14647,37.89144],[-122.1468,37.89141],[-122.14696,37.8914],[-122.14713,37.89139],[-122.14729,37.89138],[-122.14745,37.89138],[-122.14762,37.89137],[-122.14778,37.89137],[-122.14795,37.89137],[-122.14811,37.89137],[-122.14828,37.89138],[-122.14844,37.89139],[-122.14861,37.8914],[-122.14876,37.8914],[-122.14893,37.89142],[-122.1491,37.89143],[-122.14926,37.89145],[-122.14942,37.89147],[-122.14958,37.89149],[-122.14974,37.89151],[-122.14991,37.89154],[-122.15087,37.89168],[-122.152,37.89185],[-122.15424,37.89219],[-122.15479,37.89227],[-122.15636,37.8925],[-122.15703,37.89261],[-122.15704,37.89261],[-122.15799,37.89275],[-122.15912,37.89292],[-122.15928,37.89294],[-122.15944,37.89296],[-122.15961,37.89298],[-122.15977,37.893],[-122.15993,37.89302],[-122.1601,37.89304],[-122.16026,37.89305],[-122.16043,37.89307],[-122.16059,37.89308],[-122.16075,37.8931],[-122.16092,37.89311],[-122.16108,37.89312],[-122.16124,37.89313],[-122.16141,37.89314],[-122.16157,37.89315],[-122.16174,37.89315],[-122.1619,37.89316],[-122.16207,37.89317],[-122.16223,37.89317],[-122.1624,37.89317],[-122.16256,37.89317],[-122.16273,37.89318],[-122.16289,37.89318],[-122.16306,37.89317],[-122.16322,37.89317],[-122.16339,37.89317],[-122.16355,37.89317],[-122.16371,37.89316],[-122.16388,37.89316],[-122.16405,37.89315],[-122.16421,37.89314],[-122.16438,37.89313],[-122.16454,37.89312],[-122.1647,37.89311],[-122.16487,37.8931],[-122.16503,37.89308],[-122.16536,37.89306],[-122.16569,37.89302],[-122.16602,37.89298],[-122.16635,37.89294],[-122.16667,37.89289],[-122.16707,37.89283],[-122.16732,37.89279],[-122.16764,37.89274],[-122.16796,37.89268],[-122.16828,37.89261],[-122.1686,37.89254],[-122.16891,37.89247],[-122.16923,37.89239],[-122.16954,37.89231],[-122.16979,37.89224],[-122.16979,37.89224],[-122.16985,37.89222],[-122.17017,37.89214],[-122.17048,37.89204],[-122.17078,37.89195],[-122.17109,37.89185],[-122.1714,37.89174],[-122.17169,37.89163],[-122.17199,37.89152],[-122.17229,37.8914],[-122.17258,37.89128],[-122.17287,37.89115],[-122.17316,37.89101],[-122.1733,37.89094],[-122.17331,37.89094],[-122.17331,37.89094],[-122.17331,37.89094],[-122.17344,37.89087],[-122.17372,37.89073],[-122.17399,37.89058],[-122.17426,37.89043],[-122.17452,37.89026],[-122.17478,37.8901],[-122.17503,37.88994],[-122.17529,37.88976],[-122.17553,37.88958],[-122.17577,37.88939],[-122.176,37.88921],[-122.17623,37.88901],[-122.17645,37.88881],[-122.17667,37.8886],[-122.17687,37.88839],[-122.17707,37.88819],[-122.17727,37.88798],[-122.17746,37.88776],[-122.17764,37.88754],[-122.17782,37.88732],[-122.17799,37.8871],[-122.17816,37.88687],[-122.17832,37.88664],[-122.17847,37.8864],[-122.17861,37.88616],[-122.17876,37.88593],[-122.1789,37.88569],[-122.17927,37.8851],[-122.17978,37.88428],[-122.18029,37.88346],[-122.18036,37.88334],[-122.18043,37.88322],[-122.18051,37.88311],[-122.18058,37.88299],[-122.18066,37.88287],[-122.18074,37.88276],[-122.18082,37.88264],[-122.18091,37.88253],[-122.18099,37.88242],[-122.18108,37.88231],[-122.18117,37.8822],[-122.18127,37.88209],[-122.18136,37.88199],[-122.18146,37.88188],[-122.18156,37.88178],[-122.18166,37.88168],[-122.18176,37.88157],[-122.18187,37.88148],[-122.18198,37.88137],[-122.18209,37.88128],[-122.1822,37.88118],[-122.18231,37.88109],[-122.18243,37.881],[-122.18255,37.8809],[-122.18267,37.88081],[-122.18278,37.88072],[-122.18374,37.88],[-122.18378,37.87996],[-122.18459,37.87935],[-122.18487,37.87913],[-122.18493,37.87909],[-122.18505,37.879],[-122.18517,37.87891],[-122.18528,37.87882],[-122.1854,37.87873],[-122.18551,37.87863],[-122.18562,37.87853],[-122.18573,37.87843],[-122.18584,37.87833],[-122.18594,37.87824],[-122.18605,37.87813],[-122.18615,37.87803],[-122.18625,37.87792],[-122.18634,37.87782],[-122.18644,37.87771],[-122.18653,37.8776],[-122.18662,37.87749],[-122.18671,37.87738],[-122.18671,37.87738],[-122.1868,37.87727],[-122.18689,37.87716],[-122.18697,37.87705],[-122.18705,37.87693],[-122.18712,37.87682],[-122.1872,37.8767],[-122.18727,37.87658],[-122.18734,37.87646],[-122.18741,37.87634],[-122.18748,37.87622],[-122.18754,37.8761],[-122.1876,37.87598],[-122.18766,37.87586],[-122.188,37.87512],[-122.18806,37.875],[-122.18812,37.87488],[-122.18818,37.87476],[-122.18824,37.87464],[-122.1883,37.87451],[-122.18832,37.87447],[-122.18836,37.87439],[-122.18843,37.87427],[-122.1885,37.87416],[-122.18857,37.87404],[-122.18865,37.87392],[-122.18873,37.87381],[-122.18881,37.8737],[-122.18889,37.87359],[-122.18898,37.87348],[-122.18907,37.87337],[-122.18916,37.87326],[-122.18925,37.87315],[-122.18935,37.87305],[-122.18945,37.87295],[-122.18955,37.87285],[-122.18966,37.87275],[-122.18977,37.87265],[-122.18988,37.87255],[-122.18999,37.87246],[-122.1901,37.87236],[-122.19021,37.87227],[-122.19033,37.87218],[-122.19045,37.87209],[-122.19093,37.87173],[-122.19123,37.87151],[-122.19176,37.87111],[-122.19194,37.87098],[-122.19233,37.87069],[-122.19267,37.87043],[-122.19474,37.86887],[-122.19486,37.86878],[-122.19498,37.86869],[-122.1951,37.8686],[-122.19523,37.86852],[-122.19535,37.86843],[-122.19548,37.86836],[-122.19561,37.86828],[-122.19574,37.8682],[-122.19588,37.86813],[-122.19602,37.86807],[-122.19616,37.868],[-122.1963,37.86794],[-122.19645,37.86788],[-122.1966,37.86782],[-122.19675,37.86777],[-122.19689,37.86772],[-122.19705,37.86768],[-122.1972,37.86763],[-122.19736,37.8676],[-122.19751,37.86756],[-122.19767,37.86753],[-122.19783,37.8675],[-122.19799,37.86748],[-122.19816,37.86746],[-122.19831,37.86744],[-122.19848,37.86743],[-122.19864,37.86742],[-122.1988,37.86741],[-122.19896,37.86741],[-122.19911,37.86741],[-122.19913,37.86741],[-122.19929,37.86742],[-122.20044,37.86744],[-122.20061,37.86744],[-122.20077,37.86744],[-122.20093,37.86743],[-122.2011,37.86743],[-122.20126,37.86742],[-122.20143,37.86741],[-122.20159,37.8674],[-122.20176,37.86739],[-122.20192,37.86737],[-122.20209,37.86736],[-122.2021,37.86736],[-122.20211,37.86735],[-122.20225,37.86734],[-122.20242,37.86732],[-122.20258,37.86729],[-122.20274,37.86727],[-122.20291,37.86724],[-122.20307,37.86721],[-122.20323,37.86718],[-122.20337,37.86715],[-122.2035,37.86712],[-122.20362,37.86709],[-122.20378,37.86705],[-122.20395,37.86701],[-122.20411,37.86697],[-122.20426,37.86693],[-122.20441,37.86688],[-122.20457,37.86683],[-122.20658,37.86622],[-122.20673,37.86618],[-122.20689,37.86612],[-122.20704,37.86607],[-122.20719,37.86601],[-122.20733,37.86594],[-122.20749,37.86587],[-122.20761,37.8658],[-122.20774,37.86572],[-122.20787,37.86564],[-122.20799,37.86555],[-122.20811,37.86546],[-122.20822,37.86537],[-122.20834,37.86527],[-122.20844,37.86517],[-122.20854,37.86507],[-122.20864,37.86496],[-122.20872,37.86485],[-122.20879,37.86476],[-122.20879,37.86476],[-122.20881,37.86473],[-122.20888,37.86462],[-122.20896,37.8645],[-122.20901,37.86439],[-122.20905,37.86427],[-122.2091,37.86413],[-122.20914,37.864],[-122.20918,37.86386],[-122.20922,37.86373],[-122.20932,37.86335],[-122.20939,37.8631],[-122.20943,37.86297],[-122.20947,37.86284],[-122.20952,37.86271],[-122.20956,37.86259],[-122.20961,37.86247],[-122.20967,37.86234],[-122.20972,37.86222],[-122.20979,37.86209],[-122.20985,37.86197],[-122.20988,37.86191],[-122.20992,37.86185],[-122.20999,37.86172],[-122.21005,37.86162],[-122.2101,37.86154],[-122.21031,37.8612],[-122.21056,37.86085],[-122.21083,37.86049],[-122.21114,37.86012],[-122.21148,37.85977],[-122.21489,37.85661],[-122.21528,37.85628],[-122.21575,37.85595],[-122.21618,37.8557],[-122.21668,37.85546],[-122.21719,37.85527],[-122.21768,37.8551],[-122.21829,37.85492],[-122.21904,37.85468],[-122.21996,37.85438],[-122.22012,37.85434],[-122.22072,37.85413],[-122.22087,37.85406],[-122.22101,37.85399],[-122.22115,37.8539],[-122.22127,37.85383],[-122.22137,37.85375],[-122.22139,37.85374],[-122.2215,37.85366],[-122.22151,37.85365],[-122.22163,37.85356],[-122.22174,37.85346],[-122.22184,37.85336],[-122.22185,37.85334],[-122.22194,37.85325],[-122.22204,37.85314],[-122.22213,37.85303],[-122.22221,37.85292],[-122.22228,37.85281],[-122.22228,37.85281],[-122.22229,37.8528],[-122.22236,37.85269],[-122.22243,37.85256],[-122.22248,37.85244],[-122.22254,37.85232],[-122.22258,37.8522],[-122.22309,37.85087],[-122.22315,37.85075],[-122.2232,37.85063],[-122.22327,37.8505],[-122.22335,37.85038],[-122.22342,37.85027],[-122.22351,37.85016],[-122.2236,37.85005],[-122.2237,37.84994],[-122.2238,37.84984],[-122.22391,37.84974],[-122.22402,37.84965],[-122.22414,37.84955],[-122.22434,37.84942],[-122.2244,37.84938],[-122.22472,37.84919],[-122.22526,37.84897],[-122.22557,37.84888],[-122.22573,37.84884],[-122.22588,37.84881],[-122.22604,37.84878],[-122.2262,37.84876],[-122.22637,37.84875],[-122.22654,37.84873],[-122.2267,37.84873],[-122.22687,37.84873],[-122.22704,37.84873],[-122.2272,37.84875],[-122.22736,37.84876],[-122.22807,37.84885],[-122.22911,37.84897],[-122.22964,37.84903],[-122.22982,37.84905],[-122.22998,37.84907],[-122.23015,37.84909],[-122.23031,37.8491],[-122.23047,37.84911],[-122.23064,37.84912],[-122.23081,37.84912],[-122.23098,37.84913],[-122.23115,37.84912],[-122.23131,37.84912],[-122.23147,37.84911],[-122.23164,37.8491],[-122.23181,37.84909],[-122.23197,37.84907],[-122.23328,37.84893],[-122.23328,37.84892],[-122.23379,37.84887],[-122.23395,37.84885],[-122.23412,37.84884],[-122.23428,37.84884],[-122.23445,37.84884],[-122.23461,37.84884],[-122.23477,37.84885],[-122.23494,37.84887],[-122.2351,37.84889],[-122.23526,37.84892],[-122.23542,37.84896],[-122.23558,37.849],[-122.23574,37.84904],[-122.23589,37.84909],[-122.23604,37.84915],[-122.23618,37.84921],[-122.23633,37.84927],[-122.23648,37.84934],[-122.23704,37.84961],[-122.23719,37.84968],[-122.23733,37.84974],[-122.23748,37.8498],[-122.23763,37.84986],[-122.23779,37.84991],[-122.23795,37.84995],[-122.2381,37.84999],[-122.23826,37.85003],[-122.23843,37.85006],[-122.23859,37.85008],[-122.23876,37.8501],[-122.23892,37.85012],[-122.2391,37.85013],[-122.23926,37.85013],[-122.23943,37.85013],[-122.23961,37.85012],[-122.23974,37.85011],[-122.23985,37.8501],[-122.23997,37.85008],[-122.2401,37.85007],[-122.24025,37.85004],[-122.24041,37.85],[-122.24057,37.84996],[-122.24072,37.84992],[-122.24088,37.84987],[-122.24103,37.84982],[-122.24118,37.84976],[-122.24133,37.84971],[-122.24148,37.84965],[-122.24163,37.84959],[-122.24178,37.84952],[-122.24192,37.84946],[-122.24206,37.84939],[-122.24254,37.84916],[-122.24263,37.84911],[-122.24276,37.84904],[-122.24296,37.84893],[-122.24457,37.84802],[-122.24574,37.84737],[-122.24588,37.84729],[-122.24602,37.84721],[-122.24615,37.84714],[-122.24629,37.84706],[-122.24643,37.84699],[-122.24647,37.84697],[-122.24657,37.84692],[-122.24671,37.84685],[-122.24685,37.84678],[-122.24699,37.84671],[-122.24709,37.84666],[-122.24723,37.8466],[-122.24737,37.84653],[-122.24748,37.84648],[-122.24756,37.84644],[-122.2477,37.84638],[-122.24785,37.84631],[-122.24799,37.84625],[-122.24814,37.84619],[-122.24829,37.84613],[-122.24844,37.84607],[-122.24859,37.84601],[-122.24873,37.84595],[-122.25026,37.84536],[-122.25401,37.8439],[-122.25417,37.84384],[-122.25431,37.84378],[-122.25446,37.84373],[-122.25462,37.84367],[-122.25534,37.84341],[-122.25545,37.84337],[-122.25561,37.84332],[-122.25576,37.84327],[-122.25591,37.84322],[-122.25607,37.84318],[-122.25622,37.84313],[-122.25685,37.84293],[-122.25821,37.8425],[-122.25902,37.84225],[-122.25902,37.84225],[-122.25915,37.84221],[-122.26116,37.84158],[-122.26131,37.84153],[-122.26145,37.84149],[-122.26158,37.84144],[-122.26175,37.84138],[-122.26189,37.84133],[-122.26204,37.84127],[-122.26219,37.84121],[-122.26233,37.84115],[-122.26248,37.84109],[-122.26263,37.84102],[-122.26277,37.84095],[-122.26284,37.84092],[-122.26294,37.84087],[-122.26308,37.84079],[-122.26321,37.84071],[-122.26334,37.84063],[-122.26344,37.84057],[-122.26348,37.84054],[-122.26361,37.84045],[-122.26373,37.84036],[-122.26387,37.84025],[-122.26391,37.84022],[-122.26407,37.84009],[-122.26418,37.83999],[-122.26424,37.83993],[-122.2643,37.83988],[-122.26441,37.83978],[-122.2645,37.83967],[-122.2646,37.83957],[-122.2647,37.83946],[-122.26479,37.83934],[-122.26485,37.83926],[-122.26486,37.83924],[-122.26494,37.83913],[-122.26502,37.83902],[-122.2651,37.8389],[-122.26517,37.83878],[-122.26524,37.83866],[-122.2653,37.83854],[-122.26536,37.83841],[-122.26542,37.83829],[-122.26546,37.83818],[-122.26548,37.83814],[-122.26552,37.83803],[-122.26556,37.8379],[-122.2656,37.83777],[-122.26564,37.83764],[-122.26567,37.83751],[-122.2657,37.83738],[-122.26608,37.83542],[-122.26617,37.835],[-122.26634,37.83414],[-122.26639,37.83388],[-122.2664,37.83384],[-122.26644,37.83368],[-122.26654,37.8332],[-122.26674,37.83261],[-122.26678,37.83246],[-122.26702,37.83151],[-122.26706,37.83133],[-122.2671,37.83118],[-122.26712,37.83107],[-122.26735,37.83015],[-122.26742,37.82986],[-122.26755,37.82936],[-122.26768,37.82884],[-122.26794,37.82785],[-122.26807,37.82756],[-122.26835,37.82651],[-122.26842,37.82632],[-122.26852,37.82614],[-122.26865,37.82596],[-122.26879,37.82581],[-122.26896,37.82567],[-122.26914,37.82554],[-122.26936,37.82543],[-122.26959,37.82534],[-122.26982,37.82527],[-122.27006,37.82522],[-122.2703,37.8252],[-122.27057,37.8252],[-122.27081,37.82523],[-122.27104,37.82527],[-122.27187,37.82545],[-122.27241,37.82557],[-122.27491,37.82608],[-122.2754,37.82619],[-122.27605,37.82631],[-122.2765,37.82632],[-122.27777,37.82663],[-122.27811,37.82672],[-122.27882,37.82688],[-122.2808,37.82735],[-122.28097,37.82739],[-122.28113,37.82742],[-122.28129,37.82746],[-122.28145,37.82749],[-122.28162,37.82751],[-122.28179,37.82753],[-122.28196,37.82755],[-122.28213,37.82756],[-122.28231,37.82757],[-122.28248,37.82758],[-122.28265,37.82758],[-122.28282,37.82758],[-122.28299,37.82757],[-122.28316,37.82756],[-122.28333,37.82754],[-122.2835,37.82752],[-122.28366,37.8275],[-122.28384,37.82747],[-122.28401,37.82744],[-122.28417,37.82741],[-122.28432,37.82738],[-122.28448,37.82735],[-122.28483,37.82726],[-122.2856,37.82704],[-122.28576,37.827],[-122.28592,37.82696],[-122.28624,37.82689],[-122.2864,37.82685],[-122.28655,37.82681],[-122.28671,37.82677],[-122.28674,37.82676],[-122.28674,37.82676],[-122.28674,37.82676],[-122.28687,37.82673],[-122.28702,37.82669],[-122.28718,37.82666],[-122.28735,37.82662],[-122.28751,37.82659],[-122.28767,37.82657],[-122.28783,37.82655],[-122.28799,37.82654],[-122.28816,37.82653],[-122.28833,37.82653],[-122.28849,37.82653],[-122.28866,37.82654],[-122.28882,37.82655],[-122.28899,37.82657],[-122.28915,37.82659],[-122.28931,37.82662],[-122.28947,37.82666],[-122.28963,37.8267],[-122.28979,37.82674],[-122.28994,37.82679],[-122.29009,37.82685],[-122.29024,37.8269],[-122.29039,37.82697],[-122.29053,37.82704],[-122.29066,37.82711],[-122.29081,37.82718],[-122.29108,37.82732],[-122.29137,37.82747],[-122.29163,37.8276],[-122.29177,37.82767],[-122.29191,37.82773],[-122.29206,37.82779],[-122.29221,37.82785],[-122.29236,37.8279],[-122.29252,37.82794],[-122.29268,37.82798],[-122.29284,37.82802],[-122.29301,37.82804],[-122.29317,37.82806],[-122.29333,37.82808],[-122.2935,37.82808],[-122.29367,37.82808],[-122.29383,37.82808],[-122.294,37.82807],[-122.29417,37.82805],[-122.29433,37.82802],[-122.29449,37.82799],[-122.29465,37.82796],[-122.2948,37.82792],[-122.29496,37.82787],[-122.29511,37.82782],[-122.29527,37.82776],[-122.29541,37.8277],[-122.29585,37.82752],[-122.296,37.82746],[-122.29615,37.8274],[-122.2963,37.82735],[-122.29643,37.8273],[-122.2966,37.82724],[-122.29676,37.8272],[-122.2969,37.82716],[-122.29692,37.82715],[-122.29707,37.82711],[-122.29724,37.82707],[-122.29739,37.82703],[-122.29755,37.82699],[-122.29771,37.82696],[-122.29787,37.82692],[-122.29803,37.82688],[-122.29819,37.82685],[-122.29835,37.82681],[-122.29867,37.82674],[-122.29963,37.82653],[-122.30007,37.82645],[-122.30082,37.82633],[-122.301,37.82629],[-122.30107,37.82628],[-122.30259,37.82594],[-122.30306,37.82584],[-122.30422,37.82561],[-122.30434,37.82559],[-122.30447,37.82556],[-122.30455,37.82554],[-122.3055,37.82533],[-122.30565,37.8253],[-122.30581,37.82527],[-122.30612,37.82523],[-122.30645,37.82519],[-122.30677,37.82515],[-122.3071,37.82511],[-122.30742,37.82507],[-122.30775,37.82504],[-122.30808,37.82501],[-122.3084,37.82498],[-122.30873,37.82495],[-122.30905,37.82493],[-122.30938,37.82491],[-122.3097,37.82489],[-122.3098,37.82488],[-122.3098,37.82488],[-122.31002,37.82487],[-122.31047,37.82485],[-122.31091,37.82484],[-122.31092,37.82484],[-122.31097,37.82483],[-122.31104,37.82482],[-122.31177,37.82473],[-122.31179,37.82472],[-122.31187,37.82471],[-122.31196,37.82471],[-122.31207,37.8247],[-122.31207,37.8247],[-122.31245,37.82467],[-122.31254,37.82466],[-122.31277,37.82463],[-122.31285,37.82462],[-122.31286,37.82462],[-122.31288,37.82462],[-122.31307,37.82459],[-122.3132,37.82457],[-122.31368,37.8245],[-122.31369,37.8245],[-122.31383,37.82448],[-122.31396,37.82446],[-122.31396,37.82446],[-122.31478,37.82434],[-122.3151,37.8243],[-122.31542,37.82425],[-122.31559,37.82423],[-122.31575,37.8242],[-122.31591,37.82418],[-122.31607,37.82415],[-122.31639,37.8241],[-122.31672,37.82404],[-122.31707,37.82398],[-122.31748,37.82391],[-122.31791,37.82382],[-122.31821,37.82375],[-122.31854,37.82367],[-122.31897,37.82354],[-122.31986,37.82322],[-122.32046,37.82304],[-122.32123,37.82286],[-122.32143,37.82282],[-122.32164,37.82278],[-122.32181,37.82276],[-122.3227,37.82263],[-122.32282,37.82261],[-122.32295,37.82259],[-122.32312,37.82257],[-122.32327,37.82255],[-122.32344,37.82253],[-122.3236,37.82252],[-122.32376,37.8225],[-122.32393,37.82248],[-122.32409,37.82247],[-122.32425,37.82245],[-122.32765,37.8222],[-122.32776,37.82219],[-122.32818,37.82216],[-122.3285,37.82213],[-122.32883,37.8221],[-122.32916,37.82207],[-122.32949,37.82205],[-122.32982,37.82202],[-122.33014,37.82198],[-122.33047,37.82195],[-122.3308,37.82191],[-122.33113,37.82188],[-122.33145,37.82184],[-122.33178,37.8218],[-122.3321,37.82176],[-122.33243,37.82172],[-122.33275,37.82168],[-122.33308,37.82164],[-122.33341,37.82159],[-122.33369,37.82155],[-122.34152,37.8204],[-122.3498,37.81919],[-122.34996,37.81917],[-122.35012,37.81915],[-122.35028,37.81912],[-122.35044,37.81909],[-122.35061,37.81907],[-122.35076,37.81903],[-122.35092,37.819],[-122.35108,37.81897],[-122.35124,37.81893],[-122.3514,37.8189],[-122.35156,37.81886],[-122.35172,37.81882],[-122.35187,37.81877],[-122.35203,37.81873],[-122.35218,37.81869],[-122.35234,37.81864],[-122.35249,37.81859],[-122.35264,37.81854],[-122.3528,37.81849],[-122.35295,37.81844],[-122.35309,37.81838],[-122.35325,37.81832],[-122.35339,37.81826],[-122.35354,37.8182],[-122.35369,37.81814],[-122.35383,37.81808],[-122.35398,37.81802],[-122.35412,37.81795],[-122.35426,37.81788],[-122.3544,37.81782],[-122.35454,37.81775],[-122.35468,37.81767],[-122.35482,37.8176],[-122.35496,37.81753],[-122.35509,37.81745],[-122.35523,37.81737],[-122.36031,37.81447],[-122.36038,37.81443],[-122.36045,37.81439],[-122.36059,37.8143],[-122.36072,37.81422],[-122.36085,37.81414],[-122.36097,37.81405],[-122.36109,37.81397],[-122.36132,37.81381],[-122.3614,37.81375],[-122.36145,37.81371],[-122.36156,37.81362],[-122.36168,37.81353],[-122.36179,37.81344],[-122.3619,37.81334],[-122.362,37.81325],[-122.36211,37.81315],[-122.36222,37.81305],[-122.36231,37.81295],[-122.36241,37.81285],[-122.36251,37.81275],[-122.36261,37.81265],[-122.36271,37.81254],[-122.36339,37.81179],[-122.36339,37.81179],[-122.36355,37.81162],[-122.36365,37.81151],[-122.36382,37.81134],[-122.36396,37.8112],[-122.36417,37.811],[-122.36447,37.81071],[-122.36472,37.81047],[-122.36506,37.81017],[-122.36507,37.81016],[-122.36632,37.80898],[-122.36636,37.80895],[-122.36675,37.80858],[-122.36726,37.8081],[-122.36729,37.80808],[-122.3904,37.7865],[-122.39073,37.7862],[-122.39123,37.78583],[-122.39183,37.78547],[-122.39185,37.78546],[-122.39192,37.78533],[-122.39209,37.78522],[-122.39226,37.78512],[-122.39243,37.78502],[-122.39292,37.78473],[-122.39303,37.78465],[-122.3931,37.78461],[-122.39315,37.78457],[-122.39319,37.78453],[-122.39322,37.78449],[-122.39324,37.78444],[-122.39326,37.78439],[-122.39326,37.78434],[-122.39326,37.78429],[-122.39324,37.78423],[-122.39322,37.78417],[-122.39318,37.78413],[-122.39313,37.78408],[-122.39307,37.78404],[-122.393,37.78401],[-122.39292,37.78398],[-122.39284,37.78397],[-122.39275,37.78398],[-122.39268,37.78399],[-122.39261,37.78401],[-122.39254,37.78404],[-122.39248,37.78408],[-122.39244,37.78411],[-122.39167,37.78483],[-122.3916,37.78489],[-122.39155,37.78494],[-122.39151,37.78499],[-122.39147,37.78504],[-122.39143,37.7851],[-122.39141,37.78517],[-122.39139,37.78523],[-122.39138,37.7853],[-122.39137,37.78536],[-122.39137,37.78542],[-122.39138,37.78549],[-122.3914,37.78555],[-122.39143,37.78563],[-122.39146,37.78569],[-122.39152,37.78579],[-122.39155,37.78585],[-122.39158,37.7859],[-122.39159,37.78596],[-122.39161,37.78602],[-122.39169,37.7863],[-122.39172,37.7864],[-122.39175,37.78645],[-122.39177,37.7865],[-122.39181,37.78654],[-122.39186,37.7866],[-122.39198,37.7867],[-122.39208,37.78677],[-122.39198,37.78684],[-122.39175,37.78702],[-122.39162,37.78713],[-122.39141,37.7873],[-122.39099,37.78763],[-122.39062,37.78792],[-122.39059,37.78794],[-122.3904,37.78809],[-122.39032,37.78815],[-122.39024,37.78822],[-122.38989,37.78849],[-122.38952,37.78878],[-122.38947,37.78882],[-122.38943,37.78885],[-122.38936,37.78891],[-122.38898,37.78921],[-122.38872,37.78942],[-122.38869,37.78944],[-122.38862,37.7895],[-122.38853,37.78955],[-122.38847,37.7896],[-122.38841,37.78965],[-122.3885,37.78975],[-122.3886,37.78983],[-122.38881,37.79001],[-122.3889,37.79008],[-122.38928,37.79039],[-122.38942,37.7905],[-122.3898,37.79081],[-122.38983,37.79084],[-122.38992,37.79092],[-122.39001,37.79102],[-122.39012,37.79113],[-122.39013,37.79116],[-122.39022,37.79127],[-122.39031,37.7914],[-122.39039,37.79155],[-122.39046,37.79171],[-122.39049,37.79176],[-122.39064,37.79209],[-122.39072,37.79222],[-122.3908,37.79234],[-122.39087,37.79242],[-122.39089,37.79246],[-122.39097,37.79255],[-122.39106,37.79264],[-122.39122,37.79278],[-122.39219,37.7936],[-122.39231,37.79371],[-122.39235,37.79375],[-122.39245,37.79383],[-122.39254,37.79392],[-122.3928,37.79414],[-122.39303,37.79436],[-122.39305,37.79438],[-122.39309,37.79441],[-122.3932,37.79452],[-122.39328,37.79459],[-122.39331,37.79462],[-122.39342,37.79472],[-122.39356,37.79487],[-122.39362,37.79493],[-122.39372,37.79504],[-122.39373,37.79505],[-122.39381,37.79514],[-122.39391,37.79525]]}}]}