{"type":"FeatureCollection","features":[{"type":"Feature","properties":{"zip":"80264","city":"Denver city","area":0.0},"geometry":{"type":"Polygon","coordinates":[[[-104.9861,39.742],[-104.9861,39.7417],[-104.9859,39.7417],[-104.9851,39.7417],[-104.9849,39.7417],[-104.9849,39.742],[-104.9848,39.743],[-104.9848,39.7433],[-104.9851,39.7433],[-104.9859,39.7433],[-104.9861,39.7433],[-104.9861,39.743],[-104.9861,39.742]]]}},{"type":"Feature","properties":{"zip":"80290","city":"Denver city","area":0.0},"geometry":{"type":"Polygon","coordinates":[[[-104.9874,39.7449],[-104.9874,39.7448],[-104.9874,39.7439],[-104.9874,39.7438],[-104.9874,39.7437],[-104.9874,39.7435],[-104.9874,39.7434],[-104.9873,39.7433],[-104.9871,39.7433],[-104.9864,39.7433],[-104.9861,39.7433],[-104.9861,39.7449],[-104.9874,39.7449]]]}},{"type":"Feature","properties":{"zip":"80293","city":"Denver city","area":0.0},"geometry":{"type":"Polygon","coordinates":[[[-104.9904,39.7459],[-104.9905,39.7458],[-104.9903,39.7456],[-104.9901,39.7454],[-104.9899,39.7456],[-104.9891,39.7462],[-104.9889,39.7464],[-104.9891,39.7465],[-104.9893,39.7467],[-104.9894,39.7466],[-104.9904,39.7459]]]}},{"type":"Feature","properties":{"zip":"80294","city":"Denver city","area":0.0},"geometry":{"type":"Polygon","coordinates":[[[-104.9912,39.75],[-104.991,39.7499],[-104.9905,39.7495],[-104.9903,39.7493],[-104.9901,39.7492],[-104.9896,39.7488],[-104.9894,39.7486],[-104.9892,39.7488],[-104.9885,39.7494],[-104.9882,39.7496],[-104.9884,39.7497],[-104.9889,39.7501],[-104.9891,39.7503],[-104.9893,39.7504],[-104.9898,39.7508],[-104.99,39.7509],[-104.9902,39.7508],[-104.991,39.7502],[-104.9912,39.75]]]}},{"type":"Feature","properties":{"zip":"80203","city":"Denver city","area":2.8},"geometry":{"type":"Polygon","coordinates":[[[-104.9898,39.7284],[-104.99,39.7283],[-104.9896,39.7279],[-104.9893,39.7277],[-104.9888,39.7273],[-104.9889,39.7272],[-104.9889,39.727],[-104.9889,39.726],[-104.9889,39.7257],[-104.9886,39.7256],[-104.9883,39.7256],[-104.9883,39.7255],[-104.9883,39.7242],[-104.9883,39.7241],[-104.9883,39.7227],[-104.9883,39.7225],[-104.9883,39.7224],[-104.9883,39.7211],[-104.9883,39.7209],[-104.9883,39.7208],[-104.9884,39.7194],[-104.9878,39.7194],[-104.9875,39.7194],[-104.9875,39.7192],[-104.9875,39.7186],[-104.9875,39.7184],[-104.9878,39.7184],[-104.9884,39.7184],[-104.9883,39.7174],[-104.9883,39.717],[-104.9882,39.717],[-104.9883,39.717],[-104.9883,39.7166],[-104.9878,39.7166],[-104.9875,39.7166],[-104.9873,39.7166],[-104.9865,39.7166],[-104.9862,39.7166],[-104.986,39.7166],[-104.9853,39.7166],[-104.985,39.7166],[-104.9848,39.7165],[-104.984,39.7165],[-104.9838,39.7165],[-104.9836,39.7165],[-104.9829,39.7165],[-104.9826,39.7165],[-104.9824,39.7165],[-104.9817,39.7165],[-104.9815,39.7165],[-104.9812,39.7165],[-104.9805,39.7165],[-104.9803,39.7165],[-104.9801,39.7165],[-104.9794,39.7165],[-104.9791,39.7165],[-104.9789,39.7165],[-104.9787,39.7165],[-104.9785,39.7165],[-104.9785,39.7166],[-104.9785,39.7182],[-104.9785,39.7183],[-104.9783,39.7183],[-104.9782,39.7183],[-104.9781,39.7183],[-104.978,39.7183],[-104.9781,39.7189],[-104.9785,39.7189],[-104.9785,39.7192],[-104.9785,39.7193],[-104.9778,39.7193],[-104.9777,39.7193],[-104.9775,39.7194],[-104.9775,39.7195],[-104.9775,39.7197],[-104.9775,39.7198],[-104.9775,39.72],[-104.9775,39.7201],[-104.9778,39.7203],[-104.9779,39.7203],[-104.9781,39.7205],[-104.9781,39.7221],[-104.9775,39.7221],[-104.9775,39.7222],[-104.9775,39.7225],[-104.9778,39.7225],[-104.9781,39.7225],[-104.9781,39.7226],[-104.9781,39.724],[-104.9781,39.7241],[-104.9781,39.7253],[-104.9776,39.7253],[-104.9776,39.7256],[-104.9776,39.7259],[-104.9781,39.7259],[-104.9781,39.7272],[-104.9781,39.7273],[-104.9782,39.7279],[-104.9782,39.7291],[-104.9778,39.7291],[-104.9776,39.7291],[-104.9776,39.7293],[-104.9776,39.7302],[-104.9776,39.7304],[-104.9777,39.7304],[-104.9778,39.7304],[-104.978,39.7304],[-104.978,39.7305],[-104.978,39.7307],[-104.9781,39.7307],[-104.9781,39.7316],[-104.9779,39.7316],[-104.9779,39.7318],[-104.9776,39.7318],[-104.9776,39.732],[-104.9776,39.7323],[-104.9777,39.7323],[-104.9781,39.7323],[-104.9781,39.7334],[-104.9777,39.7334],[-104.9776,39.7334],[-104.9776,39.7337],[-104.9777,39.7337],[-104.9778,39.7337],[-104.9779,39.7339],[-104.9781,39.7339],[-104.9781,39.7347],[-104.9779,39.7347],[-104.9779,39.7349],[-104.9777,39.7349],[-104.9776,39.7349],[-104.9776,39.7351],[-104.9778,39.7351],[-104.9781,39.7351],[-104.9781,39.7369],[-104.9778,39.7369],[-104.9776,39.7369],[-104.9776,39.7372],[-104.9776,39.7381],[-104.9776,39.7384],[-104.9776,39.7387],[-104.9776,39.7397],[-104.9776,39.74],[-104.9776,39.7401],[-104.9776,39.7403],[-104.9776,39.7413],[-104.9776,39.7417],[-104.9776,39.742],[-104.9776,39.7421],[-104.9777,39.7421],[-104.9782,39.7421],[-104.9782,39.7427],[-104.9777,39.7427],[-104.9775,39.7427],[-104.9775,39.7429],[-104.9775,39.7433],[-104.9775,39.7436],[-104.9775,39.7445],[-104.9775,39.7448],[-104.9778,39.7448],[-104.9782,39.7448],[-104.9782,39.7453],[-104.9781,39.7458],[-104.9776,39.7458],[-104.9776,39.7459],[-104.9779,39.7459],[-104.9779,39.746],[-104.9779,39.7462],[-104.9778,39.7462],[-104.9775,39.7462],[-104.9775,39.7463],[-104.9775,39.7468],[-104.9775,39.747],[-104.9777,39.7471],[-104.978,39.7474],[-104.9782,39.7475],[-104.9783,39.7475],[-104.9784,39.7475],[-104.9786,39.7475],[-104.9787,39.7475],[-104.979,39.7475],[-104.9797,39.7475],[-104.9799,39.7475],[-104.9801,39.7475],[-104.9807,39.7475],[-104.9808,39.7475],[-104.9809,39.7475],[-104.981,39.7475],[-104.9811,39.7475],[-104.9813,39.7475],[-104.9817,39.7475],[-104.9821,39.7475],[-104.9823,39.7475],[-104.9826,39.7475],[-104.9831,39.7476],[-104.9833,39.7476],[-104.9836,39.7476],[-104.9837,39.7476],[-104.9839,39.7476],[-104.9841,39.7476],[-104.9842,39.7476],[-104.9847,39.7475],[-104.9848,39.7475],[-104.9849,39.7475],[-104.985,39.7475],[-104.9851,39.7475],[-104.9854,39.7476],[-104.9855,39.7476],[-104.9856,39.7476],[-104.9857,39.7475],[-104.9861,39.7475],[-104.9861,39.7462],[-104.9861,39.7449],[-104.9861,39.7433],[-104.9859,39.7433],[-104.9851,39.7433],[-104.9848,39.7433],[-104.9848,39.743],[-104.9849,39.742],[-104.9849,39.7417],[-104.9851,39.7417],[-104.9859,39.7417],[-104.9861,39.7417],[-104.9861,39.7414],[-104.9861,39.7404],[-104.9861,39.7401],[-104.9863,39.7401],[-104.9864,39.7401],[-104.9871,39.7401],[-104.9874,39.7401],[-104.9874,39.74],[-104.9874,39.7397],[-104.9874,39.7396],[-104.9874,39.7394],[-104.9874,39.7387],[-104.9874,39.7384],[-104.9874,39.7381],[-104.9874,39.7372],[-104.9874,39.7368],[-104.9874,39.7365],[-104.9874,39.7356],[-104.9874,39.7353],[-104.9877,39.7353],[-104.9881,39.7353],[-104.9881,39.7339],[-104.9881,39.7337],[-104.9881,39.732],[-104.9881,39.7305],[-104.9881,39.7291],[-104.9877,39.7291],[-104.9874,39.7291],[-104.9874,39.7288],[-104.9874,39.7278],[-104.9874,39.7274],[-104.9874,39.7273],[-104.9874,39.7269],[-104.9875,39.727],[-104.9878,39.7271],[-104.9881,39.7273],[-104.9883,39.7274],[-104.9885,39.7276],[-104.9887,39.7277],[-104.9888,39.7277],[-104.9889,39.7277],[-104.989,39.7278],[-104.9891,39.7279],[-104.9893,39.728],[-104.9895,39.7282],[-104.9896,39.7283],[-104.9897,39.7284],[-104.9898,39.7284]]]}},{"type":"Feature","properties":{"zip":"80202","city":"Denver city","area":3.0},"geometry":{"type":"Polygon","coordinates":[[[-105.0124,39.7554],[-105.0125,39.7553],[-105.0122,39.7552],[-105.0121,39.7552],[-105.0121,39.7551],[-105.0118,39.7551],[-105.0118,39.755],[-105.0117,39.755],[-105.0115,39.7549],[-105.0109,39.7546],[-105.0107,39.7545],[-105.0106,39.7545],[-105.0105,39.7544],[-105.0104,39.7544],[-105.0103,39.7544],[-105.0102,39.7543],[-105.0101,39.7543],[-105.0101,39.7542],[-105.01,39.7542],[-105.0099,39.7541],[-105.0098,39.7541],[-105.0096,39.754],[-105.0095,39.7539],[-105.0088,39.7536],[-105.0084,39.7533],[-105.0082,39.7532],[-105.0081,39.7531],[-105.008,39.753],[-105.0076,39.7527],[-105.0073,39.7524],[-105.0072,39.7523],[-105.007,39.752],[-105.0069,39.7519],[-105.0068,39.7518],[-105.0067,39.7517],[-105.0066,39.7516],[-105.0065,39.7516],[-105.0064,39.7515],[-105.0064,39.7514],[-105.0063,39.7513],[-105.0051,39.7505],[-105.0048,39.7502],[-105.0044,39.7499],[-105.0041,39.7497],[-105.0039,39.7496],[-105.0037,39.7493],[-105.0035,39.7491],[-105.0034,39.7491],[-105.0032,39.7492],[-105.0029,39.7488],[-105.003,39.7487],[-105.0031,39.7487],[-105.0032,39.7486],[-105.0031,39.7485],[-105.0032,39.7485],[-105.0033,39.7485],[-105.0032,39.7483],[-105.0026,39.7476],[-105.0025,39.7475],[-105.0014,39.7464],[-105.0013,39.7462],[-105.0011,39.7459],[-105.0008,39.7455],[-105.0007,39.7453],[-105.0005,39.7455],[-105.0004,39.7455],[-105.0001,39.7458],[-104.9999,39.7459],[-104.9997,39.7461],[-104.9993,39.7464],[-104.999,39.7467],[-104.9988,39.7465],[-104.9982,39.7461],[-104.998,39.746],[-104.9979,39.7459],[-104.9973,39.7455],[-104.9972,39.7453],[-104.997,39.7452],[-104.9965,39.7448],[-104.9964,39.7447],[-104.9966,39.7445],[-104.9973,39.7439],[-104.9975,39.7437],[-104.9978,39.7435],[-104.9986,39.7429],[-104.9988,39.7427],[-104.9989,39.7427],[-104.999,39.7425],[-104.9991,39.7425],[-104.9992,39.7424],[-104.9993,39.7423],[-104.9994,39.7423],[-104.9995,39.7422],[-104.9996,39.7421],[-104.9995,39.742],[-104.9995,39.7419],[-104.9994,39.7417],[-104.9993,39.7416],[-104.9992,39.7415],[-104.9992,39.7413],[-104.9991,39.7412],[-104.999,39.741],[-104.999,39.7409],[-104.9989,39.7409],[-104.9988,39.7406],[-104.9987,39.7405],[-104.9987,39.7404],[-104.9986,39.7403],[-104.9986,39.7402],[-104.9983,39.7402],[-104.9981,39.7402],[-104.9979,39.7402],[-104.9972,39.7402],[-104.9969,39.7402],[-104.9968,39.7403],[-104.9963,39.7407],[-104.9961,39.7408],[-104.9959,39.741],[-104.9952,39.7415],[-104.9949,39.7417],[-104.9948,39.7416],[-104.9942,39.7412],[-104.9941,39.741],[-104.9939,39.7409],[-104.9934,39.7405],[-104.9932,39.7404],[-104.9929,39.7406],[-104.9922,39.7411],[-104.992,39.7413],[-104.9918,39.7412],[-104.9913,39.7408],[-104.9911,39.7406],[-104.9912,39.7405],[-104.9916,39.7403],[-104.9917,39.7402],[-104.9917,39.7401],[-104.9917,39.74],[-104.9917,39.7398],[-104.9917,39.7388],[-104.9917,39.7384],[-104.9914,39.7384],[-104.9905,39.7384],[-104.9902,39.7384],[-104.9901,39.7384],[-104.99,39.7383],[-104.9896,39.7381],[-104.9893,39.7379],[-104.9892,39.7378],[-104.9891,39.7378],[-104.9889,39.7378],[-104.9887,39.7379],[-104.9886,39.7379],[-104.9885,39.738],[-104.9882,39.7382],[-104.9879,39.7384],[-104.9877,39.7384],[-104.9874,39.7384],[-104.9874,39.7387],[-104.9874,39.7394],[-104.9874,39.7396],[-104.9874,39.7397],[-104.9874,39.74],[-104.9874,39.7401],[-104.9871,39.7401],[-104.9864,39.7401],[-104.9863,39.7401],[-104.9861,39.7401],[-104.9861,39.7404],[-104.9861,39.7414],[-104.9861,39.7417],[-104.9861,39.742],[-104.9861,39.743],[-104.9861,39.7433],[-104.9864,39.7433],[-104.9871,39.7433],[-104.9873,39.7433],[-104.9874,39.7434],[-104.9874,39.7435],[-104.9874,39.7437],[-104.9874,39.7438],[-104.9874,39.7439],[-104.9874,39.7448],[-104.9874,39.7449],[-104.9861,39.7449],[-104.9861,39.7462],[-104.9861,39.7475],[-104.9861,39.7479],[-104.9865,39.7482],[-104.9873,39.7488],[-104.9874,39.7489],[-104.9875,39.749],[-104.9882,39.7496],[-104.9885,39.7494],[-104.9892,39.7488],[-104.9894,39.7486],[-104.9896,39.7488],[-104.9901,39.7492],[-104.9903,39.7493],[-104.9905,39.7495],[-104.991,39.7499],[-104.9912,39.75],[-104.991,39.7502],[-104.9902,39.7508],[-104.99,39.7509],[-104.9901,39.7511],[-104.9907,39.7515],[-104.9908,39.7516],[-104.991,39.7517],[-104.9915,39.7521],[-104.9917,39.7523],[-104.9919,39.7524],[-104.9924,39.7528],[-104.9926,39.7529],[-104.9928,39.7531],[-104.9933,39.7535],[-104.9934,39.7537],[-104.9936,39.7538],[-104.9941,39.7542],[-104.9943,39.7543],[-104.9944,39.7545],[-104.995,39.7548],[-104.9951,39.755],[-104.9953,39.7551],[-104.9958,39.7555],[-104.996,39.7556],[-104.9961,39.7557],[-104.9962,39.7558],[-104.9963,39.7559],[-104.9964,39.756],[-104.9968,39.7563],[-104.9969,39.7564],[-104.997,39.7565],[-104.9972,39.7566],[-104.9971,39.7567],[-104.9964,39.757],[-104.9963,39.7571],[-104.9954,39.7578],[-104.995,39.7582],[-104.9948,39.7584],[-104.9946,39.7586],[-104.9945,39.7587],[-104.9941,39.759],[-104.9939,39.7591],[-104.9937,39.7592],[-104.9937,39.7593],[-104.9936,39.7593],[-104.9937,39.7594],[-104.9938,39.7595],[-104.9939,39.7596],[-104.9941,39.7598],[-104.9943,39.76],[-104.9945,39.7604],[-104.9947,39.7609],[-104.9947,39.7613],[-104.9948,39.7615],[-104.9948,39.7616],[-104.9948,39.7619],[-104.9948,39.762],[-104.9948,39.7623],[-104.9948,39.7624],[-104.9948,39.7625],[-104.9948,39.7635],[-104.995,39.7633],[-104.9952,39.7632],[-104.9953,39.7631],[-104.9955,39.763],[-104.9957,39.7629],[-104.9961,39.7627],[-104.9962,39.7627],[-104.9965,39.7626],[-104.9966,39.7625],[-104.9968,39.7625],[-104.9969,39.7625],[-104.997,39.7625],[-104.9971,39.7625],[-104.9973,39.7625],[-104.9975,39.7624],[-104.9976,39.7624],[-104.9977,39.7623],[-104.9978,39.7622],[-104.9979,39.7622],[-104.998,39.7622],[-104.9983,39.7621],[-104.9984,39.7621],[-104.9983,39.7623],[-104.9983,39.7629],[-104.9983,39.7631],[-104.9982,39.7638],[-104.9982,39.7639],[-104.9983,39.766],[-104.9983,39.7663],[-104.9982,39.7667],[-104.9986,39.7665],[-104.999,39.7663],[-104.9992,39.7662],[-104.9996,39.766],[-105.0002,39.7655],[-105.0006,39.7651],[-105.0009,39.7646],[-105.0012,39.7643],[-105.0016,39.7637],[-105.0017,39.7636],[-105.0023,39.7627],[-105.0028,39.7622],[-105.0029,39.762],[-105.0035,39.7615],[-105.0037,39.7614],[-105.0041,39.7611],[-105.0043,39.7609],[-105.0045,39.761],[-105.0047,39.7609],[-105.0048,39.7608],[-105.0055,39.7602],[-105.0062,39.7598],[-105.0063,39.7597],[-105.0074,39.759],[-105.0076,39.7589],[-105.0083,39.7583],[-105.0088,39.758],[-105.009,39.7579],[-105.0097,39.7573],[-105.0101,39.7571],[-105.0103,39.7569],[-105.0104,39.7569],[-105.0109,39.7565],[-105.0122,39.7555],[-105.0124,39.7554]]]}},{"type":"Feature","properties":{"zip":"80218","city":"Denver city","area":4.1},"geometry":{"type":"Polygon","coordinates":[[[-104.9785,39.7166],[-104.9785,39.7165],[-104.9783,39.7165],[-104.978,39.7165],[-104.978,39.7169],[-104.977,39.7169],[-104.9769,39.7169],[-104.9769,39.7167],[-104.9769,39.7165],[-104.9767,39.7165],[-104.9763,39.7165],[-104.976,39.7165],[-104.9758,39.7165],[-104.9755,39.7165],[-104.9751,39.7165],[-104.9748,39.7165],[-104.9746,39.7165],[-104.9743,39.7165],[-104.974,39.7165],[-104.9736,39.7165],[-104.9734,39.7165],[-104.9734,39.7168],[-104.9734,39.7175],[-104.9734,39.7177],[-104.9734,39.7178],[-104.9733,39.7181],[-104.9732,39.7182],[-104.9732,39.7184],[-104.9731,39.7184],[-104.973,39.7183],[-104.9725,39.7182],[-104.9724,39.7182],[-104.9721,39.7181],[-104.9719,39.7181],[-104.9718,39.7181],[-104.9716,39.718],[-104.9714,39.718],[-104.9713,39.718],[-104.9712,39.7179],[-104.971,39.7179],[-104.9709,39.7178],[-104.9708,39.7177],[-104.9706,39.7177],[-104.9703,39.7176],[-104.9701,39.7175],[-104.97,39.7174],[-104.9699,39.7173],[-104.9698,39.7173],[-104.9697,39.7172],[-104.9692,39.7167],[-104.9691,39.7167],[-104.9691,39.7166],[-104.969,39.7166],[-104.9689,39.7165],[-104.9688,39.7164],[-104.9687,39.7163],[-104.9685,39.7161],[-104.9685,39.716],[-104.9683,39.7159],[-104.9682,39.7157],[-104.968,39.7156],[-104.968,39.7155],[-104.9676,39.7152],[-104.9674,39.7151],[-104.9673,39.715],[-104.9672,39.715],[-104.967,39.7149],[-104.9668,39.7148],[-104.9667,39.7147],[-104.9664,39.7145],[-104.9663,39.7144],[-104.9662,39.7144],[-104.9662,39.7143],[-104.9661,39.7143],[-104.966,39.7143],[-104.9659,39.7142],[-104.9656,39.7142],[-104.9655,39.7142],[-104.9653,39.7141],[-104.9652,39.7141],[-104.9648,39.7142],[-104.9647,39.7142],[-104.9646,39.7143],[-104.9645,39.7143],[-104.9644,39.7144],[-104.964,39.7146],[-104.9639,39.7146],[-104.9638,39.7147],[-104.9637,39.7147],[-104.9635,39.7148],[-104.9634,39.7148],[-104.9633,39.7148],[-104.9632,39.7149],[-104.9631,39.715],[-104.963,39.7151],[-104.9628,39.7151],[-104.9626,39.7152],[-104.9625,39.7152],[-104.9623,39.7152],[-104.9621,39.7153],[-104.9619,39.7153],[-104.9616,39.7154],[-104.9614,39.7155],[-104.9611,39.7155],[-104.9608,39.7155],[-104.9605,39.7155],[-104.9603,39.7156],[-104.9602,39.7156],[-104.9601,39.7156],[-104.9599,39.7155],[-104.9595,39.7154],[-104.9593,39.7153],[-104.9593,39.7154],[-104.9593,39.7156],[-104.9593,39.7157],[-104.9593,39.7158],[-104.9593,39.7161],[-104.9593,39.7162],[-104.9593,39.7163],[-104.9593,39.7167],[-104.9593,39.7182],[-104.9593,39.7183],[-104.9594,39.7183],[-104.9607,39.7183],[-104.962,39.7183],[-104.9634,39.7183],[-104.9646,39.7183],[-104.9646,39.7184],[-104.9646,39.7187],[-104.9641,39.7187],[-104.9641,39.7195],[-104.964,39.7195],[-104.964,39.7207],[-104.9642,39.7207],[-104.9642,39.7215],[-104.9645,39.7215],[-104.9645,39.7219],[-104.9645,39.722],[-104.9645,39.7221],[-104.9643,39.7221],[-104.9642,39.7221],[-104.9642,39.7237],[-104.9642,39.7238],[-104.9642,39.7255],[-104.9642,39.7256],[-104.9648,39.7256],[-104.9648,39.7257],[-104.9648,39.7258],[-104.9642,39.7258],[-104.9642,39.7267],[-104.9648,39.7267],[-104.9648,39.7268],[-104.9648,39.7269],[-104.9648,39.7271],[-104.9648,39.7273],[-104.965,39.7273],[-104.9657,39.7273],[-104.9659,39.7273],[-104.9659,39.7277],[-104.9659,39.7287],[-104.9659,39.7291],[-104.9658,39.7292],[-104.9658,39.7293],[-104.9657,39.7295],[-104.9656,39.7296],[-104.9655,39.7296],[-104.9655,39.7297],[-104.9652,39.7298],[-104.965,39.73],[-104.9647,39.7303],[-104.9646,39.7305],[-104.9647,39.7307],[-104.9647,39.7313],[-104.9645,39.7329],[-104.9645,39.7335],[-104.9645,39.7336],[-104.9645,39.7337],[-104.9644,39.7339],[-104.9644,39.7341],[-104.9644,39.7344],[-104.9645,39.7347],[-104.9645,39.7348],[-104.9646,39.7351],[-104.9645,39.7351],[-104.9642,39.7351],[-104.9641,39.7351],[-104.9641,39.7362],[-104.9641,39.7366],[-104.9641,39.7368],[-104.9645,39.7368],[-104.9648,39.7368],[-104.9648,39.7371],[-104.9648,39.7372],[-104.9648,39.7374],[-104.9646,39.7374],[-104.9642,39.7374],[-104.9642,39.7383],[-104.9642,39.7384],[-104.9643,39.7384],[-104.9643,39.7385],[-104.9641,39.7385],[-104.9641,39.7397],[-104.9642,39.7397],[-104.9646,39.7397],[-104.9648,39.7397],[-104.9648,39.74],[-104.9648,39.7403],[-104.9648,39.7406],[-104.9642,39.7406],[-104.9642,39.7413],[-104.9648,39.7413],[-104.9648,39.7416],[-104.9648,39.742],[-104.9646,39.7419],[-104.9642,39.7419],[-104.9642,39.7429],[-104.9646,39.7429],[-104.9648,39.7429],[-104.9648,39.7432],[-104.9648,39.7433],[-104.9643,39.7433],[-104.9643,39.7435],[-104.9641,39.7435],[-104.9641,39.7448],[-104.9645,39.7448],[-104.9648,39.7448],[-104.9648,39.7451],[-104.9648,39.7458],[-104.9648,39.7461],[-104.9648,39.7462],[-104.9648,39.7468],[-104.9648,39.7469],[-104.9648,39.7472],[-104.9647,39.748],[-104.9647,39.7482],[-104.965,39.7482],[-104.9657,39.7482],[-104.966,39.7482],[-104.9662,39.7482],[-104.9669,39.7482],[-104.9672,39.7482],[-104.9674,39.7482],[-104.9682,39.7482],[-104.9684,39.7482],[-104.9684,39.748],[-104.9684,39.7472],[-104.9684,39.7471],[-104.9688,39.7471],[-104.969,39.7471],[-104.9694,39.747],[-104.9697,39.747],[-104.9699,39.747],[-104.9706,39.747],[-104.9709,39.747],[-104.9711,39.747],[-104.9719,39.747],[-104.9721,39.747],[-104.9722,39.747],[-104.9723,39.747],[-104.9724,39.747],[-104.9727,39.747],[-104.9728,39.747],[-104.9733,39.747],[-104.9733,39.7475],[-104.9734,39.7475],[-104.9736,39.7475],[-104.9737,39.7475],[-104.9747,39.7475],[-104.9748,39.7469],[-104.9748,39.7462],[-104.975,39.7462],[-104.9759,39.7462],[-104.9762,39.7462],[-104.9762,39.7472],[-104.9763,39.7472],[-104.9768,39.7472],[-104.9769,39.7472],[-104.9771,39.7472],[-104.9772,39.7472],[-104.9772,39.7475],[-104.9774,39.7475],[-104.9776,39.7475],[-104.9777,39.7475],[-104.9781,39.7475],[-104.9782,39.7475],[-104.978,39.7474],[-104.9777,39.7471],[-104.9775,39.747],[-104.9775,39.7468],[-104.9775,39.7463],[-104.9775,39.7462],[-104.9778,39.7462],[-104.9779,39.7462],[-104.9779,39.746],[-104.9779,39.7459],[-104.9776,39.7459],[-104.9776,39.7458],[-104.9781,39.7458],[-104.9782,39.7453],[-104.9782,39.7448],[-104.9778,39.7448],[-104.9775,39.7448],[-104.9775,39.7445],[-104.9775,39.7436],[-104.9775,39.7433],[-104.9775,39.7429],[-104.9775,39.7427],[-104.9777,39.7427],[-104.9782,39.7427],[-104.9782,39.7421],[-104.9777,39.7421],[-104.9776,39.7421],[-104.9776,39.742],[-104.9776,39.7417],[-104.9776,39.7413],[-104.9776,39.7403],[-104.9776,39.7401],[-104.9776,39.74],[-104.9776,39.7397],[-104.9776,39.7387],[-104.9776,39.7384],[-104.9776,39.7381],[-104.9776,39.7372],[-104.9776,39.7369],[-104.9778,39.7369],[-104.9781,39.7369],[-104.9781,39.7351],[-104.9778,39.7351],[-104.9776,39.7351],[-104.9776,39.7349],[-104.9777,39.7349],[-104.9779,39.7349],[-104.9779,39.7347],[-104.9781,39.7347],[-104.9781,39.7339],[-104.9779,39.7339],[-104.9778,39.7337],[-104.9777,39.7337],[-104.9776,39.7337],[-104.9776,39.7334],[-104.9777,39.7334],[-104.9781,39.7334],[-104.9781,39.7323],[-104.9777,39.7323],[-104.9776,39.7323],[-104.9776,39.732],[-104.9776,39.7318],[-104.9779,39.7318],[-104.9779,39.7316],[-104.9781,39.7316],[-104.9781,39.7307],[-104.978,39.7307],[-104.978,39.7305],[-104.978,39.7304],[-104.9778,39.7304],[-104.9777,39.7304],[-104.9776,39.7304],[-104.9776,39.7302],[-104.9776,39.7293],[-104.9776,39.7291],[-104.9778,39.7291],[-104.9782,39.7291],[-104.9782,39.7279],[-104.9781,39.7273],[-104.9781,39.7272],[-104.9781,39.7259],[-104.9776,39.7259],[-104.9776,39.7256],[-104.9776,39.7253],[-104.9781,39.7253],[-104.9781,39.7241],[-104.9781,39.724],[-104.9781,39.7226],[-104.9781,39.7225],[-104.9778,39.7225],[-104.9775,39.7225],[-104.9775,39.7222],[-104.9775,39.7221],[-104.9781,39.7221],[-104.9781,39.7205],[-104.9779,39.7203],[-104.9778,39.7203],[-104.9775,39.7201],[-104.9775,39.72],[-104.9775,39.7198],[-104.9775,39.7197],[-104.9775,39.7195],[-104.9775,39.7194],[-104.9777,39.7193],[-104.9778,39.7193],[-104.9785,39.7193],[-104.9785,39.7192],[-104.9785,39.7189],[-104.9781,39.7189],[-104.978,39.7183],[-104.9781,39.7183],[-104.9782,39.7183],[-104.9783,39.7183],[-104.9785,39.7183],[-104.9785,39.7182],[-104.9785,39.7166]]]}},{"type":"Feature","properties":{"zip":"80204","city":"Denver city","area":14.2},"geometry":{"type":"Polygon","coordinates":[[[-105.0532,39.7249],[-105.0533,39.7241],[-105.0529,39.724],[-105.0526,39.724],[-105.0526,39.7231],[-105.0526,39.7229],[-105.0526,39.7223],[-105.0526,39.7222],[-105.0521,39.7222],[-105.0519,39.7222],[-105.0512,39.7222],[-105.0509,39.7222],[-105.0507,39.7222],[-105.05,39.7222],[-105.0498,39.7222],[-105.0495,39.7222],[-105.0488,39.7222],[-105.0486,39.7222],[-105.0484,39.7222],[-105.0477,39.7222],[-105.0474,39.7222],[-105.047,39.7222],[-105.0459,39.7222],[-105.0455,39.7222],[-105.0454,39.7222],[-105.0452,39.7222],[-105.0451,39.7222],[-105.0448,39.7221],[-105.0442,39.7221],[-105.0439,39.7221],[-105.0439,39.7223],[-105.0439,39.7228],[-105.0439,39.723],[-105.0438,39.723],[-105.0434,39.723],[-105.0433,39.723],[-105.0432,39.723],[-105.0428,39.723],[-105.0427,39.723],[-105.0426,39.723],[-105.0422,39.723],[-105.0421,39.723],[-105.042,39.723],[-105.0417,39.723],[-105.0416,39.723],[-105.0415,39.723],[-105.0411,39.723],[-105.0409,39.723],[-105.0408,39.723],[-105.0406,39.723],[-105.0405,39.723],[-105.0404,39.723],[-105.0399,39.723],[-105.0397,39.723],[-105.0395,39.7229],[-105.0384,39.7229],[-105.0373,39.7229],[-105.0371,39.7229],[-105.0364,39.7229],[-105.0362,39.7229],[-105.036,39.7229],[-105.0353,39.7229],[-105.0351,39.7229],[-105.035,39.7229],[-105.0349,39.7229],[-105.0347,39.7229],[-105.034,39.7229],[-105.0337,39.7229],[-105.0335,39.7229],[-105.0327,39.7229],[-105.0325,39.7229],[-105.0325,39.7232],[-105.0324,39.7232],[-105.0319,39.7232],[-105.0319,39.7231],[-105.0319,39.7229],[-105.0315,39.7229],[-105.0313,39.7229],[-105.031,39.7229],[-105.0303,39.7229],[-105.03,39.7229],[-105.0288,39.7229],[-105.0288,39.7214],[-105.0281,39.7216],[-105.0279,39.7216],[-105.0278,39.7216],[-105.0276,39.7216],[-105.0274,39.7217],[-105.0273,39.7217],[-105.0271,39.7218],[-105.027,39.7218],[-105.0269,39.7218],[-105.0269,39.7219],[-105.0269,39.722],[-105.0268,39.7221],[-105.0267,39.7222],[-105.0267,39.7223],[-105.0266,39.7224],[-105.0266,39.7226],[-105.0266,39.7227],[-105.0267,39.7228],[-105.0267,39.7229],[-105.0268,39.7229],[-105.0268,39.723],[-105.0268,39.7231],[-105.0269,39.7232],[-105.027,39.7233],[-105.0271,39.7234],[-105.0272,39.7236],[-105.0272,39.7237],[-105.0272,39.7239],[-105.0273,39.724],[-105.0273,39.7241],[-105.0273,39.7242],[-105.0274,39.7243],[-105.0275,39.7244],[-105.0276,39.7244],[-105.0276,39.7245],[-105.0277,39.7245],[-105.0277,39.7246],[-105.0277,39.7247],[-105.0277,39.7248],[-105.0276,39.7248],[-105.0275,39.7249],[-105.0274,39.7249],[-105.0274,39.725],[-105.0273,39.725],[-105.0273,39.7251],[-105.0272,39.7252],[-105.0272,39.7253],[-105.0271,39.7254],[-105.0254,39.7254],[-105.0251,39.7254],[-105.0251,39.7251],[-105.0251,39.725],[-105.0251,39.7248],[-105.0251,39.7241],[-105.0251,39.7238],[-105.0251,39.7235],[-105.0251,39.7229],[-105.0251,39.7227],[-105.0251,39.7222],[-105.0251,39.7221],[-105.0246,39.7221],[-105.0246,39.7225],[-105.0245,39.7225],[-105.0221,39.7225],[-105.0221,39.7229],[-105.021,39.7229],[-105.021,39.7239],[-105.0187,39.7239],[-105.0187,39.7241],[-105.0187,39.7247],[-105.0187,39.7249],[-105.0187,39.725],[-105.0187,39.7251],[-105.0187,39.7252],[-105.0185,39.7252],[-105.0181,39.7252],[-105.0162,39.7253],[-105.0158,39.7253],[-105.0158,39.7254],[-105.0158,39.7255],[-105.0143,39.7256],[-105.0137,39.7257],[-105.0135,39.7257],[-105.0132,39.7257],[-105.0129,39.7257],[-105.0128,39.7257],[-105.0126,39.7257],[-105.0124,39.7257],[-105.0122,39.7257],[-105.012,39.7257],[-105.0113,39.7258],[-105.011,39.7258],[-105.0109,39.7258],[-105.0108,39.7258],[-105.0097,39.7258],[-105.0095,39.7258],[-105.0092,39.7258],[-105.0092,39.7257],[-105.0083,39.7256],[-105.0082,39.7256],[-105.0076,39.7256],[-105.0075,39.7256],[-105.0074,39.7256],[-105.0069,39.7256],[-105.0068,39.7256],[-105.0067,39.7255],[-105.0066,39.7255],[-105.0065,39.7255],[-105.006,39.7256],[-105.0061,39.7257],[-105.0058,39.7256],[-105.0057,39.7255],[-105.0056,39.7254],[-105.0058,39.7254],[-105.0064,39.7254],[-105.0066,39.7254],[-105.0071,39.7254],[-105.0075,39.7254],[-105.0084,39.7254],[-105.0091,39.7254],[-105.0093,39.7254],[-105.0093,39.7231],[-105.009,39.7228],[-105.0085,39.7224],[-105.0075,39.7213],[-105.0074,39.7212],[-105.0071,39.721],[-105.007,39.7209],[-105.0069,39.7209],[-105.0064,39.7209],[-105.0062,39.7209],[-105.0061,39.7209],[-105.0057,39.7209],[-105.0055,39.7209],[-105.005,39.7209],[-105.0034,39.7209],[-105.0029,39.7209],[-105.0016,39.7209],[-105.0005,39.7209],[-105.0002,39.7209],[-105.0002,39.7225],[-104.9999,39.7225],[-104.9989,39.7225],[-104.9986,39.7225],[-104.9984,39.7225],[-104.9977,39.7225],[-104.9975,39.7225],[-104.9973,39.7225],[-104.9966,39.7225],[-104.9964,39.7225],[-104.9961,39.7225],[-104.9954,39.7225],[-104.9952,39.7225],[-104.9949,39.7225],[-104.9942,39.7225],[-104.994,39.7225],[-104.9938,39.7225],[-104.9931,39.7225],[-104.9928,39.7225],[-104.9927,39.7225],[-104.9923,39.7225],[-104.9922,39.7225],[-104.9922,39.7229],[-104.9922,39.723],[-104.9912,39.723],[-104.9912,39.7228],[-104.991,39.7228],[-104.9908,39.7229],[-104.9908,39.7231],[-104.9892,39.7231],[-104.9892,39.7229],[-104.9892,39.7227],[-104.9892,39.7225],[-104.9888,39.7225],[-104.9883,39.7225],[-104.9883,39.7227],[-104.9883,39.7241],[-104.9883,39.7242],[-104.9883,39.7255],[-104.9883,39.7256],[-104.9886,39.7256],[-104.9889,39.7257],[-104.9889,39.726],[-104.9889,39.727],[-104.9889,39.7272],[-104.9888,39.7273],[-104.9893,39.7277],[-104.9896,39.7279],[-104.99,39.7283],[-104.9898,39.7284],[-104.9897,39.7284],[-104.9896,39.7283],[-104.9895,39.7282],[-104.9893,39.728],[-104.9891,39.7279],[-104.989,39.7278],[-104.9889,39.7277],[-104.9888,39.7277],[-104.9887,39.7277],[-104.9885,39.7276],[-104.9883,39.7274],[-104.9881,39.7273],[-104.9878,39.7271],[-104.9875,39.727],[-104.9874,39.7269],[-104.9874,39.7273],[-104.9874,39.7274],[-104.9874,39.7278],[-104.9874,39.7288],[-104.9874,39.7291],[-104.9877,39.7291],[-104.9881,39.7291],[-104.9881,39.7305],[-104.9881,39.732],[-104.9881,39.7337],[-104.9881,39.7339],[-104.9881,39.7353],[-104.9877,39.7353],[-104.9874,39.7353],[-104.9874,39.7356],[-104.9874,39.7365],[-104.9874,39.7368],[-104.9874,39.7372],[-104.9874,39.7381],[-104.9874,39.7384],[-104.9877,39.7384],[-104.9879,39.7384],[-104.9882,39.7382],[-104.9885,39.738],[-104.9886,39.7379],[-104.9887,39.7379],[-104.9889,39.7378],[-104.9891,39.7378],[-104.9892,39.7378],[-104.9893,39.7379],[-104.9896,39.7381],[-104.99,39.7383],[-104.9901,39.7384],[-104.9902,39.7384],[-104.9905,39.7384],[-104.9914,39.7384],[-104.9917,39.7384],[-104.9917,39.7388],[-104.9917,39.7398],[-104.9917,39.74],[-104.9917,39.7401],[-104.9917,39.7402],[-104.9916,39.7403],[-104.9912,39.7405],[-104.9911,39.7406],[-104.9913,39.7408],[-104.9918,39.7412],[-104.992,39.7413],[-104.9922,39.7411],[-104.9929,39.7406],[-104.9932,39.7404],[-104.9934,39.7405],[-104.9939,39.7409],[-104.9941,39.741],[-104.9942,39.7412],[-104.9948,39.7416],[-104.9949,39.7417],[-104.9952,39.7415],[-104.9959,39.741],[-104.9961,39.7408],[-104.9963,39.7407],[-104.9968,39.7403],[-104.9969,39.7402],[-104.9972,39.7402],[-104.9979,39.7402],[-104.9981,39.7402],[-104.9983,39.7402],[-104.9986,39.7402],[-104.9986,39.7403],[-104.9987,39.7404],[-104.9987,39.7405],[-104.9988,39.7406],[-104.9989,39.7409],[-104.999,39.7409],[-104.999,39.741],[-104.9991,39.7412],[-104.9992,39.7413],[-104.9992,39.7415],[-104.9993,39.7416],[-104.9994,39.7417],[-104.9995,39.7419],[-104.9995,39.742],[-104.9996,39.7421],[-104.9995,39.7422],[-104.9994,39.7423],[-104.9993,39.7423],[-104.9992,39.7424],[-104.9991,39.7425],[-104.999,39.7425],[-104.9989,39.7427],[-104.9988,39.7427],[-104.9986,39.7429],[-104.9978,39.7435],[-104.9975,39.7437],[-104.9973,39.7439],[-104.9966,39.7445],[-104.9964,39.7447],[-104.9965,39.7448],[-104.997,39.7452],[-104.9972,39.7453],[-104.9973,39.7455],[-104.9979,39.7459],[-104.998,39.746],[-104.9982,39.7461],[-104.9988,39.7465],[-104.999,39.7467],[-104.9993,39.7464],[-104.9997,39.7461],[-104.9999,39.7459],[-105.0001,39.7458],[-105.0004,39.7455],[-105.0005,39.7455],[-105.0007,39.7453],[-105.0008,39.7455],[-105.0011,39.7459],[-105.0013,39.7462],[-105.0014,39.7464],[-105.0025,39.7475],[-105.0026,39.7476],[-105.0032,39.7483],[-105.0033,39.7485],[-105.0032,39.7485],[-105.0031,39.7485],[-105.0032,39.7486],[-105.0031,39.7487],[-105.003,39.7487],[-105.0029,39.7488],[-105.0032,39.7492],[-105.0034,39.7491],[-105.0035,39.7491],[-105.0037,39.7493],[-105.0039,39.7496],[-105.0041,39.7497],[-105.0044,39.7499],[-105.0048,39.7502],[-105.0051,39.7505],[-105.0063,39.7513],[-105.0064,39.7514],[-105.0064,39.7515],[-105.0065,39.7516],[-105.0066,39.7516],[-105.0067,39.7517],[-105.0068,39.7518],[-105.0069,39.7519],[-105.007,39.752],[-105.0072,39.7523],[-105.0073,39.7524],[-105.0076,39.7527],[-105.008,39.753],[-105.0081,39.7531],[-105.0082,39.7532],[-105.0084,39.7533],[-105.0088,39.7536],[-105.0095,39.7539],[-105.0097,39.7538],[-105.0098,39.7537],[-105.0098,39.7536],[-105.0099,39.7536],[-105.01,39.7535],[-105.0102,39.7534],[-105.0103,39.7534],[-105.0108,39.7529],[-105.0109,39.7529],[-105.0112,39.7526],[-105.0113,39.7525],[-105.0115,39.7524],[-105.0117,39.7522],[-105.0121,39.7518],[-105.0122,39.7516],[-105.0125,39.7514],[-105.013,39.7511],[-105.0131,39.751],[-105.0133,39.751],[-105.0134,39.7509],[-105.0135,39.7509],[-105.0137,39.7508],[-105.0144,39.7504],[-105.0151,39.7499],[-105.0154,39.7494],[-105.0155,39.7487],[-105.0157,39.7469],[-105.0156,39.7461],[-105.0156,39.7451],[-105.0157,39.7447],[-105.0161,39.7437],[-105.0161,39.7436],[-105.0162,39.7436],[-105.0162,39.7435],[-105.0163,39.7434],[-105.0165,39.7436],[-105.0166,39.7437],[-105.0168,39.7439],[-105.0168,39.744],[-105.0173,39.7444],[-105.0174,39.7445],[-105.0174,39.7446],[-105.0176,39.7448],[-105.0178,39.7449],[-105.0179,39.745],[-105.0182,39.7454],[-105.0185,39.7458],[-105.0185,39.7459],[-105.0186,39.7459],[-105.0186,39.746],[-105.0187,39.746],[-105.0188,39.7459],[-105.0189,39.7459],[-105.019,39.7459],[-105.019,39.746],[-105.019,39.7463],[-105.019,39.7464],[-105.019,39.7466],[-105.019,39.7473],[-105.019,39.7476],[-105.0193,39.7476],[-105.0202,39.7476],[-105.0205,39.7476],[-105.0208,39.7476],[-105.0218,39.7476],[-105.0221,39.7476],[-105.0224,39.7476],[-105.0233,39.7476],[-105.0236,39.7476],[-105.0239,39.7476],[-105.0249,39.7476],[-105.0252,39.7476],[-105.0255,39.7476],[-105.0265,39.7476],[-105.0268,39.7476],[-105.0271,39.7476],[-105.0274,39.7476],[-105.0274,39.7468],[-105.0278,39.7468],[-105.0278,39.7476],[-105.0281,39.7476],[-105.0284,39.7476],[-105.0287,39.7476],[-105.029,39.7476],[-105.029,39.7469],[-105.0293,39.7469],[-105.0293,39.7476],[-105.0296,39.7476],[-105.0299,39.7476],[-105.0303,39.7476],[-105.0312,39.7476],[-105.0315,39.7476],[-105.0317,39.7476],[-105.0321,39.7476],[-105.0323,39.7476],[-105.0325,39.7476],[-105.0332,39.7476],[-105.0333,39.7476],[-105.0335,39.7476],[-105.0338,39.7476],[-105.0346,39.7476],[-105.0348,39.7476],[-105.0355,39.7476],[-105.0358,39.7476],[-105.036,39.7476],[-105.0367,39.7476],[-105.037,39.7476],[-105.037,39.7473],[-105.037,39.7466],[-105.037,39.7464],[-105.0367,39.7464],[-105.036,39.7464],[-105.0358,39.7464],[-105.0358,39.7461],[-105.0358,39.7454],[-105.0358,39.7452],[-105.0358,39.7439],[-105.037,39.7439],[-105.0372,39.744],[-105.0376,39.744],[-105.0379,39.744],[-105.0382,39.744],[-105.0384,39.744],[-105.0387,39.7439],[-105.0391,39.744],[-105.0393,39.744],[-105.0399,39.744],[-105.0416,39.744],[-105.0421,39.744],[-105.0422,39.744],[-105.0424,39.744],[-105.0425,39.744],[-105.0426,39.744],[-105.0428,39.744],[-105.0431,39.744],[-105.0438,39.744],[-105.044,39.744],[-105.0443,39.744],[-105.0449,39.744],[-105.0452,39.744],[-105.0454,39.744],[-105.0461,39.744],[-105.0463,39.744],[-105.0466,39.744],[-105.0473,39.744],[-105.0475,39.744],[-105.0477,39.744],[-105.0485,39.744],[-105.0487,39.744],[-105.0489,39.744],[-105.0496,39.744],[-105.0498,39.744],[-105.05,39.744],[-105.0507,39.744],[-105.0509,39.744],[-105.0512,39.744],[-105.0519,39.744],[-105.0521,39.744],[-105.0523,39.744],[-105.0527,39.744],[-105.0527,39.7427],[-105.0527,39.7419],[-105.0527,39.7411],[-105.0532,39.7411],[-105.0532,39.7404],[-105.0532,39.7403],[-105.0532,39.74],[-105.0532,39.7393],[-105.0526,39.7393],[-105.0526,39.7386],[-105.0526,39.7385],[-105.0526,39.7384],[-105.0526,39.7368],[-105.053,39.7368],[-105.0532,39.7368],[-105.0532,39.7365],[-105.0532,39.7358],[-105.0532,39.7356],[-105.0532,39.7355],[-105.0532,39.7353],[-105.0532,39.7352],[-105.0532,39.735],[-105.0532,39.7349],[-105.0532,39.7345],[-105.0532,39.7344],[-105.0532,39.734],[-105.0532,39.7338],[-105.0532,39.7337],[-105.0532,39.7333],[-105.0532,39.7331],[-105.053,39.7331],[-105.0524,39.7331],[-105.0522,39.7331],[-105.0522,39.7313],[-105.0523,39.7313],[-105.053,39.7313],[-105.0532,39.7313],[-105.0532,39.731],[-105.0531,39.731],[-105.0526,39.731],[-105.0526,39.7296],[-105.0526,39.7295],[-105.053,39.7295],[-105.0532,39.7295],[-105.0532,39.729],[-105.0533,39.7285],[-105.0533,39.7278],[-105.0533,39.7273],[-105.0533,39.7272],[-105.0533,39.7266],[-105.0533,39.7262],[-105.0533,39.7261],[-105.0533,39.726],[-105.0533,39.7259],[-105.0533,39.7258],[-105.0532,39.7256],[-105.0532,39.7254],[-105.0532,39.7253],[-105.0532,39.7249]]]}},{"type":"Feature","properties":{"zip":"80205","city":"Denver city","area":12.0},"geometry":{"type":"Polygon","coordinates":[[[-104.9971,39.7567],[-104.9972,39.7566],[-104.997,39.7565],[-104.9969,39.7564],[-104.9968,39.7563],[-104.9964,39.756],[-104.9963,39.7559],[-104.9962,39.7558],[-104.9961,39.7557],[-104.996,39.7556],[-104.9958,39.7555],[-104.9953,39.7551],[-104.9951,39.755],[-104.995,39.7548],[-104.9944,39.7545],[-104.9943,39.7543],[-104.9941,39.7542],[-104.9936,39.7538],[-104.9934,39.7537],[-104.9933,39.7535],[-104.9928,39.7531],[-104.9926,39.7529],[-104.9924,39.7528],[-104.9919,39.7524],[-104.9917,39.7523],[-104.9915,39.7521],[-104.991,39.7517],[-104.9908,39.7516],[-104.9907,39.7515],[-104.9901,39.7511],[-104.99,39.7509],[-104.9898,39.7508],[-104.9893,39.7504],[-104.9891,39.7503],[-104.9889,39.7501],[-104.9884,39.7497],[-104.9882,39.7496],[-104.9875,39.749],[-104.9874,39.7489],[-104.9873,39.7488],[-104.9865,39.7482],[-104.9861,39.7479],[-104.9861,39.7475],[-104.9857,39.7475],[-104.9856,39.7476],[-104.9855,39.7476],[-104.9854,39.7476],[-104.9851,39.7475],[-104.985,39.7475],[-104.9849,39.7475],[-104.9848,39.7475],[-104.9847,39.7475],[-104.9842,39.7476],[-104.9841,39.7476],[-104.9839,39.7476],[-104.9837,39.7476],[-104.9836,39.7476],[-104.9833,39.7476],[-104.9831,39.7476],[-104.9826,39.7475],[-104.9823,39.7475],[-104.9821,39.7475],[-104.9817,39.7475],[-104.9813,39.7475],[-104.9811,39.7475],[-104.981,39.7475],[-104.9809,39.7475],[-104.9808,39.7475],[-104.9807,39.7475],[-104.9801,39.7475],[-104.9799,39.7475],[-104.9797,39.7475],[-104.979,39.7475],[-104.9787,39.7475],[-104.9786,39.7475],[-104.9784,39.7475],[-104.9783,39.7475],[-104.9782,39.7475],[-104.9781,39.7475],[-104.9777,39.7475],[-104.9776,39.7475],[-104.9774,39.7475],[-104.9772,39.7475],[-104.9772,39.7472],[-104.9771,39.7472],[-104.9769,39.7472],[-104.9768,39.7472],[-104.9763,39.7472],[-104.9762,39.7472],[-104.9762,39.7462],[-104.9759,39.7462],[-104.975,39.7462],[-104.9748,39.7462],[-104.9748,39.7469],[-104.9747,39.7475],[-104.9737,39.7475],[-104.9736,39.7475],[-104.9734,39.7475],[-104.9733,39.7475],[-104.9733,39.747],[-104.9728,39.747],[-104.9727,39.747],[-104.9724,39.747],[-104.9723,39.747],[-104.9722,39.747],[-104.9721,39.747],[-104.9719,39.747],[-104.9711,39.747],[-104.9709,39.747],[-104.9706,39.747],[-104.9699,39.747],[-104.9697,39.747],[-104.9694,39.747],[-104.969,39.7471],[-104.9688,39.7471],[-104.9684,39.7471],[-104.9684,39.7472],[-104.9684,39.748],[-104.9684,39.7482],[-104.9682,39.7482],[-104.9674,39.7482],[-104.9672,39.7482],[-104.9669,39.7482],[-104.9662,39.7482],[-104.966,39.7482],[-104.9657,39.7482],[-104.965,39.7482],[-104.9647,39.7482],[-104.9647,39.748],[-104.9648,39.7472],[-104.9648,39.7469],[-104.9645,39.7469],[-104.9637,39.7469],[-104.9635,39.7469],[-104.9632,39.7469],[-104.9625,39.7469],[-104.9622,39.7469],[-104.962,39.7469],[-104.9612,39.7469],[-104.961,39.7469],[-104.9608,39.7469],[-104.96,39.7469],[-104.9598,39.7469],[-104.9598,39.7465],[-104.9598,39.7452],[-104.9598,39.7448],[-104.9596,39.7447],[-104.9595,39.7446],[-104.9594,39.7446],[-104.9592,39.7443],[-104.9591,39.7441],[-104.9589,39.744],[-104.9587,39.7439],[-104.9586,39.7439],[-104.9582,39.7438],[-104.958,39.7438],[-104.9572,39.7438],[-104.957,39.7438],[-104.9569,39.7438],[-104.9567,39.7438],[-104.9563,39.7438],[-104.9552,39.7438],[-104.9548,39.7438],[-104.9545,39.7438],[-104.9538,39.7438],[-104.9536,39.7438],[-104.9534,39.7438],[-104.9527,39.7438],[-104.9525,39.7438],[-104.9523,39.7438],[-104.9519,39.7438],[-104.9515,39.7438],[-104.9513,39.7438],[-104.9501,39.7438],[-104.9488,39.7438],[-104.9486,39.7438],[-104.9479,39.7438],[-104.9477,39.7438],[-104.9474,39.7438],[-104.9467,39.7438],[-104.9465,39.7438],[-104.9463,39.7438],[-104.9456,39.7438],[-104.9454,39.7438],[-104.9451,39.7438],[-104.9444,39.7438],[-104.9442,39.7438],[-104.944,39.7438],[-104.9433,39.7438],[-104.943,39.7438],[-104.9428,39.7438],[-104.9421,39.7438],[-104.9419,39.7438],[-104.9416,39.7438],[-104.9409,39.7438],[-104.9408,39.7438],[-104.9407,39.7438],[-104.9407,39.744],[-104.9406,39.7447],[-104.9406,39.745],[-104.9406,39.7452],[-104.9406,39.7459],[-104.9406,39.7461],[-104.9406,39.7464],[-104.9406,39.7469],[-104.9406,39.7471],[-104.9406,39.7474],[-104.9406,39.7478],[-104.9406,39.7489],[-104.9406,39.7492],[-104.9406,39.7496],[-104.9406,39.7507],[-104.9406,39.751],[-104.9406,39.7528],[-104.9405,39.7544],[-104.9407,39.7544],[-104.9407,39.755],[-104.9407,39.756],[-104.9407,39.7565],[-104.9408,39.7565],[-104.9412,39.7565],[-104.9412,39.7566],[-104.9412,39.7582],[-104.9412,39.7583],[-104.9411,39.7583],[-104.9407,39.7583],[-104.9406,39.7583],[-104.9405,39.7583],[-104.9405,39.7587],[-104.9405,39.7598],[-104.9405,39.7602],[-104.9405,39.7605],[-104.9405,39.7616],[-104.9405,39.7618],[-104.9405,39.762],[-104.9406,39.762],[-104.9407,39.7619],[-104.9407,39.7638],[-104.9407,39.7645],[-104.9406,39.7657],[-104.9406,39.7658],[-104.9406,39.7669],[-104.9406,39.7681],[-104.9405,39.7681],[-104.9405,39.7683],[-104.9405,39.769],[-104.9405,39.7692],[-104.9405,39.7699],[-104.9405,39.7721],[-104.9405,39.7729],[-104.9406,39.7729],[-104.9407,39.7729],[-104.941,39.7729],[-104.9414,39.7729],[-104.9417,39.7729],[-104.9419,39.7729],[-104.9424,39.7729],[-104.9426,39.7729],[-104.9429,39.7729],[-104.9435,39.7729],[-104.9451,39.7729],[-104.9457,39.7729],[-104.9463,39.7729],[-104.9464,39.7729],[-104.9475,39.7729],[-104.948,39.7729],[-104.9486,39.7729],[-104.9489,39.7729],[-104.9496,39.7729],[-104.9498,39.7729],[-104.95,39.7729],[-104.9506,39.7729],[-104.9508,39.7729],[-104.9511,39.7729],[-104.9517,39.7729],[-104.9519,39.7729],[-104.9522,39.7729],[-104.9528,39.7729],[-104.9531,39.7729],[-104.9533,39.7729],[-104.9539,39.7729],[-104.9542,39.7729],[-104.9547,39.7729],[-104.9563,39.7729],[-104.9569,39.7729],[-104.9571,39.7729],[-104.9572,39.7729],[-104.9574,39.7729],[-104.958,39.7729],[-104.9583,39.7729],[-104.9585,39.7729],[-104.9588,39.7729],[-104.9592,39.7729],[-104.9593,39.7729],[-104.9594,39.7729],[-104.9594,39.773],[-104.9594,39.7734],[-104.9594,39.7739],[-104.9594,39.7749],[-104.9594,39.7752],[-104.9594,39.7753],[-104.9595,39.7753],[-104.9598,39.7753],[-104.9599,39.7753],[-104.9604,39.7754],[-104.9608,39.7754],[-104.9611,39.7754],[-104.9614,39.7755],[-104.9617,39.7755],[-104.9619,39.7755],[-104.9628,39.7755],[-104.9631,39.7755],[-104.9632,39.7755],[-104.9634,39.7755],[-104.9635,39.7755],[-104.9637,39.7756],[-104.9639,39.7756],[-104.9639,39.7757],[-104.964,39.7757],[-104.9642,39.7758],[-104.9643,39.7759],[-104.9644,39.7759],[-104.9645,39.776],[-104.9646,39.7761],[-104.9647,39.7762],[-104.9647,39.7763],[-104.9648,39.7765],[-104.9649,39.7766],[-104.9649,39.7767],[-104.9649,39.7768],[-104.9649,39.7769],[-104.9649,39.777],[-104.9649,39.7771],[-104.9649,39.7772],[-104.9649,39.7773],[-104.9649,39.7774],[-104.9648,39.7775],[-104.9647,39.7777],[-104.9647,39.7778],[-104.9646,39.7778],[-104.9645,39.778],[-104.9644,39.778],[-104.9644,39.7781],[-104.9637,39.7788],[-104.9715,39.7728],[-104.9718,39.7726],[-104.9724,39.7721],[-104.9733,39.7714],[-104.9749,39.7702],[-104.9765,39.769],[-104.9769,39.7688],[-104.9786,39.7679],[-104.9797,39.7674],[-104.9811,39.7666],[-104.9818,39.7662],[-104.9824,39.7659],[-104.9828,39.7656],[-104.9831,39.7653],[-104.984,39.7647],[-104.9855,39.7636],[-104.9869,39.7625],[-104.988,39.7619],[-104.9881,39.7617],[-104.9881,39.7616],[-104.9883,39.7616],[-104.9885,39.7615],[-104.9886,39.7614],[-104.9888,39.7613],[-104.9889,39.7612],[-104.9892,39.7611],[-104.9893,39.761],[-104.9895,39.7609],[-104.9896,39.7609],[-104.9897,39.7609],[-104.9899,39.7609],[-104.9901,39.7609],[-104.9904,39.7609],[-104.9905,39.7609],[-104.9906,39.7609],[-104.9908,39.7609],[-104.9909,39.7609],[-104.991,39.761],[-104.9911,39.761],[-104.9912,39.7611],[-104.9913,39.7609],[-104.9914,39.7608],[-104.9915,39.7607],[-104.9919,39.7605],[-104.9921,39.7603],[-104.9923,39.7602],[-104.993,39.7597],[-104.9935,39.7594],[-104.9936,39.7593],[-104.9937,39.7593],[-104.9937,39.7592],[-104.9939,39.7591],[-104.9941,39.759],[-104.9945,39.7587],[-104.9946,39.7586],[-104.9948,39.7584],[-104.995,39.7582],[-104.9954,39.7578],[-104.9963,39.7571],[-104.9964,39.757],[-104.9971,39.7567]]]}},{"type":"Feature","properties":{"zip":"80206","city":"Denver city","area":6.4},"geometry":{"type":"Polygon","coordinates":[[[-104.9659,39.7291],[-104.9659,39.7287],[-104.9659,39.7277],[-104.9659,39.7273],[-104.9657,39.7273],[-104.965,39.7273],[-104.9648,39.7273],[-104.9648,39.7271],[-104.9648,39.7269],[-104.9648,39.7268],[-104.9648,39.7267],[-104.9642,39.7267],[-104.9642,39.7258],[-104.9648,39.7258],[-104.9648,39.7257],[-104.9648,39.7256],[-104.9642,39.7256],[-104.9642,39.7255],[-104.9642,39.7238],[-104.9642,39.7237],[-104.9642,39.7221],[-104.9643,39.7221],[-104.9645,39.7221],[-104.9645,39.722],[-104.9645,39.7219],[-104.9645,39.7215],[-104.9642,39.7215],[-104.9642,39.7207],[-104.964,39.7207],[-104.964,39.7195],[-104.9641,39.7195],[-104.9641,39.7187],[-104.9646,39.7187],[-104.9646,39.7184],[-104.9646,39.7183],[-104.9634,39.7183],[-104.962,39.7183],[-104.9607,39.7183],[-104.9594,39.7183],[-104.9593,39.7183],[-104.9593,39.7182],[-104.9593,39.7167],[-104.9593,39.7163],[-104.9593,39.7162],[-104.9593,39.7161],[-104.9591,39.7161],[-104.9582,39.7162],[-104.9576,39.7162],[-104.9573,39.7162],[-104.9568,39.7162],[-104.9561,39.7161],[-104.9553,39.7161],[-104.9551,39.716],[-104.9548,39.716],[-104.9543,39.7159],[-104.9539,39.7159],[-104.9535,39.7159],[-104.9532,39.7159],[-104.9532,39.7158],[-104.9532,39.7157],[-104.9531,39.7156],[-104.9528,39.7153],[-104.9525,39.7152],[-104.9515,39.7152],[-104.9507,39.7151],[-104.9507,39.715],[-104.9507,39.7148],[-104.9505,39.7147],[-104.9504,39.7147],[-104.9499,39.7147],[-104.9498,39.7147],[-104.9498,39.715],[-104.9498,39.7159],[-104.9498,39.7163],[-104.9495,39.7162],[-104.9488,39.7162],[-104.9486,39.7162],[-104.9483,39.7162],[-104.9482,39.7162],[-104.9476,39.7162],[-104.9474,39.7162],[-104.9471,39.7162],[-104.9464,39.7162],[-104.9462,39.7162],[-104.9459,39.7162],[-104.9452,39.7162],[-104.945,39.7162],[-104.9447,39.7162],[-104.944,39.7162],[-104.9438,39.7162],[-104.9435,39.7162],[-104.9428,39.7162],[-104.9425,39.7162],[-104.9423,39.7162],[-104.9416,39.7162],[-104.9413,39.7162],[-104.9408,39.7162],[-104.9407,39.7162],[-104.9406,39.7162],[-104.9401,39.7162],[-104.9401,39.7178],[-104.9401,39.7194],[-104.9401,39.7209],[-104.9402,39.7209],[-104.9404,39.7209],[-104.9405,39.7209],[-104.9406,39.7209],[-104.9406,39.7212],[-104.9402,39.7212],[-104.9401,39.7216],[-104.94,39.7231],[-104.94,39.7243],[-104.94,39.7253],[-104.9404,39.7253],[-104.9406,39.7253],[-104.9406,39.7254],[-104.9406,39.7255],[-104.9406,39.7256],[-104.9406,39.7269],[-104.9406,39.7274],[-104.9405,39.7274],[-104.9404,39.7274],[-104.9397,39.7274],[-104.9395,39.7274],[-104.9395,39.7278],[-104.9395,39.7289],[-104.9395,39.7292],[-104.9397,39.7292],[-104.9404,39.7292],[-104.9406,39.7292],[-104.9406,39.7305],[-104.9406,39.731],[-104.9406,39.7321],[-104.9406,39.7322],[-104.9406,39.7327],[-104.9406,39.7328],[-104.9404,39.7328],[-104.9401,39.7329],[-104.9401,39.7333],[-104.9401,39.7347],[-104.9404,39.7347],[-104.9405,39.7347],[-104.9406,39.7347],[-104.9406,39.7348],[-104.9406,39.7349],[-104.94,39.7349],[-104.94,39.7351],[-104.94,39.7354],[-104.94,39.7365],[-104.9401,39.7365],[-104.9404,39.7366],[-104.9406,39.7367],[-104.9406,39.737],[-104.9406,39.738],[-104.9406,39.7383],[-104.9406,39.7386],[-104.9406,39.7398],[-104.9406,39.7401],[-104.9407,39.7401],[-104.9407,39.7414],[-104.9407,39.7419],[-104.9409,39.7419],[-104.9416,39.7419],[-104.9419,39.7419],[-104.9419,39.7423],[-104.9419,39.7434],[-104.9419,39.7438],[-104.9421,39.7438],[-104.9428,39.7438],[-104.943,39.7438],[-104.9433,39.7438],[-104.944,39.7438],[-104.9442,39.7438],[-104.9444,39.7438],[-104.9451,39.7438],[-104.9454,39.7438],[-104.9456,39.7438],[-104.9463,39.7438],[-104.9465,39.7438],[-104.9467,39.7438],[-104.9474,39.7438],[-104.9477,39.7438],[-104.9479,39.7438],[-104.9486,39.7438],[-104.9488,39.7438],[-104.9501,39.7438],[-104.9513,39.7438],[-104.9515,39.7438],[-104.9519,39.7438],[-104.9523,39.7438],[-104.9525,39.7438],[-104.9527,39.7438],[-104.9534,39.7438],[-104.9536,39.7438],[-104.9538,39.7438],[-104.9545,39.7438],[-104.9548,39.7438],[-104.9552,39.7438],[-104.9563,39.7438],[-104.9567,39.7438],[-104.9569,39.7438],[-104.957,39.7438],[-104.9572,39.7438],[-104.958,39.7438],[-104.9582,39.7438],[-104.9586,39.7439],[-104.9587,39.7439],[-104.9589,39.744],[-104.9591,39.7441],[-104.9592,39.7443],[-104.9594,39.7446],[-104.9595,39.7446],[-104.9596,39.7447],[-104.9598,39.7448],[-104.9598,39.7452],[-104.9598,39.7465],[-104.9598,39.7469],[-104.96,39.7469],[-104.9608,39.7469],[-104.961,39.7469],[-104.9612,39.7469],[-104.962,39.7469],[-104.9622,39.7469],[-104.9625,39.7469],[-104.9632,39.7469],[-104.9635,39.7469],[-104.9637,39.7469],[-104.9645,39.7469],[-104.9648,39.7469],[-104.9648,39.7468],[-104.9648,39.7462],[-104.9648,39.7461],[-104.9648,39.7458],[-104.9648,39.7451],[-104.9648,39.7448],[-104.9645,39.7448],[-104.9641,39.7448],[-104.9641,39.7435],[-104.9643,39.7435],[-104.9643,39.7433],[-104.9648,39.7433],[-104.9648,39.7432],[-104.9648,39.7429],[-104.9646,39.7429],[-104.9642,39.7429],[-104.9642,39.7419],[-104.9646,39.7419],[-104.9648,39.742],[-104.9648,39.7416],[-104.9648,39.7413],[-104.9642,39.7413],[-104.9642,39.7406],[-104.9648,39.7406],[-104.9648,39.7403],[-104.9648,39.74],[-104.9648,39.7397],[-104.9646,39.7397],[-104.9642,39.7397],[-104.9641,39.7397],[-104.9641,39.7385],[-104.9643,39.7385],[-104.9643,39.7384],[-104.9642,39.7384],[-104.9642,39.7383],[-104.9642,39.7374],[-104.9646,39.7374],[-104.9648,39.7374],[-104.9648,39.7372],[-104.9648,39.7371],[-104.9648,39.7368],[-104.9645,39.7368],[-104.9641,39.7368],[-104.9641,39.7366],[-104.9641,39.7362],[-104.9641,39.7351],[-104.9642,39.7351],[-104.9645,39.7351],[-104.9646,39.7351],[-104.9645,39.7348],[-104.9645,39.7347],[-104.9644,39.7344],[-104.9644,39.7341],[-104.9644,39.7339],[-104.9645,39.7337],[-104.9645,39.7336],[-104.9645,39.7335],[-104.9645,39.7329],[-104.9647,39.7313],[-104.9647,39.7307],[-104.9646,39.7305],[-104.9647,39.7303],[-104.965,39.73],[-104.9652,39.7298],[-104.9655,39.7297],[-104.9655,39.7296],[-104.9656,39.7296],[-104.9657,39.7295],[-104.9658,39.7293],[-104.9658,39.7292],[-104.9659,39.7291]]]}},{"type":"Feature","properties":{"zip":"80211","city":"Denver city","area":11.7},"geometry":{"type":"Polygon","coordinates":[[[-105.0439,39.7832],[-105.0437,39.7832],[-105.043,39.7832],[-105.0427,39.7832],[-105.0425,39.7832],[-105.0418,39.7832],[-105.0416,39.7833],[-105.0414,39.7833],[-105.0407,39.7833],[-105.0404,39.7833],[-105.0402,39.7833],[-105.0395,39.7833],[-105.0393,39.7833],[-105.039,39.7833],[-105.0383,39.7833],[-105.0381,39.7833],[-105.0379,39.7833],[-105.0375,39.7833],[-105.0375,39.7821],[-105.0375,39.782],[-105.0377,39.782],[-105.0377,39.7811],[-105.0379,39.7811],[-105.0381,39.7811],[-105.0381,39.7809],[-105.0381,39.7804],[-105.0381,39.7802],[-105.0379,39.7802],[-105.0375,39.7802],[-105.0375,39.7788],[-105.0375,39.7786],[-105.0377,39.7786],[-105.0377,39.7784],[-105.0377,39.7783],[-105.0376,39.7783],[-105.0376,39.7782],[-105.0375,39.7782],[-105.0374,39.7769],[-105.0381,39.7769],[-105.0381,39.7767],[-105.0381,39.7765],[-105.0375,39.7765],[-105.0375,39.7757],[-105.0375,39.7755],[-105.0375,39.7731],[-105.0376,39.773],[-105.0376,39.7717],[-105.0381,39.7717],[-105.0381,39.7714],[-105.0381,39.7713],[-105.0379,39.7713],[-105.0378,39.7713],[-105.0375,39.7713],[-105.0376,39.77],[-105.0376,39.7695],[-105.0379,39.7695],[-105.0382,39.7695],[-105.0382,39.7692],[-105.0376,39.7692],[-105.0376,39.7676],[-105.0376,39.7658],[-105.0376,39.764],[-105.0376,39.7639],[-105.0376,39.7627],[-105.0377,39.7627],[-105.0377,39.7626],[-105.038,39.7626],[-105.038,39.7624],[-105.0382,39.7624],[-105.0382,39.7621],[-105.0379,39.7621],[-105.0376,39.7621],[-105.0376,39.7603],[-105.0376,39.7602],[-105.0376,39.7585],[-105.0372,39.7585],[-105.037,39.7585],[-105.0367,39.7585],[-105.0364,39.7585],[-105.0364,39.7584],[-105.0364,39.758],[-105.0364,39.7567],[-105.0366,39.7561],[-105.0376,39.7561],[-105.0376,39.7553],[-105.0376,39.7549],[-105.0379,39.7549],[-105.0381,39.7549],[-105.0381,39.7547],[-105.0381,39.7541],[-105.0381,39.7539],[-105.0381,39.7537],[-105.0381,39.7532],[-105.0381,39.753],[-105.0379,39.753],[-105.0376,39.753],[-105.0376,39.7522],[-105.0377,39.7522],[-105.0377,39.7521],[-105.0377,39.7517],[-105.0377,39.7516],[-105.038,39.7516],[-105.0381,39.7516],[-105.0381,39.7514],[-105.0382,39.7512],[-105.0379,39.7512],[-105.0378,39.7512],[-105.0378,39.751],[-105.0375,39.751],[-105.0375,39.7501],[-105.0375,39.75],[-105.0375,39.7488],[-105.0375,39.7476],[-105.0372,39.7476],[-105.037,39.7476],[-105.0367,39.7476],[-105.036,39.7476],[-105.0358,39.7476],[-105.0355,39.7476],[-105.0348,39.7476],[-105.0346,39.7476],[-105.0338,39.7476],[-105.0335,39.7476],[-105.0333,39.7476],[-105.0332,39.7476],[-105.0325,39.7476],[-105.0323,39.7476],[-105.0321,39.7476],[-105.0317,39.7476],[-105.0315,39.7476],[-105.0312,39.7476],[-105.0303,39.7476],[-105.0299,39.7476],[-105.0296,39.7476],[-105.0293,39.7476],[-105.0293,39.7469],[-105.029,39.7469],[-105.029,39.7476],[-105.0287,39.7476],[-105.0284,39.7476],[-105.0281,39.7476],[-105.0278,39.7476],[-105.0278,39.7468],[-105.0274,39.7468],[-105.0274,39.7476],[-105.0271,39.7476],[-105.0268,39.7476],[-105.0265,39.7476],[-105.0255,39.7476],[-105.0252,39.7476],[-105.0249,39.7476],[-105.0239,39.7476],[-105.0236,39.7476],[-105.0233,39.7476],[-105.0224,39.7476],[-105.0221,39.7476],[-105.0218,39.7476],[-105.0208,39.7476],[-105.0205,39.7476],[-105.0202,39.7476],[-105.0193,39.7476],[-105.019,39.7476],[-105.019,39.7473],[-105.019,39.7466],[-105.019,39.7464],[-105.019,39.7463],[-105.019,39.746],[-105.019,39.7459],[-105.0189,39.7459],[-105.0188,39.7459],[-105.0187,39.746],[-105.0186,39.746],[-105.0186,39.7459],[-105.0185,39.7459],[-105.0185,39.7458],[-105.0182,39.7454],[-105.0179,39.745],[-105.0178,39.7449],[-105.0176,39.7448],[-105.0174,39.7446],[-105.0174,39.7445],[-105.0173,39.7444],[-105.0168,39.744],[-105.0168,39.7439],[-105.0166,39.7437],[-105.0165,39.7436],[-105.0163,39.7434],[-105.0162,39.7435],[-105.0162,39.7436],[-105.0161,39.7436],[-105.0161,39.7437],[-105.0157,39.7447],[-105.0156,39.7451],[-105.0156,39.7461],[-105.0157,39.7469],[-105.0155,39.7487],[-105.0154,39.7494],[-105.0151,39.7499],[-105.0144,39.7504],[-105.0137,39.7508],[-105.0135,39.7509],[-105.0134,39.7509],[-105.0133,39.751],[-105.0131,39.751],[-105.013,39.7511],[-105.0125,39.7514],[-105.0122,39.7516],[-105.0121,39.7518],[-105.0117,39.7522],[-105.0115,39.7524],[-105.0113,39.7525],[-105.0112,39.7526],[-105.0109,39.7529],[-105.0108,39.7529],[-105.0103,39.7534],[-105.0102,39.7534],[-105.01,39.7535],[-105.0099,39.7536],[-105.0098,39.7536],[-105.0098,39.7537],[-105.0097,39.7538],[-105.0095,39.7539],[-105.0096,39.754],[-105.0098,39.7541],[-105.0099,39.7541],[-105.01,39.7542],[-105.0101,39.7542],[-105.0101,39.7543],[-105.0102,39.7543],[-105.0103,39.7544],[-105.0104,39.7544],[-105.0105,39.7544],[-105.0106,39.7545],[-105.0107,39.7545],[-105.0109,39.7546],[-105.0115,39.7549],[-105.0117,39.755],[-105.0118,39.755],[-105.0118,39.7551],[-105.0121,39.7551],[-105.0121,39.7552],[-105.0122,39.7552],[-105.0125,39.7553],[-105.0124,39.7554],[-105.0122,39.7555],[-105.0109,39.7565],[-105.0104,39.7569],[-105.0103,39.7569],[-105.0101,39.7571],[-105.0097,39.7573],[-105.009,39.7579],[-105.0088,39.758],[-105.0083,39.7583],[-105.0076,39.7589],[-105.0074,39.759],[-105.0063,39.7597],[-105.0062,39.7598],[-105.0055,39.7602],[-105.0048,39.7608],[-105.0047,39.7609],[-105.0045,39.761],[-105.0043,39.7609],[-105.0041,39.7611],[-105.0037,39.7614],[-105.0035,39.7615],[-105.0029,39.762],[-105.0028,39.7622],[-105.0023,39.7627],[-105.0017,39.7636],[-105.0016,39.7637],[-105.0012,39.7643],[-105.0009,39.7646],[-105.0006,39.7651],[-105.0002,39.7655],[-104.9996,39.766],[-104.9992,39.7662],[-104.999,39.7663],[-104.9986,39.7665],[-104.9982,39.7667],[-104.9982,39.7669],[-104.9982,39.7671],[-104.9982,39.7673],[-104.9982,39.7675],[-104.9982,39.7679],[-104.9982,39.768],[-104.9982,39.7683],[-104.9982,39.7689],[-104.9982,39.7692],[-104.9982,39.7693],[-104.9982,39.7694],[-104.9982,39.7696],[-104.9982,39.7703],[-104.9982,39.7705],[-104.9982,39.7707],[-104.9982,39.7715],[-104.9982,39.7717],[-104.9982,39.772],[-104.9982,39.7727],[-104.9982,39.7728],[-104.9982,39.773],[-104.9982,39.7732],[-104.9982,39.774],[-104.9982,39.7742],[-104.9982,39.7745],[-104.9982,39.7752],[-104.9982,39.7755],[-104.9982,39.7757],[-104.9982,39.7763],[-104.9982,39.7765],[-104.9982,39.7766],[-104.9981,39.7766],[-104.9982,39.7778],[-104.9983,39.7812],[-104.9983,39.782],[-104.9983,39.7824],[-104.9985,39.7825],[-104.9992,39.7826],[-104.9994,39.7827],[-104.9998,39.7828],[-105.0012,39.7832],[-105.0015,39.7833],[-105.0017,39.7833],[-105.002,39.7834],[-105.0021,39.7834],[-105.0023,39.7835],[-105.0026,39.7835],[-105.0029,39.7835],[-105.0031,39.7835],[-105.0035,39.7835],[-105.0039,39.7834],[-105.004,39.7834],[-105.005,39.7833],[-105.0054,39.7832],[-105.0062,39.7831],[-105.0063,39.7831],[-105.0064,39.7831],[-105.0066,39.7831],[-105.0071,39.7831],[-105.0083,39.7833],[-105.0094,39.7834],[-105.0099,39.7834],[-105.0101,39.7834],[-105.0102,39.7834],[-105.0104,39.7834],[-105.0109,39.7835],[-105.0112,39.7835],[-105.0121,39.7835],[-105.0128,39.7835],[-105.0143,39.7835],[-105.0149,39.7836],[-105.0157,39.7836],[-105.0158,39.7836],[-105.0158,39.7837],[-105.0162,39.7837],[-105.0182,39.7837],[-105.0195,39.7837],[-105.0198,39.7837],[-105.0201,39.7837],[-105.0203,39.7838],[-105.0208,39.7838],[-105.0216,39.784],[-105.0218,39.784],[-105.0222,39.7841],[-105.0233,39.7843],[-105.0239,39.7843],[-105.0244,39.7844],[-105.025,39.7844],[-105.0251,39.7844],[-105.0252,39.7844],[-105.0253,39.7844],[-105.0257,39.7844],[-105.026,39.7843],[-105.0266,39.7843],[-105.0273,39.7842],[-105.0281,39.7841],[-105.0289,39.784],[-105.0305,39.7838],[-105.0309,39.7837],[-105.0317,39.7836],[-105.0325,39.7835],[-105.0335,39.7834],[-105.0346,39.7835],[-105.0348,39.7835],[-105.0358,39.7836],[-105.0397,39.7836],[-105.0434,39.7836],[-105.0437,39.7836],[-105.0439,39.7836],[-105.0439,39.7835],[-105.0439,39.7834],[-105.0439,39.7832]]]}},{"type":"Feature","properties":{"zip":"80209","city":"Denver city","area":9.1},"geometry":{"type":"Polygon","coordinates":[[[-104.9924,39.7086],[-104.9924,39.7085],[-104.9919,39.7085],[-104.9905,39.7085],[-104.99,39.7085],[-104.99,39.7083],[-104.99,39.7077],[-104.99,39.7076],[-104.99,39.707],[-104.99,39.7058],[-104.9876,39.7057],[-104.9875,39.7054],[-104.9875,39.7042],[-104.9875,39.7039],[-104.9875,39.7035],[-104.9875,39.7026],[-104.9875,39.7025],[-104.9875,39.7021],[-104.9876,39.702],[-104.9876,39.7019],[-104.9875,39.7017],[-104.9875,39.7016],[-104.9881,39.702],[-104.9887,39.7025],[-104.9889,39.7026],[-104.9891,39.7028],[-104.9894,39.703],[-104.9895,39.703],[-104.9897,39.7031],[-104.99,39.7032],[-104.9901,39.7032],[-104.9903,39.7033],[-104.9905,39.7034],[-104.991,39.7035],[-104.991,39.7034],[-104.991,39.7033],[-104.9909,39.7032],[-104.9909,39.7028],[-104.9909,39.7023],[-104.9908,39.7021],[-104.9908,39.702],[-104.9907,39.7015],[-104.9906,39.7011],[-104.9902,39.6991],[-104.99,39.6983],[-104.99,39.6982],[-104.99,39.698],[-104.9899,39.6975],[-104.9897,39.6968],[-104.9897,39.6966],[-104.9895,39.6966],[-104.9893,39.6966],[-104.9879,39.6966],[-104.9874,39.6966],[-104.9872,39.6966],[-104.9865,39.6966],[-104.9862,39.6966],[-104.986,39.6966],[-104.9853,39.6966],[-104.9851,39.6966],[-104.9848,39.6966],[-104.9842,39.6966],[-104.9839,39.6966],[-104.9833,39.6966],[-104.9828,39.6967],[-104.9828,39.6968],[-104.9828,39.697],[-104.9828,39.6972],[-104.9827,39.6971],[-104.9826,39.697],[-104.9824,39.6968],[-104.9823,39.6968],[-104.982,39.6965],[-104.981,39.6956],[-104.9809,39.6955],[-104.9804,39.6951],[-104.9804,39.6953],[-104.9804,39.6954],[-104.9804,39.6956],[-104.9804,39.6957],[-104.9804,39.6958],[-104.9805,39.6959],[-104.9813,39.6966],[-104.9804,39.6966],[-104.9792,39.6966],[-104.979,39.6966],[-104.9783,39.6966],[-104.9781,39.6966],[-104.9779,39.6966],[-104.9771,39.6966],[-104.9769,39.6966],[-104.9767,39.6966],[-104.976,39.6966],[-104.9757,39.6966],[-104.9755,39.6966],[-104.9748,39.6966],[-104.9746,39.6966],[-104.9743,39.6966],[-104.9736,39.6966],[-104.9734,39.6966],[-104.9734,39.6962],[-104.9734,39.6951],[-104.9734,39.6947],[-104.9734,39.6944],[-104.9734,39.6933],[-104.9734,39.693],[-104.9732,39.693],[-104.9725,39.693],[-104.9722,39.693],[-104.972,39.693],[-104.9713,39.693],[-104.9711,39.693],[-104.9708,39.693],[-104.9701,39.693],[-104.9699,39.693],[-104.9697,39.693],[-104.969,39.693],[-104.9687,39.693],[-104.9685,39.693],[-104.9678,39.693],[-104.9675,39.693],[-104.9675,39.6933],[-104.9675,39.6944],[-104.9675,39.6948],[-104.9685,39.6948],[-104.9687,39.6948],[-104.9687,39.695],[-104.9687,39.6966],[-104.9675,39.6966],[-104.9673,39.6966],[-104.9669,39.6966],[-104.9666,39.6966],[-104.9664,39.6966],[-104.9661,39.6966],[-104.9658,39.6966],[-104.9654,39.6966],[-104.9652,39.6966],[-104.965,39.6966],[-104.9643,39.6966],[-104.964,39.6966],[-104.9638,39.6966],[-104.9631,39.6966],[-104.9629,39.6966],[-104.9627,39.6966],[-104.962,39.6966],[-104.9617,39.6966],[-104.9615,39.6966],[-104.9608,39.6966],[-104.9606,39.6966],[-104.9603,39.6966],[-104.9596,39.6966],[-104.9593,39.6966],[-104.9591,39.6966],[-104.9583,39.6966],[-104.9581,39.6966],[-104.9579,39.6966],[-104.9572,39.6966],[-104.957,39.6966],[-104.9567,39.6966],[-104.9561,39.6966],[-104.9558,39.6966],[-104.9556,39.6966],[-104.9549,39.6966],[-104.9547,39.6966],[-104.9544,39.6966],[-104.9537,39.6966],[-104.9535,39.6966],[-104.9533,39.6966],[-104.9526,39.6966],[-104.9524,39.6966],[-104.9523,39.6968],[-104.9523,39.6969],[-104.9522,39.697],[-104.9521,39.6971],[-104.9518,39.6972],[-104.9516,39.6972],[-104.9516,39.6973],[-104.9515,39.6973],[-104.9514,39.6975],[-104.9511,39.6973],[-104.9503,39.6968],[-104.95,39.6966],[-104.9498,39.6966],[-104.9491,39.6966],[-104.9488,39.6966],[-104.9486,39.6966],[-104.9479,39.6966],[-104.9477,39.6966],[-104.9475,39.6966],[-104.9468,39.6966],[-104.9465,39.6966],[-104.9463,39.6966],[-104.9456,39.6966],[-104.9454,39.6966],[-104.9451,39.6966],[-104.9444,39.6966],[-104.9442,39.6966],[-104.944,39.6966],[-104.9433,39.6966],[-104.943,39.6966],[-104.9428,39.6966],[-104.9421,39.6966],[-104.9419,39.6966],[-104.9416,39.6966],[-104.9409,39.6966],[-104.9407,39.6966],[-104.9406,39.6966],[-104.9406,39.6968],[-104.9407,39.6976],[-104.9407,39.6977],[-104.9407,39.6978],[-104.9407,39.698],[-104.9407,39.6982],[-104.9407,39.6984],[-104.9407,39.6986],[-104.9407,39.7002],[-104.9408,39.7002],[-104.9409,39.7002],[-104.9413,39.7002],[-104.9415,39.7002],[-104.9415,39.7009],[-104.9415,39.701],[-104.9416,39.7012],[-104.9416,39.7013],[-104.9416,39.7015],[-104.9417,39.7019],[-104.9418,39.7021],[-104.9419,39.7025],[-104.9421,39.7028],[-104.9423,39.7031],[-104.9424,39.7032],[-104.9425,39.7034],[-104.9427,39.7038],[-104.9426,39.7038],[-104.9422,39.7038],[-104.9416,39.7038],[-104.9416,39.7041],[-104.9415,39.7041],[-104.9414,39.7052],[-104.9408,39.7053],[-104.9407,39.7053],[-104.9407,39.7061],[-104.9407,39.7063],[-104.9407,39.7065],[-104.9407,39.7073],[-104.9407,39.7093],[-104.9408,39.7093],[-104.9409,39.7093],[-104.9412,39.7093],[-104.9414,39.7093],[-104.9414,39.7097],[-104.9413,39.711],[-104.9413,39.7114],[-104.9408,39.7114],[-104.9407,39.7114],[-104.9406,39.7116],[-104.9407,39.7116],[-104.9408,39.7116],[-104.9413,39.7116],[-104.9413,39.7119],[-104.9413,39.7128],[-104.9413,39.7131],[-104.9413,39.7146],[-104.9413,39.7162],[-104.9416,39.7162],[-104.9423,39.7162],[-104.9425,39.7162],[-104.9428,39.7162],[-104.9435,39.7162],[-104.9438,39.7162],[-104.944,39.7162],[-104.9447,39.7162],[-104.945,39.7162],[-104.9452,39.7162],[-104.9459,39.7162],[-104.9462,39.7162],[-104.9464,39.7162],[-104.9471,39.7162],[-104.9474,39.7162],[-104.9476,39.7162],[-104.9482,39.7162],[-104.9483,39.7162],[-104.9486,39.7162],[-104.9488,39.7162],[-104.9495,39.7162],[-104.9498,39.7163],[-104.9498,39.7159],[-104.9498,39.715],[-104.9498,39.7147],[-104.9499,39.7147],[-104.9504,39.7147],[-104.9505,39.7147],[-104.9507,39.7148],[-104.9507,39.715],[-104.9507,39.7151],[-104.9515,39.7152],[-104.9525,39.7152],[-104.9528,39.7153],[-104.9531,39.7156],[-104.9532,39.7157],[-104.9532,39.7158],[-104.9532,39.7159],[-104.9535,39.7159],[-104.9539,39.7159],[-104.9543,39.7159],[-104.9548,39.716],[-104.9551,39.716],[-104.9553,39.7161],[-104.9561,39.7161],[-104.9568,39.7162],[-104.9573,39.7162],[-104.9576,39.7162],[-104.9582,39.7162],[-104.9591,39.7161],[-104.9593,39.7161],[-104.9593,39.7158],[-104.9593,39.7157],[-104.9593,39.7156],[-104.9593,39.7154],[-104.9593,39.7153],[-104.9595,39.7154],[-104.9599,39.7155],[-104.9601,39.7156],[-104.9602,39.7156],[-104.9603,39.7156],[-104.9605,39.7155],[-104.9608,39.7155],[-104.9611,39.7155],[-104.9614,39.7155],[-104.9616,39.7154],[-104.9619,39.7153],[-104.9621,39.7153],[-104.9623,39.7152],[-104.9625,39.7152],[-104.9626,39.7152],[-104.9628,39.7151],[-104.963,39.7151],[-104.9631,39.715],[-104.9632,39.7149],[-104.9633,39.7148],[-104.9634,39.7148],[-104.9635,39.7148],[-104.9637,39.7147],[-104.9638,39.7147],[-104.9639,39.7146],[-104.964,39.7146],[-104.9644,39.7144],[-104.9645,39.7143],[-104.9646,39.7143],[-104.9647,39.7142],[-104.9648,39.7142],[-104.9652,39.7141],[-104.9653,39.7141],[-104.9655,39.7142],[-104.9656,39.7142],[-104.9659,39.7142],[-104.966,39.7143],[-104.9661,39.7143],[-104.9662,39.7143],[-104.9662,39.7144],[-104.9663,39.7144],[-104.9664,39.7145],[-104.9667,39.7147],[-104.9668,39.7148],[-104.967,39.7149],[-104.9672,39.715],[-104.9673,39.715],[-104.9674,39.7151],[-104.9676,39.7152],[-104.968,39.7155],[-104.968,39.7156],[-104.9682,39.7157],[-104.9683,39.7159],[-104.9685,39.716],[-104.9685,39.7161],[-104.9687,39.7163],[-104.9688,39.7164],[-104.9689,39.7165],[-104.969,39.7166],[-104.9691,39.7166],[-104.9691,39.7167],[-104.9692,39.7167],[-104.9697,39.7172],[-104.9698,39.7173],[-104.9699,39.7173],[-104.97,39.7174],[-104.9701,39.7175],[-104.9703,39.7176],[-104.9706,39.7177],[-104.9708,39.7177],[-104.9709,39.7178],[-104.971,39.7179],[-104.9712,39.7179],[-104.9713,39.718],[-104.9714,39.718],[-104.9716,39.718],[-104.9718,39.7181],[-104.9719,39.7181],[-104.9721,39.7181],[-104.9724,39.7182],[-104.9725,39.7182],[-104.973,39.7183],[-104.9731,39.7184],[-104.9732,39.7184],[-104.9732,39.7182],[-104.9733,39.7181],[-104.9734,39.7178],[-104.9734,39.7177],[-104.9734,39.7175],[-104.9734,39.7168],[-104.9734,39.7165],[-104.9736,39.7165],[-104.974,39.7165],[-104.9743,39.7165],[-104.9746,39.7165],[-104.9748,39.7165],[-104.9751,39.7165],[-104.9755,39.7165],[-104.9758,39.7165],[-104.976,39.7165],[-104.9763,39.7165],[-104.9767,39.7165],[-104.9769,39.7165],[-104.9769,39.7167],[-104.9769,39.7169],[-104.977,39.7169],[-104.978,39.7169],[-104.978,39.7165],[-104.9783,39.7165],[-104.9785,39.7165],[-104.9787,39.7165],[-104.9789,39.7165],[-104.9791,39.7165],[-104.9794,39.7165],[-104.9801,39.7165],[-104.9803,39.7165],[-104.9805,39.7165],[-104.9812,39.7165],[-104.9815,39.7165],[-104.9817,39.7165],[-104.9824,39.7165],[-104.9826,39.7165],[-104.9829,39.7165],[-104.9836,39.7165],[-104.9838,39.7165],[-104.984,39.7165],[-104.9848,39.7165],[-104.985,39.7166],[-104.9853,39.7166],[-104.986,39.7166],[-104.9862,39.7166],[-104.9865,39.7166],[-104.9873,39.7166],[-104.9875,39.7166],[-104.9875,39.7164],[-104.9875,39.7159],[-104.9875,39.7157],[-104.9875,39.7155],[-104.9875,39.715],[-104.9875,39.7148],[-104.9875,39.7146],[-104.9875,39.7141],[-104.9875,39.7139],[-104.9875,39.7137],[-104.9875,39.7132],[-104.9875,39.713],[-104.9875,39.7128],[-104.9875,39.7123],[-104.9875,39.7121],[-104.9876,39.7119],[-104.9876,39.7113],[-104.9876,39.7112],[-104.9881,39.7112],[-104.9895,39.7112],[-104.99,39.7112],[-104.99,39.711],[-104.99,39.7104],[-104.99,39.7103],[-104.9905,39.7103],[-104.9919,39.7103],[-104.9924,39.7103],[-104.9924,39.7101],[-104.9924,39.7095],[-104.9924,39.7093],[-104.9924,39.7092],[-104.9924,39.7086]]]}},{"type":"Feature","properties":{"zip":"80223","city":"Denver city","area":13.7},"geometry":{"type":"Polygon","coordinates":[[[-105.0187,39.7249],[-105.0187,39.7247],[-105.0187,39.7241],[-105.0187,39.7239],[-105.0187,39.7235],[-105.0187,39.7224],[-105.0187,39.722],[-105.018,39.722],[-105.0171,39.7221],[-105.0171,39.7203],[-105.0172,39.7203],[-105.0176,39.7203],[-105.0176,39.7201],[-105.0176,39.7187],[-105.0176,39.7183],[-105.0173,39.7181],[-105.017,39.7179],[-105.0168,39.7177],[-105.0167,39.7175],[-105.0167,39.7173],[-105.0166,39.7165],[-105.0166,39.7164],[-105.0166,39.7159],[-105.0165,39.7159],[-105.0165,39.7154],[-105.0165,39.7149],[-105.0164,39.7149],[-105.0164,39.7145],[-105.0162,39.7145],[-105.0162,39.7135],[-105.0164,39.7135],[-105.0164,39.7133],[-105.0164,39.7132],[-105.0163,39.7132],[-105.0163,39.713],[-105.0163,39.7127],[-105.0163,39.7123],[-105.0163,39.7116],[-105.0168,39.7116],[-105.0168,39.7115],[-105.0168,39.7112],[-105.0169,39.7112],[-105.0169,39.7108],[-105.0163,39.7108],[-105.0163,39.7093],[-105.0163,39.7075],[-105.0163,39.7057],[-105.0163,39.7039],[-105.0162,39.7027],[-105.0159,39.7028],[-105.0158,39.7028],[-105.0157,39.7029],[-105.0156,39.7029],[-105.0155,39.703],[-105.0154,39.703],[-105.0152,39.703],[-105.0151,39.703],[-105.0149,39.703],[-105.0147,39.703],[-105.0146,39.7029],[-105.0145,39.7028],[-105.0143,39.7027],[-105.0141,39.7026],[-105.014,39.7026],[-105.0139,39.7026],[-105.0138,39.7026],[-105.0137,39.7025],[-105.0133,39.7026],[-105.0133,39.7022],[-105.0133,39.7017],[-105.0134,39.7015],[-105.0135,39.7013],[-105.0136,39.701],[-105.0138,39.7008],[-105.0139,39.7005],[-105.014,39.7003],[-105.014,39.7002],[-105.0141,39.7],[-105.0144,39.7],[-105.0154,39.7],[-105.0157,39.7],[-105.0159,39.7],[-105.016,39.7],[-105.0162,39.7001],[-105.0163,39.7002],[-105.0163,39.7001],[-105.0163,39.6988],[-105.0169,39.6988],[-105.0169,39.6986],[-105.0165,39.6986],[-105.0165,39.6985],[-105.0165,39.6969],[-105.0165,39.6968],[-105.017,39.6968],[-105.0171,39.6968],[-105.0171,39.6963],[-105.0165,39.6964],[-105.0165,39.696],[-105.0163,39.696],[-105.0161,39.696],[-105.0161,39.6931],[-105.0162,39.6931],[-105.0162,39.6919],[-105.0162,39.6918],[-105.0162,39.6915],[-105.0164,39.6913],[-105.0162,39.691],[-105.0162,39.6895],[-105.0159,39.6895],[-105.0157,39.6895],[-105.0157,39.6894],[-105.0157,39.689],[-105.0157,39.6889],[-105.0157,39.6888],[-105.0157,39.6887],[-105.0157,39.6886],[-105.0159,39.6886],[-105.0163,39.6886],[-105.0163,39.6885],[-105.0163,39.686],[-105.0162,39.6859],[-105.0163,39.6858],[-105.0158,39.6858],[-105.0158,39.6856],[-105.0163,39.6856],[-105.0163,39.6844],[-105.0158,39.6844],[-105.0158,39.6842],[-105.0161,39.6842],[-105.0161,39.6841],[-105.0161,39.6839],[-105.0163,39.6839],[-105.0163,39.6828],[-105.0158,39.6828],[-105.0157,39.6828],[-105.0157,39.6827],[-105.0157,39.6823],[-105.0159,39.6823],[-105.0163,39.6823],[-105.0163,39.6819],[-105.0168,39.6819],[-105.0168,39.6809],[-105.0158,39.681],[-105.0157,39.6809],[-105.0157,39.6806],[-105.0157,39.6802],[-105.0157,39.6791],[-105.0157,39.6787],[-105.0134,39.6787],[-105.011,39.6786],[-105.0087,39.6786],[-105.0086,39.6777],[-105.0086,39.6768],[-105.0078,39.6768],[-105.0064,39.6768],[-105.0064,39.6763],[-105.0064,39.6759],[-105.0064,39.6758],[-105.0064,39.675],[-105.0064,39.6732],[-105.0064,39.6714],[-105.0064,39.6713],[-105.0064,39.6706],[-105.0064,39.6695],[-105.0064,39.6693],[-105.0064,39.6685],[-105.0064,39.6681],[-105.0064,39.6677],[-105.0063,39.6677],[-105.0066,39.6671],[-105.0068,39.6665],[-105.007,39.6661],[-105.0072,39.6657],[-105.0073,39.6654],[-105.0075,39.665],[-105.0076,39.6648],[-105.0078,39.6646],[-105.0079,39.6643],[-105.008,39.6643],[-105.0081,39.6641],[-105.0082,39.6641],[-105.0096,39.6623],[-105.0097,39.6622],[-105.0109,39.6605],[-105.0107,39.6605],[-105.0097,39.6605],[-105.0096,39.6605],[-105.0049,39.6605],[-105.0048,39.6605],[-105.0044,39.6605],[-105.0045,39.6606],[-105.0046,39.6606],[-105.0046,39.6608],[-105.0047,39.6611],[-105.0048,39.6613],[-105.0048,39.6617],[-105.0048,39.6622],[-105.0049,39.6632],[-105.0049,39.6637],[-105.0048,39.6639],[-105.0047,39.6641],[-105.0046,39.6642],[-105.0044,39.6647],[-105.0043,39.665],[-105.0042,39.6651],[-105.0041,39.6655],[-105.004,39.6663],[-105.0038,39.6664],[-105.0036,39.6666],[-105.0004,39.6677],[-105.0003,39.6677],[-104.9999,39.6677],[-104.9962,39.6677],[-104.9959,39.6677],[-104.9957,39.6677],[-104.9956,39.6677],[-104.9951,39.6677],[-104.9945,39.6677],[-104.9937,39.6677],[-104.9936,39.6677],[-104.9929,39.6677],[-104.9927,39.6677],[-104.9923,39.6677],[-104.9911,39.6677],[-104.99,39.6677],[-104.9888,39.6677],[-104.9883,39.6677],[-104.9883,39.6678],[-104.9883,39.6694],[-104.9883,39.6695],[-104.9883,39.6711],[-104.988,39.6711],[-104.988,39.6713],[-104.9882,39.6714],[-104.9882,39.673],[-104.9882,39.6731],[-104.9882,39.6732],[-104.9882,39.6748],[-104.9882,39.6749],[-104.9882,39.675],[-104.9882,39.6766],[-104.9882,39.6767],[-104.9882,39.6768],[-104.9882,39.6783],[-104.9883,39.6785],[-104.9883,39.6786],[-104.9883,39.6802],[-104.9883,39.6803],[-104.9882,39.6821],[-104.9882,39.6822],[-104.9882,39.6839],[-104.9882,39.684],[-104.9882,39.6858],[-104.9882,39.6859],[-104.9882,39.6865],[-104.9881,39.6876],[-104.9881,39.6893],[-104.988,39.6893],[-104.9879,39.6894],[-104.9879,39.6896],[-104.9881,39.6896],[-104.9881,39.6911],[-104.9882,39.6912],[-104.9881,39.693],[-104.9884,39.693],[-104.9887,39.693],[-104.9887,39.6926],[-104.9887,39.6915],[-104.9887,39.6912],[-104.9887,39.6908],[-104.9887,39.6898],[-104.9887,39.6894],[-104.9887,39.689],[-104.9887,39.6879],[-104.9887,39.6876],[-104.9891,39.6876],[-104.9901,39.6876],[-104.9902,39.6876],[-104.9904,39.6876],[-104.9905,39.6876],[-104.9904,39.6877],[-104.9903,39.688],[-104.99,39.6894],[-104.9898,39.6901],[-104.9897,39.6905],[-104.9896,39.6911],[-104.9896,39.6915],[-104.9895,39.6919],[-104.9895,39.6922],[-104.9895,39.6923],[-104.9894,39.6926],[-104.9894,39.6929],[-104.9894,39.693],[-104.9894,39.6935],[-104.9894,39.6937],[-104.9895,39.694],[-104.9895,39.6946],[-104.9896,39.695],[-104.9896,39.6955],[-104.9897,39.6959],[-104.9899,39.6966],[-104.9898,39.6966],[-104.9897,39.6966],[-104.9897,39.6968],[-104.9899,39.6975],[-104.99,39.698],[-104.99,39.6982],[-104.99,39.6983],[-104.9902,39.6991],[-104.9906,39.7011],[-104.9907,39.7015],[-104.9908,39.702],[-104.9908,39.7021],[-104.9909,39.7023],[-104.9909,39.7028],[-104.9909,39.7032],[-104.991,39.7033],[-104.991,39.7034],[-104.991,39.7035],[-104.9905,39.7034],[-104.9903,39.7033],[-104.9901,39.7032],[-104.99,39.7032],[-104.9897,39.7031],[-104.9895,39.703],[-104.9894,39.703],[-104.9891,39.7028],[-104.9889,39.7026],[-104.9887,39.7025],[-104.9881,39.702],[-104.9875,39.7016],[-104.9875,39.7017],[-104.9876,39.7019],[-104.9876,39.702],[-104.9875,39.7021],[-104.9875,39.7025],[-104.9875,39.7026],[-104.9875,39.7035],[-104.9875,39.7039],[-104.9875,39.7042],[-104.9875,39.7054],[-104.9876,39.7057],[-104.99,39.7058],[-104.99,39.707],[-104.99,39.7076],[-104.99,39.7077],[-104.99,39.7083],[-104.99,39.7085],[-104.9905,39.7085],[-104.9919,39.7085],[-104.9924,39.7085],[-104.9924,39.7086],[-104.9924,39.7092],[-104.9924,39.7093],[-104.9924,39.7095],[-104.9924,39.7101],[-104.9924,39.7103],[-104.9919,39.7103],[-104.9905,39.7103],[-104.99,39.7103],[-104.99,39.7104],[-104.99,39.711],[-104.99,39.7112],[-104.9895,39.7112],[-104.9881,39.7112],[-104.9876,39.7112],[-104.9876,39.7113],[-104.9876,39.7119],[-104.9875,39.7121],[-104.9875,39.7123],[-104.9875,39.7128],[-104.9875,39.713],[-104.9875,39.7132],[-104.9875,39.7137],[-104.9875,39.7139],[-104.9875,39.7141],[-104.9875,39.7146],[-104.9875,39.7148],[-104.9875,39.715],[-104.9875,39.7155],[-104.9875,39.7157],[-104.9875,39.7159],[-104.9875,39.7164],[-104.9875,39.7166],[-104.9878,39.7166],[-104.9883,39.7166],[-104.9883,39.717],[-104.9882,39.717],[-104.9883,39.717],[-104.9883,39.7174],[-104.9884,39.7184],[-104.9878,39.7184],[-104.9875,39.7184],[-104.9875,39.7186],[-104.9875,39.7192],[-104.9875,39.7194],[-104.9878,39.7194],[-104.9884,39.7194],[-104.9883,39.7208],[-104.9883,39.7209],[-104.9883,39.7211],[-104.9883,39.7224],[-104.9883,39.7225],[-104.9888,39.7225],[-104.9892,39.7225],[-104.9892,39.7227],[-104.9892,39.7229],[-104.9892,39.7231],[-104.9908,39.7231],[-104.9908,39.7229],[-104.991,39.7228],[-104.9912,39.7228],[-104.9912,39.723],[-104.9922,39.723],[-104.9922,39.7229],[-104.9922,39.7225],[-104.9923,39.7225],[-104.9927,39.7225],[-104.9928,39.7225],[-104.9931,39.7225],[-104.9938,39.7225],[-104.994,39.7225],[-104.9942,39.7225],[-104.9949,39.7225],[-104.9952,39.7225],[-104.9954,39.7225],[-104.9961,39.7225],[-104.9964,39.7225],[-104.9966,39.7225],[-104.9973,39.7225],[-104.9975,39.7225],[-104.9977,39.7225],[-104.9984,39.7225],[-104.9986,39.7225],[-104.9989,39.7225],[-104.9999,39.7225],[-105.0002,39.7225],[-105.0002,39.7209],[-105.0005,39.7209],[-105.0016,39.7209],[-105.0029,39.7209],[-105.0034,39.7209],[-105.005,39.7209],[-105.0055,39.7209],[-105.0057,39.7209],[-105.0061,39.7209],[-105.0062,39.7209],[-105.0064,39.7209],[-105.0069,39.7209],[-105.007,39.7209],[-105.0071,39.721],[-105.0074,39.7212],[-105.0075,39.7213],[-105.0085,39.7224],[-105.009,39.7228],[-105.0093,39.7231],[-105.0093,39.7254],[-105.0091,39.7254],[-105.0084,39.7254],[-105.0075,39.7254],[-105.0071,39.7254],[-105.0066,39.7254],[-105.0064,39.7254],[-105.0058,39.7254],[-105.0056,39.7254],[-105.0057,39.7255],[-105.0058,39.7256],[-105.0061,39.7257],[-105.006,39.7256],[-105.0065,39.7255],[-105.0066,39.7255],[-105.0067,39.7255],[-105.0068,39.7256],[-105.0069,39.7256],[-105.0074,39.7256],[-105.0075,39.7256],[-105.0076,39.7256],[-105.0082,39.7256],[-105.0083,39.7256],[-105.0092,39.7257],[-105.0092,39.7258],[-105.0095,39.7258],[-105.0097,39.7258],[-105.0108,39.7258],[-105.0109,39.7258],[-105.011,39.7258],[-105.0113,39.7258],[-105.012,39.7257],[-105.0122,39.7257],[-105.0124,39.7257],[-105.0126,39.7257],[-105.0128,39.7257],[-105.0129,39.7257],[-105.0132,39.7257],[-105.0135,39.7257],[-105.0137,39.7257],[-105.0143,39.7256],[-105.0158,39.7255],[-105.0158,39.7254],[-105.0158,39.7253],[-105.0162,39.7253],[-105.0181,39.7252],[-105.0185,39.7252],[-105.0187,39.7252],[-105.0187,39.7251],[-105.0187,39.725],[-105.0187,39.7249]]]}},{"type":"Feature","properties":{"zip":"80216","city":"Denver city","area":26.3},"geometry":{"type":"Polygon","coordinates":[[[-105.0065,39.7833],[-105.0064,39.7832],[-105.0064,39.7831],[-105.0063,39.7831],[-105.0062,39.7831],[-105.0054,39.7832],[-105.005,39.7833],[-105.004,39.7834],[-105.0039,39.7834],[-105.0035,39.7835],[-105.0031,39.7835],[-105.0029,39.7835],[-105.0026,39.7835],[-105.0023,39.7835],[-105.0021,39.7834],[-105.002,39.7834],[-105.0017,39.7833],[-105.0015,39.7833],[-105.0012,39.7832],[-104.9998,39.7828],[-104.9994,39.7827],[-104.9992,39.7826],[-104.9985,39.7825],[-104.9983,39.7824],[-104.9983,39.782],[-104.9983,39.7812],[-104.9982,39.7778],[-104.9981,39.7766],[-104.9982,39.7766],[-104.9982,39.7765],[-104.9982,39.7763],[-104.9982,39.7757],[-104.9982,39.7755],[-104.9982,39.7752],[-104.9982,39.7745],[-104.9982,39.7742],[-104.9982,39.774],[-104.9982,39.7732],[-104.9982,39.773],[-104.9982,39.7728],[-104.9982,39.7727],[-104.9982,39.772],[-104.9982,39.7717],[-104.9982,39.7715],[-104.9982,39.7707],[-104.9982,39.7705],[-104.9982,39.7703],[-104.9982,39.7696],[-104.9982,39.7694],[-104.9982,39.7693],[-104.9982,39.7692],[-104.9982,39.7689],[-104.9982,39.7683],[-104.9982,39.768],[-104.9982,39.7679],[-104.9982,39.7675],[-104.9982,39.7673],[-104.9982,39.7671],[-104.9982,39.7669],[-104.9982,39.7667],[-104.9983,39.7663],[-104.9983,39.766],[-104.9982,39.7639],[-104.9982,39.7638],[-104.9983,39.7631],[-104.9983,39.7629],[-104.9983,39.7623],[-104.9984,39.7621],[-104.9983,39.7621],[-104.998,39.7622],[-104.9979,39.7622],[-104.9978,39.7622],[-104.9977,39.7623],[-104.9976,39.7624],[-104.9975,39.7624],[-104.9973,39.7625],[-104.9971,39.7625],[-104.997,39.7625],[-104.9969,39.7625],[-104.9968,39.7625],[-104.9966,39.7625],[-104.9965,39.7626],[-104.9962,39.7627],[-104.9961,39.7627],[-104.9957,39.7629],[-104.9955,39.763],[-104.9953,39.7631],[-104.9952,39.7632],[-104.995,39.7633],[-104.9948,39.7635],[-104.9948,39.7625],[-104.9948,39.7624],[-104.9948,39.7623],[-104.9948,39.762],[-104.9948,39.7619],[-104.9948,39.7616],[-104.9948,39.7615],[-104.9947,39.7613],[-104.9947,39.7609],[-104.9945,39.7604],[-104.9943,39.76],[-104.9941,39.7598],[-104.9939,39.7596],[-104.9938,39.7595],[-104.9937,39.7594],[-104.9936,39.7593],[-104.9935,39.7594],[-104.993,39.7597],[-104.9923,39.7602],[-104.9921,39.7603],[-104.9919,39.7605],[-104.9915,39.7607],[-104.9914,39.7608],[-104.9913,39.7609],[-104.9912,39.7611],[-104.9911,39.761],[-104.991,39.761],[-104.9909,39.7609],[-104.9908,39.7609],[-104.9906,39.7609],[-104.9905,39.7609],[-104.9904,39.7609],[-104.9901,39.7609],[-104.9899,39.7609],[-104.9897,39.7609],[-104.9896,39.7609],[-104.9895,39.7609],[-104.9893,39.761],[-104.9892,39.7611],[-104.9889,39.7612],[-104.9888,39.7613],[-104.9886,39.7614],[-104.9885,39.7615],[-104.9883,39.7616],[-104.9881,39.7616],[-104.9881,39.7617],[-104.988,39.7619],[-104.9869,39.7625],[-104.9855,39.7636],[-104.984,39.7647],[-104.9831,39.7653],[-104.9828,39.7656],[-104.9824,39.7659],[-104.9818,39.7662],[-104.9811,39.7666],[-104.9797,39.7674],[-104.9786,39.7679],[-104.9769,39.7688],[-104.9765,39.769],[-104.9749,39.7702],[-104.9733,39.7714],[-104.9724,39.7721],[-104.9718,39.7726],[-104.9715,39.7728],[-104.9637,39.7788],[-104.9644,39.7781],[-104.9644,39.778],[-104.9645,39.778],[-104.9646,39.7778],[-104.9647,39.7778],[-104.9647,39.7777],[-104.9648,39.7775],[-104.9649,39.7774],[-104.9649,39.7773],[-104.9649,39.7772],[-104.9649,39.7771],[-104.9649,39.777],[-104.9649,39.7769],[-104.9649,39.7768],[-104.9649,39.7767],[-104.9649,39.7766],[-104.9648,39.7765],[-104.9647,39.7763],[-104.9647,39.7762],[-104.9646,39.7761],[-104.9645,39.776],[-104.9644,39.7759],[-104.9643,39.7759],[-104.9642,39.7758],[-104.964,39.7757],[-104.9639,39.7757],[-104.9639,39.7756],[-104.9637,39.7756],[-104.9635,39.7755],[-104.9634,39.7755],[-104.9632,39.7755],[-104.9631,39.7755],[-104.9628,39.7755],[-104.9619,39.7755],[-104.9617,39.7755],[-104.9614,39.7755],[-104.9611,39.7754],[-104.9608,39.7754],[-104.9604,39.7754],[-104.9599,39.7753],[-104.9598,39.7753],[-104.9595,39.7753],[-104.9594,39.7753],[-104.9594,39.7752],[-104.9594,39.7749],[-104.9594,39.7739],[-104.9594,39.7734],[-104.9594,39.773],[-104.9594,39.7729],[-104.9593,39.7729],[-104.9592,39.7729],[-104.9588,39.7729],[-104.9585,39.7729],[-104.9583,39.7729],[-104.958,39.7729],[-104.9574,39.7729],[-104.9572,39.7729],[-104.9571,39.7729],[-104.9569,39.7729],[-104.9563,39.7729],[-104.9547,39.7729],[-104.9542,39.7729],[-104.9539,39.7729],[-104.9533,39.7729],[-104.9531,39.7729],[-104.9528,39.7729],[-104.9522,39.7729],[-104.9519,39.7729],[-104.9517,39.7729],[-104.9511,39.7729],[-104.9508,39.7729],[-104.9506,39.7729],[-104.95,39.7729],[-104.9498,39.7729],[-104.9496,39.7729],[-104.9489,39.7729],[-104.9486,39.7729],[-104.948,39.7729],[-104.9475,39.7729],[-104.9464,39.7729],[-104.9463,39.7729],[-104.9457,39.7729],[-104.9451,39.7729],[-104.9435,39.7729],[-104.9429,39.7729],[-104.9426,39.7729],[-104.9424,39.7729],[-104.9419,39.7729],[-104.9417,39.7729],[-104.9414,39.7729],[-104.941,39.7729],[-104.9407,39.7729],[-104.9406,39.7729],[-104.9405,39.7729],[-104.9405,39.7721],[-104.9405,39.7699],[-104.9405,39.7692],[-104.9405,39.769],[-104.9405,39.7683],[-104.9405,39.7681],[-104.9406,39.7681],[-104.9406,39.7669],[-104.9406,39.7658],[-104.9406,39.7657],[-104.9405,39.7657],[-104.9404,39.7656],[-104.9403,39.7656],[-104.9396,39.7656],[-104.9393,39.7656],[-104.9391,39.7656],[-104.9383,39.7656],[-104.9381,39.7656],[-104.9378,39.7656],[-104.9371,39.7656],[-104.9368,39.7656],[-104.9366,39.7656],[-104.9359,39.7656],[-104.9356,39.7656],[-104.9354,39.7656],[-104.9346,39.7656],[-104.9344,39.7656],[-104.9341,39.7656],[-104.9334,39.7656],[-104.9332,39.7656],[-104.9332,39.766],[-104.9333,39.7663],[-104.9333,39.7674],[-104.9333,39.7689],[-104.9331,39.7691],[-104.933,39.7691],[-104.9329,39.7691],[-104.9327,39.7691],[-104.9326,39.769],[-104.9325,39.7689],[-104.9325,39.7674],[-104.9317,39.7674],[-104.9317,39.7678],[-104.9317,39.7689],[-104.9317,39.7692],[-104.9317,39.7695],[-104.9317,39.7703],[-104.9317,39.7706],[-104.9317,39.7707],[-104.9317,39.7712],[-104.9317,39.7713],[-104.9317,39.7714],[-104.9317,39.7716],[-104.9317,39.7717],[-104.9316,39.7717],[-104.931,39.7717],[-104.9308,39.7717],[-104.9305,39.7717],[-104.9303,39.7717],[-104.9302,39.7717],[-104.9301,39.7717],[-104.9299,39.7716],[-104.9298,39.7715],[-104.9297,39.7715],[-104.9296,39.7714],[-104.9295,39.7714],[-104.9293,39.7714],[-104.9289,39.7714],[-104.9275,39.7714],[-104.927,39.7714],[-104.927,39.7716],[-104.927,39.7723],[-104.927,39.7725],[-104.927,39.7726],[-104.927,39.773],[-104.927,39.7731],[-104.927,39.7736],[-104.927,39.7749],[-104.927,39.7753],[-104.9268,39.7753],[-104.9263,39.7752],[-104.9261,39.7752],[-104.9258,39.7751],[-104.9249,39.775],[-104.9246,39.7749],[-104.9246,39.7745],[-104.9246,39.7732],[-104.9246,39.773],[-104.9243,39.773],[-104.9236,39.773],[-104.9236,39.7728],[-104.9223,39.7728],[-104.9223,39.7718],[-104.9223,39.7711],[-104.9214,39.7711],[-104.9186,39.7711],[-104.9176,39.7711],[-104.9176,39.7716],[-104.9176,39.7733],[-104.9176,39.7738],[-104.9172,39.7737],[-104.9168,39.7737],[-104.9166,39.7737],[-104.915,39.7734],[-104.9137,39.7733],[-104.9127,39.7731],[-104.9127,39.7732],[-104.9127,39.7733],[-104.9127,39.7735],[-104.9128,39.7736],[-104.9127,39.7735],[-104.9122,39.7735],[-104.9121,39.7735],[-104.912,39.7735],[-104.9117,39.7734],[-104.9113,39.7734],[-104.9065,39.7727],[-104.9057,39.7726],[-104.9041,39.7724],[-104.9036,39.7723],[-104.9035,39.7723],[-104.9035,39.7724],[-104.9035,39.7726],[-104.9035,39.7727],[-104.9035,39.7732],[-104.9035,39.7733],[-104.9035,39.7736],[-104.9036,39.7739],[-104.9036,39.7745],[-104.9037,39.7746],[-104.9037,39.7747],[-104.9037,39.7748],[-104.9036,39.7752],[-104.9036,39.7755],[-104.9036,39.7763],[-104.9036,39.7765],[-104.9036,39.7767],[-104.9036,39.7772],[-104.9036,39.7773],[-104.9035,39.7774],[-104.9036,39.7774],[-104.9036,39.7775],[-104.9036,39.7781],[-104.9036,39.7782],[-104.9036,39.7783],[-104.9036,39.7784],[-104.9034,39.7784],[-104.9029,39.7784],[-104.9018,39.7785],[-104.9001,39.7785],[-104.9002,39.7786],[-104.9002,39.7787],[-104.9002,39.7788],[-104.9002,39.7789],[-104.9002,39.779],[-104.9002,39.7791],[-104.9003,39.7791],[-104.9004,39.7793],[-104.9005,39.7794],[-104.9006,39.7796],[-104.9007,39.78],[-104.9008,39.7801],[-104.9009,39.7803],[-104.9012,39.7806],[-104.9013,39.7807],[-104.9016,39.781],[-104.9019,39.7813],[-104.902,39.7814],[-104.9021,39.7815],[-104.9017,39.7819],[-104.9017,39.782],[-104.9016,39.782],[-104.9014,39.7823],[-104.9012,39.7825],[-104.901,39.7827],[-104.9008,39.7829],[-104.9009,39.7831],[-104.9008,39.7833],[-104.9007,39.7833],[-104.9004,39.7837],[-104.9002,39.7839],[-104.8999,39.7843],[-104.8997,39.7848],[-104.8997,39.7852],[-104.8997,39.7855],[-104.8998,39.7856],[-104.8996,39.7856],[-104.8999,39.7861],[-104.9003,39.7865],[-104.9006,39.7867],[-104.9011,39.7869],[-104.9018,39.7872],[-104.9023,39.7875],[-104.9027,39.7878],[-104.9032,39.7883],[-104.9033,39.7931],[-104.9033,39.7935],[-104.903,39.7935],[-104.9027,39.7935],[-104.9025,39.7935],[-104.9023,39.7935],[-104.9019,39.7935],[-104.9015,39.7934],[-104.9013,39.7934],[-104.9009,39.7934],[-104.9008,39.7934],[-104.9007,39.7934],[-104.8982,39.7934],[-104.8981,39.7934],[-104.8974,39.7934],[-104.8973,39.7935],[-104.8973,39.7954],[-104.8965,39.7954],[-104.8965,39.7955],[-104.8965,39.7956],[-104.8964,39.7956],[-104.8964,39.7957],[-104.8964,39.7958],[-104.8964,39.7959],[-104.8963,39.796],[-104.8962,39.7961],[-104.8962,39.7962],[-104.8961,39.7963],[-104.896,39.7964],[-104.8959,39.7964],[-104.8959,39.7965],[-104.8958,39.7965],[-104.8957,39.7966],[-104.8956,39.7966],[-104.8955,39.7967],[-104.8954,39.7967],[-104.8953,39.7968],[-104.8952,39.7968],[-104.8951,39.7968],[-104.895,39.7969],[-104.8949,39.7969],[-104.8948,39.7969],[-104.8947,39.7969],[-104.8946,39.7969],[-104.8945,39.7969],[-104.8944,39.7969],[-104.8943,39.7969],[-104.8942,39.7969],[-104.8941,39.7969],[-104.8941,39.7978],[-104.894,39.7978],[-104.8939,39.7978],[-104.8938,39.7978],[-104.8937,39.7978],[-104.8936,39.7978],[-104.8935,39.7978],[-104.8934,39.7978],[-104.8933,39.7978],[-104.8932,39.7978],[-104.8931,39.7978],[-104.893,39.7978],[-104.8929,39.7978],[-104.8928,39.7978],[-104.8927,39.7978],[-104.8926,39.7978],[-104.8925,39.7978],[-104.8924,39.7978],[-104.8923,39.7978],[-104.8922,39.7978],[-104.8921,39.7978],[-104.892,39.7978],[-104.8919,39.7978],[-104.8918,39.7979],[-104.8917,39.7979],[-104.8916,39.7978],[-104.8915,39.7978],[-104.8914,39.7978],[-104.8913,39.7978],[-104.8912,39.7978],[-104.8911,39.7978],[-104.891,39.7978],[-104.8909,39.7978],[-104.8908,39.7978],[-104.8907,39.7978],[-104.8906,39.7978],[-104.8905,39.7978],[-104.8904,39.7978],[-104.8903,39.7978],[-104.8902,39.7978],[-104.8901,39.7978],[-104.89,39.7978],[-104.8899,39.7978],[-104.8898,39.7978],[-104.8897,39.7978],[-104.8896,39.7978],[-104.8895,39.7978],[-104.8894,39.7978],[-104.8894,39.7983],[-104.8918,39.7983],[-104.8934,39.7983],[-104.8939,39.7983],[-104.8941,39.7983],[-104.8955,39.7983],[-104.8957,39.7983],[-104.8959,39.7983],[-104.8962,39.7983],[-104.8964,39.7983],[-104.8967,39.7984],[-104.8969,39.7984],[-104.8972,39.7984],[-104.8976,39.7984],[-104.8991,39.7984],[-104.8991,39.8002],[-104.9004,39.8002],[-104.9014,39.8002],[-104.9014,39.7989],[-104.9014,39.7984],[-104.9015,39.7984],[-104.9017,39.7984],[-104.9033,39.7984],[-104.9036,39.7984],[-104.9035,39.7968],[-104.9035,39.7962],[-104.9035,39.7957],[-104.9035,39.7938],[-104.9035,39.7935],[-104.9035,39.7888],[-104.9035,39.7887],[-104.9035,39.7879],[-104.9035,39.7876],[-104.9035,39.7874],[-104.9035,39.7873],[-104.9035,39.7871],[-104.9035,39.7869],[-104.9035,39.7868],[-104.9035,39.7865],[-104.9035,39.7862],[-104.9035,39.786],[-104.9035,39.7857],[-104.9035,39.7856],[-104.9035,39.7854],[-104.9035,39.7853],[-104.9035,39.7851],[-104.9035,39.7848],[-104.9034,39.784],[-104.9034,39.7839],[-104.9034,39.7838],[-104.9035,39.7838],[-104.9056,39.7838],[-104.9058,39.7838],[-104.9067,39.7838],[-104.9085,39.7838],[-104.9101,39.7838],[-104.9116,39.7838],[-104.9117,39.7838],[-104.9119,39.7838],[-104.9122,39.7838],[-104.9125,39.7838],[-104.9129,39.7838],[-104.9139,39.7838],[-104.9146,39.7838],[-104.9153,39.7838],[-104.9157,39.7838],[-104.9159,39.7838],[-104.9163,39.7838],[-104.9177,39.7838],[-104.9186,39.7838],[-104.9192,39.7838],[-104.9193,39.7838],[-104.9198,39.7838],[-104.9199,39.7838],[-104.92,39.7838],[-104.9199,39.7845],[-104.9199,39.7852],[-104.9199,39.7862],[-104.9199,39.7866],[-104.9199,39.7874],[-104.9199,39.7886],[-104.9199,39.7895],[-104.9199,39.7911],[-104.9223,39.7911],[-104.9237,39.7911],[-104.9249,39.7911],[-104.925,39.7911],[-104.927,39.7911],[-104.9277,39.7911],[-104.9284,39.791],[-104.9296,39.791],[-104.9316,39.791],[-104.9372,39.791],[-104.9396,39.791],[-104.9399,39.791],[-104.94,39.791],[-104.9401,39.791],[-104.9405,39.791],[-104.9405,39.7911],[-104.9405,39.7916],[-104.9405,39.7919],[-104.9405,39.7922],[-104.9405,39.7924],[-104.9405,39.7926],[-104.9405,39.7928],[-104.9405,39.7935],[-104.9405,39.7946],[-104.9406,39.7946],[-104.9413,39.7946],[-104.9417,39.7946],[-104.942,39.7946],[-104.9427,39.7946],[-104.9429,39.7946],[-104.944,39.7946],[-104.9451,39.7946],[-104.946,39.7946],[-104.9476,39.7946],[-104.9486,39.7946],[-104.9497,39.7946],[-104.9498,39.7946],[-104.9525,39.7946],[-104.953,39.7946],[-104.9546,39.7946],[-104.9554,39.7946],[-104.9555,39.7946],[-104.9563,39.794],[-104.957,39.7935],[-104.9581,39.7926],[-104.9592,39.7918],[-104.9596,39.7915],[-104.9602,39.791],[-104.9603,39.791],[-104.9604,39.791],[-104.9605,39.791],[-104.9686,39.791],[-104.9687,39.791],[-104.9688,39.791],[-104.9689,39.791],[-104.9689,39.7912],[-104.9689,39.7913],[-104.9687,39.7915],[-104.9686,39.7915],[-104.9683,39.7918],[-104.9679,39.7918],[-104.9678,39.7924],[-104.9678,39.7927],[-104.9677,39.7929],[-104.9675,39.7933],[-104.9671,39.7933],[-104.9669,39.7933],[-104.9666,39.7938],[-104.9666,39.7939],[-104.9666,39.794],[-104.9664,39.7942],[-104.9664,39.7943],[-104.9663,39.7944],[-104.9661,39.7946],[-104.966,39.7948],[-104.9658,39.795],[-104.9658,39.7951],[-104.9657,39.7951],[-104.9657,39.7952],[-104.9655,39.7955],[-104.9653,39.7956],[-104.9651,39.7957],[-104.965,39.7959],[-104.9649,39.7959],[-104.9646,39.7961],[-104.9645,39.7962],[-104.9642,39.7964],[-104.9639,39.7967],[-104.9634,39.797],[-104.9631,39.7972],[-104.9629,39.7974],[-104.9625,39.7977],[-104.9625,39.7978],[-104.9625,39.7979],[-104.9624,39.798],[-104.9623,39.7981],[-104.9619,39.7984],[-104.9617,39.7986],[-104.9613,39.799],[-104.9611,39.7992],[-104.9608,39.7995],[-104.9608,39.7996],[-104.9607,39.7997],[-104.9606,39.7997],[-104.9605,39.7997],[-104.9604,39.7998],[-104.9602,39.8],[-104.9602,39.8001],[-104.9601,39.8003],[-104.96,39.8006],[-104.9599,39.8008],[-104.9598,39.8009],[-104.9598,39.801],[-104.9597,39.8012],[-104.9595,39.8015],[-104.9594,39.8015],[-104.959,39.802],[-104.9589,39.8021],[-104.9586,39.8023],[-104.9584,39.8024],[-104.9584,39.8025],[-104.9583,39.8025],[-104.958,39.8028],[-104.9578,39.803],[-104.9576,39.8031],[-104.9575,39.8033],[-104.9574,39.8034],[-104.9573,39.8035],[-104.9573,39.8036],[-104.9573,39.8037],[-104.9573,39.8038],[-104.9572,39.8039],[-104.9573,39.804],[-104.9573,39.8041],[-104.9574,39.8046],[-104.9574,39.8049],[-104.9575,39.805],[-104.9576,39.8053],[-104.9576,39.8054],[-104.9577,39.8055],[-104.9579,39.8059],[-104.958,39.8059],[-104.958,39.806],[-104.9581,39.806],[-104.9587,39.8071],[-104.959,39.8075],[-104.9592,39.8079],[-104.9593,39.8079],[-104.9593,39.8081],[-104.9594,39.8082],[-104.9595,39.8084],[-104.9595,39.8085],[-104.9595,39.8086],[-104.9595,39.8087],[-104.9595,39.8089],[-104.9595,39.809],[-104.9595,39.8093],[-104.9594,39.8093],[-104.9595,39.8096],[-104.9595,39.8097],[-104.9595,39.8099],[-104.9595,39.81],[-104.9593,39.8106],[-104.9593,39.8107],[-104.9592,39.8107],[-104.9592,39.811],[-104.9591,39.8113],[-104.959,39.8116],[-104.9589,39.8118],[-104.9589,39.8119],[-104.9588,39.812],[-104.9587,39.8121],[-104.9585,39.8123],[-104.9583,39.8124],[-104.9582,39.8125],[-104.9581,39.8125],[-104.9579,39.8126],[-104.9576,39.8127],[-104.9574,39.8127],[-104.957,39.8127],[-104.9567,39.8127],[-104.9564,39.8127],[-104.9561,39.8127],[-104.956,39.8127],[-104.9548,39.8129],[-104.9548,39.813],[-104.9548,39.8131],[-104.9549,39.8135],[-104.955,39.8136],[-104.9551,39.8137],[-104.9551,39.8138],[-104.9552,39.8138],[-104.9553,39.8138],[-104.9553,39.8139],[-104.9554,39.8139],[-104.9555,39.8139],[-104.9556,39.8139],[-104.9557,39.8139],[-104.9558,39.8139],[-104.9578,39.8136],[-104.9581,39.8136],[-104.9582,39.8136],[-104.9583,39.8135],[-104.9585,39.8135],[-104.9588,39.8133],[-104.9589,39.8133],[-104.9593,39.8133],[-104.9593,39.8131],[-104.9593,39.8129],[-104.9593,39.8127],[-104.9605,39.8127],[-104.9631,39.8127],[-104.9647,39.8127],[-104.9686,39.8127],[-104.9692,39.8127],[-104.9692,39.8121],[-104.9695,39.8121],[-104.9697,39.8121],[-104.9697,39.8118],[-104.971,39.8118],[-104.971,39.8116],[-104.9722,39.8116],[-104.9722,39.8123],[-104.9733,39.8123],[-104.9734,39.8123],[-104.9734,39.8124],[-104.9734,39.8127],[-104.9755,39.8127],[-104.978,39.8128],[-104.978,39.8118],[-104.9781,39.8092],[-104.98,39.8091],[-104.9828,39.8092],[-104.9831,39.8092],[-104.9833,39.8092],[-104.9853,39.8092],[-104.9859,39.8092],[-104.9862,39.8091],[-104.9869,39.8091],[-104.9875,39.8091],[-104.9875,39.81],[-104.9875,39.8105],[-104.9875,39.8113],[-104.9875,39.8117],[-104.9875,39.8122],[-104.9875,39.8128],[-104.9875,39.8144],[-104.9875,39.8146],[-104.9875,39.8148],[-104.9877,39.8147],[-104.9881,39.8145],[-104.9888,39.8141],[-104.9895,39.8138],[-104.9898,39.8136],[-104.9901,39.8135],[-104.9906,39.8132],[-104.9916,39.8128],[-104.9919,39.8127],[-104.9923,39.8125],[-104.9932,39.8121],[-104.9946,39.8116],[-104.9953,39.8114],[-104.9957,39.8112],[-104.9964,39.811],[-104.9968,39.8109],[-104.9974,39.8107],[-104.9975,39.8107],[-104.9973,39.8103],[-104.9968,39.8097],[-104.9968,39.8092],[-104.9969,39.8055],[-104.9991,39.8055],[-105.0001,39.8055],[-105.0005,39.8055],[-105.0011,39.8055],[-105.0012,39.8054],[-105.0013,39.8054],[-105.0016,39.8053],[-105.002,39.8051],[-105.0023,39.8051],[-105.0024,39.8051],[-105.0026,39.8051],[-105.0036,39.8051],[-105.0037,39.8051],[-105.0042,39.8048],[-105.0041,39.8048],[-105.004,39.8048],[-105.0039,39.8047],[-105.0037,39.8046],[-105.0032,39.8043],[-105.0029,39.8042],[-105.0028,39.8042],[-105.0025,39.804],[-105.0023,39.8039],[-105.0021,39.8038],[-105.002,39.8037],[-105.0015,39.8034],[-105.0012,39.8032],[-105.001,39.8031],[-105.0008,39.8029],[-105.0005,39.8026],[-105.0002,39.8024],[-105.0001,39.8022],[-104.9998,39.8019],[-104.9996,39.8016],[-104.9995,39.8014],[-104.9993,39.8012],[-104.9991,39.8008],[-104.999,39.8006],[-104.9989,39.8003],[-104.9988,39.8001],[-104.9987,39.7999],[-104.9986,39.7998],[-104.9986,39.7997],[-104.9985,39.7995],[-104.9985,39.7992],[-104.9985,39.799],[-104.9985,39.7988],[-104.9985,39.7986],[-104.9985,39.7984],[-104.9985,39.7982],[-104.9985,39.7981],[-104.9985,39.7979],[-104.9985,39.7978],[-104.9985,39.7976],[-104.9985,39.7975],[-104.9985,39.7972],[-104.9985,39.7971],[-104.9984,39.7968],[-104.9984,39.796],[-104.9984,39.7955],[-104.9984,39.7942],[-104.9984,39.7927],[-104.9984,39.7921],[-104.9984,39.7915],[-104.9984,39.791],[-104.9985,39.791],[-104.9986,39.791],[-104.9987,39.791],[-104.9988,39.791],[-104.9989,39.791],[-104.999,39.791],[-104.9991,39.791],[-104.9992,39.791],[-104.9993,39.791],[-105.0,39.791],[-105.0017,39.791],[-105.0017,39.7905],[-105.0017,39.7891],[-105.0017,39.7889],[-105.0017,39.7888],[-105.0017,39.7887],[-105.0016,39.7886],[-105.0015,39.7886],[-105.0014,39.7886],[-105.0009,39.7886],[-105.0007,39.7886],[-105.0006,39.7885],[-105.0005,39.7884],[-105.0005,39.7877],[-105.0004,39.7867],[-105.0003,39.7848],[-105.0003,39.7838],[-105.0005,39.7838],[-105.0012,39.7838],[-105.0014,39.7838],[-105.0021,39.7838],[-105.0044,39.7838],[-105.0051,39.7838],[-105.0054,39.7838],[-105.0055,39.7838],[-105.0062,39.7838],[-105.0064,39.7838],[-105.0064,39.7837],[-105.0065,39.7833]]]}},{"type":"Feature","properties":{"zip":"80212","city":"Denver city","area":9.2},"geometry":{"type":"Polygon","coordinates":[[[-105.065,39.7903],[-105.065,39.7902],[-105.065,39.7898],[-105.065,39.7897],[-105.065,39.7894],[-105.065,39.7889],[-105.065,39.7884],[-105.0644,39.7884],[-105.0627,39.7883],[-105.0627,39.7882],[-105.0627,39.7878],[-105.0627,39.7872],[-105.0627,39.787],[-105.0627,39.7862],[-105.0627,39.7858],[-105.0627,39.7857],[-105.0627,39.7841],[-105.0627,39.7839],[-105.0627,39.7838],[-105.0626,39.7838],[-105.0626,39.7837],[-105.0626,39.7834],[-105.0626,39.7833],[-105.0626,39.783],[-105.0626,39.782],[-105.0626,39.7819],[-105.0626,39.7797],[-105.0626,39.7784],[-105.0626,39.7766],[-105.0615,39.7766],[-105.0614,39.7748],[-105.0615,39.7748],[-105.0621,39.7748],[-105.0621,39.7747],[-105.0621,39.773],[-105.062,39.773],[-105.062,39.7729],[-105.062,39.7721],[-105.062,39.772],[-105.0622,39.772],[-105.0622,39.7719],[-105.0625,39.7719],[-105.0626,39.7719],[-105.0626,39.7717],[-105.0621,39.7717],[-105.0621,39.7716],[-105.0621,39.7712],[-105.0622,39.7712],[-105.0622,39.771],[-105.0625,39.771],[-105.0625,39.7708],[-105.0625,39.7707],[-105.0618,39.7707],[-105.0618,39.7703],[-105.0622,39.7703],[-105.0622,39.7699],[-105.0626,39.7699],[-105.0626,39.7694],[-105.0626,39.7685],[-105.0622,39.7685],[-105.0621,39.7676],[-105.0621,39.7675],[-105.0621,39.7665],[-105.0621,39.7658],[-105.0621,39.7657],[-105.0621,39.7654],[-105.0619,39.7654],[-105.0619,39.7648],[-105.062,39.7648],[-105.0626,39.7648],[-105.0626,39.7639],[-105.0626,39.7621],[-105.0615,39.7621],[-105.0603,39.7621],[-105.0602,39.7621],[-105.059,39.7621],[-105.0579,39.7621],[-105.0568,39.7621],[-105.0567,39.7621],[-105.0557,39.7621],[-105.0556,39.7621],[-105.0551,39.7621],[-105.0545,39.7621],[-105.0544,39.7621],[-105.0539,39.7621],[-105.0532,39.7621],[-105.0531,39.7621],[-105.0527,39.7621],[-105.0526,39.7621],[-105.0526,39.762],[-105.0526,39.7604],[-105.0527,39.7603],[-105.0527,39.7602],[-105.0527,39.7585],[-105.053,39.7585],[-105.0532,39.7585],[-105.0532,39.7582],[-105.0532,39.7572],[-105.0532,39.7569],[-105.0532,39.7562],[-105.0532,39.7557],[-105.0532,39.7556],[-105.0532,39.7553],[-105.0532,39.7548],[-105.0532,39.7543],[-105.0531,39.7543],[-105.0527,39.7543],[-105.0527,39.7535],[-105.0531,39.7535],[-105.0532,39.7535],[-105.0532,39.753],[-105.0532,39.7527],[-105.0532,39.7516],[-105.0532,39.7512],[-105.0532,39.7509],[-105.0532,39.7498],[-105.0532,39.7495],[-105.0532,39.7482],[-105.0532,39.7477],[-105.0532,39.7476],[-105.0532,39.7457],[-105.0532,39.7452],[-105.0532,39.744],[-105.053,39.744],[-105.0527,39.744],[-105.0523,39.744],[-105.0521,39.744],[-105.0519,39.744],[-105.0512,39.744],[-105.0509,39.744],[-105.0507,39.744],[-105.05,39.744],[-105.0498,39.744],[-105.0496,39.744],[-105.0489,39.744],[-105.0487,39.744],[-105.0485,39.744],[-105.0477,39.744],[-105.0475,39.744],[-105.0473,39.744],[-105.0466,39.744],[-105.0463,39.744],[-105.0461,39.744],[-105.0454,39.744],[-105.0452,39.744],[-105.0449,39.744],[-105.0443,39.744],[-105.044,39.744],[-105.0438,39.744],[-105.0431,39.744],[-105.0428,39.744],[-105.0426,39.744],[-105.0425,39.744],[-105.0424,39.744],[-105.0422,39.744],[-105.0421,39.744],[-105.0416,39.744],[-105.0399,39.744],[-105.0393,39.744],[-105.0391,39.744],[-105.0387,39.7439],[-105.0384,39.744],[-105.0382,39.744],[-105.0379,39.744],[-105.0376,39.744],[-105.0372,39.744],[-105.037,39.7439],[-105.0358,39.7439],[-105.0358,39.7452],[-105.0358,39.7454],[-105.0358,39.7461],[-105.0358,39.7464],[-105.036,39.7464],[-105.0367,39.7464],[-105.037,39.7464],[-105.037,39.7466],[-105.037,39.7473],[-105.037,39.7476],[-105.0372,39.7476],[-105.0375,39.7476],[-105.0375,39.7488],[-105.0375,39.75],[-105.0375,39.7501],[-105.0375,39.751],[-105.0378,39.751],[-105.0378,39.7512],[-105.0379,39.7512],[-105.0382,39.7512],[-105.0381,39.7514],[-105.0381,39.7516],[-105.038,39.7516],[-105.0377,39.7516],[-105.0377,39.7517],[-105.0377,39.7521],[-105.0377,39.7522],[-105.0376,39.7522],[-105.0376,39.753],[-105.0379,39.753],[-105.0381,39.753],[-105.0381,39.7532],[-105.0381,39.7537],[-105.0381,39.7539],[-105.0381,39.7541],[-105.0381,39.7547],[-105.0381,39.7549],[-105.0379,39.7549],[-105.0376,39.7549],[-105.0376,39.7553],[-105.0376,39.7561],[-105.0366,39.7561],[-105.0364,39.7567],[-105.0364,39.758],[-105.0364,39.7584],[-105.0364,39.7585],[-105.0367,39.7585],[-105.037,39.7585],[-105.0372,39.7585],[-105.0376,39.7585],[-105.0376,39.7602],[-105.0376,39.7603],[-105.0376,39.7621],[-105.0379,39.7621],[-105.0382,39.7621],[-105.0382,39.7624],[-105.038,39.7624],[-105.038,39.7626],[-105.0377,39.7626],[-105.0377,39.7627],[-105.0376,39.7627],[-105.0376,39.7639],[-105.0376,39.764],[-105.0376,39.7658],[-105.0376,39.7676],[-105.0376,39.7692],[-105.0382,39.7692],[-105.0382,39.7695],[-105.0379,39.7695],[-105.0376,39.7695],[-105.0376,39.77],[-105.0375,39.7713],[-105.0378,39.7713],[-105.0379,39.7713],[-105.0381,39.7713],[-105.0381,39.7714],[-105.0381,39.7717],[-105.0376,39.7717],[-105.0376,39.773],[-105.0375,39.7731],[-105.0375,39.7755],[-105.0375,39.7757],[-105.0375,39.7765],[-105.0381,39.7765],[-105.0381,39.7767],[-105.0381,39.7769],[-105.0374,39.7769],[-105.0375,39.7782],[-105.0376,39.7782],[-105.0376,39.7783],[-105.0377,39.7783],[-105.0377,39.7784],[-105.0377,39.7786],[-105.0375,39.7786],[-105.0375,39.7788],[-105.0375,39.7802],[-105.0379,39.7802],[-105.0381,39.7802],[-105.0381,39.7804],[-105.0381,39.7809],[-105.0381,39.7811],[-105.0379,39.7811],[-105.0377,39.7811],[-105.0377,39.782],[-105.0375,39.782],[-105.0375,39.7821],[-105.0375,39.7833],[-105.0379,39.7833],[-105.0381,39.7833],[-105.0383,39.7833],[-105.039,39.7833],[-105.0393,39.7833],[-105.0395,39.7833],[-105.0402,39.7833],[-105.0404,39.7833],[-105.0407,39.7833],[-105.0414,39.7833],[-105.0416,39.7833],[-105.0418,39.7832],[-105.0425,39.7832],[-105.0427,39.7832],[-105.043,39.7832],[-105.0437,39.7832],[-105.0439,39.7832],[-105.0439,39.7834],[-105.0439,39.7835],[-105.0439,39.7836],[-105.0437,39.7836],[-105.0434,39.7836],[-105.0397,39.7836],[-105.0358,39.7836],[-105.0348,39.7835],[-105.0346,39.7835],[-105.0346,39.7836],[-105.0346,39.7837],[-105.0352,39.7838],[-105.0358,39.7839],[-105.037,39.7839],[-105.0372,39.7839],[-105.0375,39.7839],[-105.0375,39.7847],[-105.0376,39.7856],[-105.0376,39.7874],[-105.0376,39.7892],[-105.0376,39.7911],[-105.0381,39.7911],[-105.0381,39.7915],[-105.0375,39.7915],[-105.0375,39.7929],[-105.0381,39.7929],[-105.0381,39.7934],[-105.0376,39.7934],[-105.0376,39.7955],[-105.037,39.7958],[-105.0358,39.7957],[-105.0358,39.7964],[-105.0358,39.797],[-105.0358,39.7975],[-105.0347,39.7975],[-105.0347,39.7976],[-105.0347,39.7977],[-105.0347,39.7979],[-105.0347,39.7981],[-105.0347,39.7982],[-105.0347,39.7983],[-105.0347,39.7985],[-105.0347,39.7989],[-105.0347,39.7993],[-105.036,39.7993],[-105.0369,39.7992],[-105.0377,39.7992],[-105.0383,39.7992],[-105.0393,39.7992],[-105.0396,39.7992],[-105.04,39.7992],[-105.0406,39.7991],[-105.041,39.7991],[-105.0415,39.799],[-105.0417,39.7989],[-105.0422,39.7988],[-105.0428,39.7987],[-105.0434,39.7984],[-105.0439,39.7983],[-105.0439,39.7973],[-105.0438,39.797],[-105.0438,39.7968],[-105.0438,39.7967],[-105.0438,39.7966],[-105.0438,39.7965],[-105.0438,39.796],[-105.0438,39.7953],[-105.0438,39.7949],[-105.0438,39.7948],[-105.0445,39.7948],[-105.0453,39.7948],[-105.046,39.7948],[-105.0467,39.7948],[-105.0467,39.7938],[-105.0475,39.7932],[-105.0478,39.793],[-105.0482,39.7929],[-105.0489,39.7927],[-105.0497,39.7925],[-105.0504,39.7923],[-105.0511,39.7921],[-105.0532,39.792],[-105.0532,39.7918],[-105.0532,39.7911],[-105.0551,39.7911],[-105.0553,39.7911],[-105.0556,39.7911],[-105.0562,39.7911],[-105.0566,39.7911],[-105.0593,39.7911],[-105.0597,39.7911],[-105.0604,39.7911],[-105.0607,39.7911],[-105.0615,39.7911],[-105.0616,39.7909],[-105.0617,39.7907],[-105.0618,39.7905],[-105.0624,39.7905],[-105.0626,39.7905],[-105.0626,39.7909],[-105.0626,39.7911],[-105.0628,39.7911],[-105.0633,39.7911],[-105.0634,39.7911],[-105.0642,39.7911],[-105.0644,39.7911],[-105.0644,39.7903],[-105.0645,39.7903],[-105.065,39.7903]]]}},{"type":"Feature","properties":{"zip":"80219","city":"Denver city","area":19.1},"geometry":{"type":"Polygon","coordinates":[[[-105.0533,39.7185],[-105.0533,39.7184],[-105.0532,39.7184],[-105.0531,39.7183],[-105.053,39.7183],[-105.0528,39.7182],[-105.0525,39.7182],[-105.0524,39.7181],[-105.0524,39.7167],[-105.0524,39.7166],[-105.0524,39.7151],[-105.0524,39.715],[-105.0524,39.7149],[-105.0526,39.7143],[-105.0526,39.7133],[-105.0526,39.7119],[-105.0533,39.7119],[-105.0533,39.7113],[-105.0533,39.7103],[-105.0533,39.7102],[-105.0533,39.7097],[-105.0533,39.7096],[-105.0528,39.7096],[-105.0528,39.7095],[-105.0528,39.7092],[-105.0523,39.7092],[-105.0523,39.7091],[-105.0525,39.7091],[-105.0527,39.709],[-105.0527,39.7087],[-105.0526,39.7087],[-105.0526,39.7086],[-105.0526,39.7077],[-105.0528,39.7077],[-105.0533,39.7077],[-105.0533,39.7075],[-105.0533,39.7071],[-105.0533,39.7069],[-105.0532,39.7067],[-105.0532,39.706],[-105.0532,39.7059],[-105.0532,39.7058],[-105.0533,39.705],[-105.0533,39.7045],[-105.0532,39.704],[-105.0532,39.7033],[-105.0532,39.7031],[-105.0532,39.7027],[-105.0532,39.7026],[-105.0532,39.7023],[-105.0532,39.7004],[-105.0527,39.7004],[-105.0527,39.6999],[-105.0521,39.6999],[-105.0521,39.6995],[-105.0521,39.698],[-105.0522,39.698],[-105.0525,39.698],[-105.0531,39.6975],[-105.0532,39.6975],[-105.0532,39.6969],[-105.0532,39.6968],[-105.053,39.6968],[-105.0525,39.6968],[-105.0525,39.6967],[-105.0525,39.6954],[-105.0525,39.6951],[-105.0525,39.695],[-105.0525,39.6932],[-105.0525,39.6926],[-105.0527,39.6926],[-105.0526,39.6925],[-105.0527,39.6914],[-105.0527,39.6913],[-105.0526,39.6913],[-105.0526,39.6897],[-105.0526,39.6895],[-105.0526,39.6861],[-105.0527,39.6861],[-105.0528,39.686],[-105.053,39.686],[-105.0532,39.6859],[-105.0532,39.6857],[-105.0532,39.6856],[-105.0528,39.6856],[-105.0524,39.6856],[-105.0523,39.6855],[-105.0522,39.6854],[-105.0522,39.6853],[-105.0522,39.685],[-105.0522,39.6846],[-105.0529,39.6844],[-105.053,39.6844],[-105.0532,39.6844],[-105.0532,39.6835],[-105.0531,39.6834],[-105.0529,39.6834],[-105.0527,39.6834],[-105.0525,39.6835],[-105.0524,39.6834],[-105.0524,39.6832],[-105.0523,39.6824],[-105.0526,39.6824],[-105.0526,39.6823],[-105.0526,39.6792],[-105.053,39.6792],[-105.0533,39.6792],[-105.0533,39.6786],[-105.0533,39.6782],[-105.0533,39.677],[-105.0533,39.6765],[-105.0533,39.6763],[-105.0533,39.6758],[-105.0533,39.6757],[-105.0533,39.6755],[-105.0533,39.6751],[-105.0533,39.675],[-105.0532,39.6749],[-105.0532,39.6744],[-105.0532,39.6743],[-105.0532,39.6741],[-105.0532,39.6738],[-105.0533,39.6735],[-105.0533,39.6733],[-105.053,39.6733],[-105.0524,39.6733],[-105.0521,39.6733],[-105.0521,39.6732],[-105.052,39.6732],[-105.0518,39.6732],[-105.0516,39.6731],[-105.0515,39.6731],[-105.0518,39.6728],[-105.0523,39.6728],[-105.0523,39.6725],[-105.0523,39.6723],[-105.0523,39.6722],[-105.0525,39.6723],[-105.0525,39.6717],[-105.0525,39.6683],[-105.0527,39.6681],[-105.0527,39.6678],[-105.0521,39.6678],[-105.0518,39.6678],[-105.0516,39.6678],[-105.051,39.6678],[-105.0508,39.6678],[-105.0506,39.6678],[-105.05,39.6678],[-105.0498,39.6678],[-105.0496,39.6678],[-105.049,39.6678],[-105.0488,39.6678],[-105.0486,39.6678],[-105.048,39.6677],[-105.0478,39.6677],[-105.0476,39.6677],[-105.047,39.6677],[-105.0468,39.6677],[-105.0466,39.6677],[-105.0464,39.6677],[-105.046,39.6677],[-105.0458,39.6677],[-105.0456,39.6677],[-105.0455,39.6677],[-105.0454,39.6677],[-105.045,39.6677],[-105.0448,39.6677],[-105.0446,39.6677],[-105.044,39.6677],[-105.0438,39.6677],[-105.0436,39.6677],[-105.043,39.6677],[-105.0428,39.6677],[-105.0426,39.6677],[-105.042,39.6677],[-105.0418,39.6677],[-105.0415,39.6677],[-105.0409,39.6677],[-105.0407,39.6677],[-105.0405,39.6677],[-105.0399,39.6677],[-105.0397,39.6677],[-105.0395,39.6677],[-105.0389,39.6677],[-105.0387,39.6677],[-105.0385,39.6677],[-105.0379,39.6677],[-105.0378,39.6677],[-105.0376,39.6677],[-105.037,39.6677],[-105.0368,39.6677],[-105.0367,39.6677],[-105.0361,39.6677],[-105.0359,39.6677],[-105.0357,39.6677],[-105.0352,39.6677],[-105.035,39.6677],[-105.0347,39.6677],[-105.0341,39.6677],[-105.0338,39.6677],[-105.0336,39.6677],[-105.0331,39.6677],[-105.0329,39.6677],[-105.0327,39.6677],[-105.0321,39.6677],[-105.0319,39.6677],[-105.0317,39.6677],[-105.0311,39.6677],[-105.0309,39.6677],[-105.0307,39.6677],[-105.0301,39.6677],[-105.0299,39.6677],[-105.0297,39.6677],[-105.0291,39.6677],[-105.0289,39.6677],[-105.0287,39.6677],[-105.0281,39.6677],[-105.028,39.6677],[-105.0278,39.6677],[-105.0272,39.6677],[-105.027,39.6677],[-105.0268,39.6677],[-105.0262,39.6677],[-105.026,39.6677],[-105.026,39.6672],[-105.026,39.6665],[-105.026,39.6664],[-105.0251,39.6664],[-105.0251,39.6665],[-105.0251,39.6667],[-105.0251,39.6669],[-105.0246,39.6669],[-105.0232,39.6669],[-105.0228,39.6669],[-105.0228,39.6668],[-105.0228,39.6667],[-105.0224,39.6667],[-105.0224,39.6666],[-105.0223,39.6666],[-105.0223,39.6665],[-105.0216,39.6665],[-105.0216,39.6661],[-105.0185,39.6661],[-105.0185,39.6665],[-105.0185,39.6669],[-105.0184,39.6669],[-105.018,39.6669],[-105.018,39.6666],[-105.0179,39.6666],[-105.0177,39.6666],[-105.0177,39.6661],[-105.0158,39.6661],[-105.0157,39.6661],[-105.0157,39.6669],[-105.0157,39.6671],[-105.0157,39.6676],[-105.0157,39.6677],[-105.0157,39.6678],[-105.0157,39.6681],[-105.0157,39.6685],[-105.0157,39.6686],[-105.0157,39.6694],[-105.0157,39.6695],[-105.0157,39.6699],[-105.0157,39.6702],[-105.0157,39.6705],[-105.0157,39.6707],[-105.0157,39.671],[-105.0157,39.6712],[-105.0157,39.6714],[-105.0157,39.6718],[-105.0157,39.6721],[-105.0157,39.6734],[-105.0157,39.675],[-105.0157,39.6759],[-105.0157,39.6768],[-105.0158,39.6777],[-105.0157,39.6787],[-105.0157,39.6791],[-105.0157,39.6802],[-105.0157,39.6806],[-105.0157,39.6809],[-105.0158,39.681],[-105.0168,39.6809],[-105.0168,39.6819],[-105.0163,39.6819],[-105.0163,39.6823],[-105.0159,39.6823],[-105.0157,39.6823],[-105.0157,39.6827],[-105.0157,39.6828],[-105.0158,39.6828],[-105.0163,39.6828],[-105.0163,39.6839],[-105.0161,39.6839],[-105.0161,39.6841],[-105.0161,39.6842],[-105.0158,39.6842],[-105.0158,39.6844],[-105.0163,39.6844],[-105.0163,39.6856],[-105.0158,39.6856],[-105.0158,39.6858],[-105.0163,39.6858],[-105.0162,39.6859],[-105.0163,39.686],[-105.0163,39.6885],[-105.0163,39.6886],[-105.0159,39.6886],[-105.0157,39.6886],[-105.0157,39.6887],[-105.0157,39.6888],[-105.0157,39.6889],[-105.0157,39.689],[-105.0157,39.6894],[-105.0157,39.6895],[-105.0159,39.6895],[-105.0162,39.6895],[-105.0162,39.691],[-105.0164,39.6913],[-105.0162,39.6915],[-105.0162,39.6918],[-105.0162,39.6919],[-105.0162,39.6931],[-105.0161,39.6931],[-105.0161,39.696],[-105.0163,39.696],[-105.0165,39.696],[-105.0165,39.6964],[-105.0171,39.6963],[-105.0171,39.6968],[-105.017,39.6968],[-105.0165,39.6968],[-105.0165,39.6969],[-105.0165,39.6985],[-105.0165,39.6986],[-105.0169,39.6986],[-105.0169,39.6988],[-105.0163,39.6988],[-105.0163,39.7001],[-105.0163,39.7002],[-105.0162,39.7001],[-105.016,39.7],[-105.0159,39.7],[-105.0157,39.7],[-105.0154,39.7],[-105.0144,39.7],[-105.0141,39.7],[-105.014,39.7002],[-105.014,39.7003],[-105.0139,39.7005],[-105.0138,39.7008],[-105.0136,39.701],[-105.0135,39.7013],[-105.0134,39.7015],[-105.0133,39.7017],[-105.0133,39.7022],[-105.0133,39.7026],[-105.0137,39.7025],[-105.0138,39.7026],[-105.0139,39.7026],[-105.014,39.7026],[-105.0141,39.7026],[-105.0143,39.7027],[-105.0145,39.7028],[-105.0146,39.7029],[-105.0147,39.703],[-105.0149,39.703],[-105.0151,39.703],[-105.0152,39.703],[-105.0154,39.703],[-105.0155,39.703],[-105.0156,39.7029],[-105.0157,39.7029],[-105.0158,39.7028],[-105.0159,39.7028],[-105.0162,39.7027],[-105.0163,39.7039],[-105.0163,39.7057],[-105.0163,39.7075],[-105.0163,39.7093],[-105.0163,39.7108],[-105.0169,39.7108],[-105.0169,39.7112],[-105.0168,39.7112],[-105.0168,39.7115],[-105.0168,39.7116],[-105.0163,39.7116],[-105.0163,39.7123],[-105.0163,39.7127],[-105.0163,39.713],[-105.0163,39.7132],[-105.0164,39.7132],[-105.0164,39.7133],[-105.0164,39.7135],[-105.0162,39.7135],[-105.0162,39.7145],[-105.0164,39.7145],[-105.0164,39.7149],[-105.0165,39.7149],[-105.0165,39.7154],[-105.0165,39.7159],[-105.0166,39.7159],[-105.0166,39.7164],[-105.0166,39.7165],[-105.0167,39.7173],[-105.0167,39.7175],[-105.0168,39.7177],[-105.017,39.7179],[-105.0173,39.7181],[-105.0176,39.7183],[-105.0176,39.7187],[-105.0176,39.7201],[-105.0176,39.7203],[-105.0172,39.7203],[-105.0171,39.7203],[-105.0171,39.7221],[-105.018,39.722],[-105.0187,39.722],[-105.0187,39.7224],[-105.0187,39.7235],[-105.0187,39.7239],[-105.021,39.7239],[-105.021,39.7229],[-105.0221,39.7229],[-105.0221,39.7225],[-105.0245,39.7225],[-105.0246,39.7225],[-105.0246,39.7221],[-105.0251,39.7221],[-105.0251,39.7222],[-105.0251,39.7227],[-105.0251,39.7229],[-105.0251,39.7235],[-105.0251,39.7238],[-105.0251,39.7241],[-105.0251,39.7248],[-105.0251,39.725],[-105.0251,39.7251],[-105.0251,39.7254],[-105.0254,39.7254],[-105.0271,39.7254],[-105.0272,39.7253],[-105.0272,39.7252],[-105.0273,39.7251],[-105.0273,39.725],[-105.0274,39.725],[-105.0274,39.7249],[-105.0275,39.7249],[-105.0276,39.7248],[-105.0277,39.7248],[-105.0277,39.7247],[-105.0277,39.7246],[-105.0277,39.7245],[-105.0276,39.7245],[-105.0276,39.7244],[-105.0275,39.7244],[-105.0274,39.7243],[-105.0273,39.7242],[-105.0273,39.7241],[-105.0273,39.724],[-105.0272,39.7239],[-105.0272,39.7237],[-105.0272,39.7236],[-105.0271,39.7234],[-105.027,39.7233],[-105.0269,39.7232],[-105.0268,39.7231],[-105.0268,39.723],[-105.0268,39.7229],[-105.0267,39.7229],[-105.0267,39.7228],[-105.0266,39.7227],[-105.0266,39.7226],[-105.0266,39.7224],[-105.0267,39.7223],[-105.0267,39.7222],[-105.0268,39.7221],[-105.0269,39.722],[-105.0269,39.7219],[-105.0269,39.7218],[-105.027,39.7218],[-105.0271,39.7218],[-105.0273,39.7217],[-105.0274,39.7217],[-105.0276,39.7216],[-105.0278,39.7216],[-105.0279,39.7216],[-105.0281,39.7216],[-105.0288,39.7214],[-105.0288,39.7229],[-105.03,39.7229],[-105.0303,39.7229],[-105.031,39.7229],[-105.0313,39.7229],[-105.0315,39.7229],[-105.0319,39.7229],[-105.0319,39.7231],[-105.0319,39.7232],[-105.0324,39.7232],[-105.0325,39.7232],[-105.0325,39.7229],[-105.0327,39.7229],[-105.0335,39.7229],[-105.0337,39.7229],[-105.034,39.7229],[-105.0347,39.7229],[-105.0349,39.7229],[-105.035,39.7229],[-105.0351,39.7229],[-105.0353,39.7229],[-105.036,39.7229],[-105.0362,39.7229],[-105.0364,39.7229],[-105.0371,39.7229],[-105.0373,39.7229],[-105.0384,39.7229],[-105.0395,39.7229],[-105.0397,39.723],[-105.0399,39.723],[-105.0404,39.723],[-105.0405,39.723],[-105.0406,39.723],[-105.0408,39.723],[-105.0409,39.723],[-105.0411,39.723],[-105.0415,39.723],[-105.0416,39.723],[-105.0417,39.723],[-105.042,39.723],[-105.0421,39.723],[-105.0422,39.723],[-105.0426,39.723],[-105.0427,39.723],[-105.0428,39.723],[-105.0432,39.723],[-105.0433,39.723],[-105.0434,39.723],[-105.0438,39.723],[-105.0439,39.723],[-105.0439,39.7228],[-105.0439,39.7223],[-105.0439,39.7221],[-105.0442,39.7221],[-105.0448,39.7221],[-105.0451,39.7222],[-105.0452,39.7222],[-105.0454,39.7222],[-105.0455,39.7222],[-105.0459,39.7222],[-105.047,39.7222],[-105.0474,39.7222],[-105.0477,39.7222],[-105.0484,39.7222],[-105.0486,39.7222],[-105.0488,39.7222],[-105.0495,39.7222],[-105.0498,39.7222],[-105.05,39.7222],[-105.0507,39.7222],[-105.0509,39.7222],[-105.0512,39.7222],[-105.0519,39.7222],[-105.0521,39.7222],[-105.0526,39.7222],[-105.0527,39.7214],[-105.0526,39.7214],[-105.0525,39.7209],[-105.0525,39.7207],[-105.0528,39.7207],[-105.0529,39.7204],[-105.0523,39.7204],[-105.0521,39.7204],[-105.0521,39.7203],[-105.0521,39.7191],[-105.0521,39.719],[-105.0521,39.7187],[-105.0531,39.7187],[-105.0533,39.7187],[-105.0533,39.7186],[-105.0533,39.7185]]]}},{"type":"Feature","properties":{"zip":"80220","city":"Denver city","area":13.4},"geometry":{"type":"Polygon","coordinates":[[[-104.9419,39.7438],[-104.9419,39.7434],[-104.9419,39.7423],[-104.9419,39.7419],[-104.9416,39.7419],[-104.9409,39.7419],[-104.9407,39.7419],[-104.9407,39.7414],[-104.9407,39.7401],[-104.9406,39.7401],[-104.9406,39.7398],[-104.9406,39.7386],[-104.9406,39.7383],[-104.9406,39.738],[-104.9406,39.737],[-104.9406,39.7367],[-104.9404,39.7366],[-104.9401,39.7365],[-104.94,39.7365],[-104.94,39.7354],[-104.94,39.7351],[-104.94,39.7349],[-104.9406,39.7349],[-104.9406,39.7348],[-104.9406,39.7347],[-104.9405,39.7347],[-104.9404,39.7347],[-104.9401,39.7347],[-104.9401,39.7333],[-104.9401,39.7329],[-104.9404,39.7328],[-104.9406,39.7328],[-104.9406,39.7327],[-104.9406,39.7322],[-104.9406,39.7321],[-104.9406,39.731],[-104.9406,39.7305],[-104.9406,39.7292],[-104.9404,39.7292],[-104.9397,39.7292],[-104.9395,39.7292],[-104.9395,39.7289],[-104.9395,39.7278],[-104.9395,39.7274],[-104.9397,39.7274],[-104.9404,39.7274],[-104.9405,39.7274],[-104.9406,39.7274],[-104.9406,39.7269],[-104.9406,39.7256],[-104.9406,39.7255],[-104.9406,39.7254],[-104.9406,39.7253],[-104.9404,39.7253],[-104.94,39.7253],[-104.94,39.7243],[-104.94,39.7231],[-104.9401,39.7216],[-104.9402,39.7212],[-104.9406,39.7212],[-104.9406,39.7209],[-104.9405,39.7209],[-104.9404,39.7209],[-104.9402,39.7209],[-104.9401,39.7209],[-104.9401,39.7194],[-104.9401,39.7178],[-104.9401,39.7162],[-104.9395,39.7162],[-104.9393,39.7162],[-104.9387,39.7162],[-104.9384,39.7162],[-104.9382,39.7162],[-104.9376,39.7162],[-104.9373,39.7162],[-104.9371,39.7162],[-104.9365,39.7162],[-104.9363,39.7162],[-104.936,39.7162],[-104.9353,39.7162],[-104.9351,39.7162],[-104.9349,39.7162],[-104.9342,39.7162],[-104.934,39.7162],[-104.9337,39.7162],[-104.933,39.7162],[-104.9328,39.7162],[-104.9326,39.7162],[-104.9319,39.7162],[-104.9316,39.7162],[-104.9314,39.7162],[-104.9307,39.7162],[-104.9305,39.7162],[-104.9303,39.7162],[-104.9295,39.7162],[-104.9293,39.7162],[-104.9291,39.7162],[-104.9284,39.7162],[-104.9281,39.7162],[-104.9279,39.7162],[-104.9272,39.7163],[-104.927,39.7163],[-104.9267,39.7163],[-104.926,39.7162],[-104.9258,39.7162],[-104.9256,39.7162],[-104.9248,39.7163],[-104.9246,39.7163],[-104.9244,39.7163],[-104.9237,39.7162],[-104.9234,39.7162],[-104.9223,39.7163],[-104.9223,39.7159],[-104.9221,39.7159],[-104.9215,39.7159],[-104.9213,39.7163],[-104.9208,39.7161],[-104.9207,39.7161],[-104.9202,39.716],[-104.9201,39.7162],[-104.9197,39.7161],[-104.9195,39.7162],[-104.9191,39.7161],[-104.9191,39.716],[-104.9187,39.7159],[-104.9186,39.7159],[-104.9186,39.716],[-104.9186,39.7161],[-104.9184,39.716],[-104.9177,39.7159],[-104.9175,39.7159],[-104.9175,39.7161],[-104.9174,39.7163],[-104.9173,39.7164],[-104.9173,39.7166],[-104.9172,39.7167],[-104.9171,39.7168],[-104.917,39.7168],[-104.9168,39.717],[-104.9167,39.717],[-104.9166,39.7171],[-104.9165,39.7171],[-104.9161,39.7173],[-104.916,39.7173],[-104.9159,39.7173],[-104.9156,39.7174],[-104.9154,39.7174],[-104.9151,39.7175],[-104.915,39.7175],[-104.9147,39.7175],[-104.914,39.7175],[-104.9137,39.7175],[-104.9136,39.7175],[-104.9134,39.7175],[-104.9129,39.7173],[-104.9128,39.7173],[-104.9127,39.7173],[-104.9127,39.7175],[-104.9127,39.7182],[-104.9127,39.7183],[-104.9128,39.7184],[-104.9126,39.7184],[-104.9119,39.7184],[-104.9116,39.7184],[-104.9115,39.7184],[-104.911,39.7184],[-104.9108,39.7184],[-104.9107,39.7184],[-104.9105,39.7184],[-104.9099,39.7184],[-104.9097,39.7184],[-104.9095,39.7184],[-104.909,39.7184],[-104.9088,39.7184],[-104.9086,39.7184],[-104.908,39.7184],[-104.9079,39.7184],[-104.9078,39.7184],[-104.9072,39.7184],[-104.9055,39.7184],[-104.905,39.7184],[-104.9047,39.7184],[-104.9044,39.7184],[-104.9039,39.7184],[-104.9037,39.7184],[-104.9037,39.7185],[-104.9037,39.7187],[-104.9036,39.7189],[-104.9036,39.7191],[-104.9036,39.7192],[-104.9036,39.7193],[-104.9036,39.7194],[-104.9035,39.7195],[-104.9035,39.7197],[-104.9035,39.7203],[-104.9035,39.7211],[-104.9035,39.7214],[-104.9035,39.7216],[-104.9035,39.7218],[-104.9035,39.722],[-104.9035,39.7222],[-104.9035,39.7224],[-104.9035,39.7232],[-104.9035,39.7233],[-104.9035,39.7248],[-104.9035,39.7253],[-104.9034,39.7256],[-104.9034,39.7259],[-104.9035,39.7266],[-104.9035,39.7267],[-104.9035,39.7269],[-104.9035,39.727],[-104.9035,39.7274],[-104.9035,39.7275],[-104.9035,39.7276],[-104.9035,39.728],[-104.9035,39.7281],[-104.9035,39.7282],[-104.9035,39.7283],[-104.9035,39.7284],[-104.9035,39.7286],[-104.9035,39.7287],[-104.9035,39.7288],[-104.9035,39.7292],[-104.9035,39.7293],[-104.9035,39.7298],[-104.9035,39.73],[-104.9035,39.7307],[-104.9035,39.7312],[-104.9035,39.7313],[-104.9035,39.7317],[-104.9035,39.7318],[-104.9035,39.7321],[-104.9035,39.7327],[-104.9035,39.7329],[-104.9034,39.7329],[-104.903,39.7329],[-104.9029,39.7329],[-104.9028,39.7329],[-104.9022,39.7329],[-104.902,39.7329],[-104.9019,39.7329],[-104.9017,39.7329],[-104.9012,39.7329],[-104.901,39.7329],[-104.9008,39.7329],[-104.9001,39.7329],[-104.8999,39.7329],[-104.8997,39.7329],[-104.899,39.7329],[-104.8988,39.7329],[-104.8978,39.7329],[-104.8976,39.7329],[-104.8973,39.7329],[-104.8969,39.7329],[-104.8965,39.7329],[-104.896,39.7329],[-104.8952,39.7329],[-104.8944,39.7329],[-104.8941,39.7329],[-104.8934,39.7329],[-104.8928,39.7329],[-104.8913,39.7329],[-104.8912,39.7329],[-104.8907,39.7329],[-104.8906,39.7329],[-104.8904,39.7329],[-104.8897,39.7328],[-104.8894,39.7328],[-104.8892,39.7328],[-104.8885,39.7329],[-104.8882,39.7329],[-104.8881,39.7329],[-104.888,39.7329],[-104.8873,39.7329],[-104.887,39.7329],[-104.8868,39.7329],[-104.8861,39.7328],[-104.8859,39.7328],[-104.8857,39.7328],[-104.8853,39.7328],[-104.8851,39.7328],[-104.885,39.7328],[-104.8848,39.7328],[-104.8847,39.7328],[-104.8842,39.7328],[-104.8842,39.7341],[-104.8841,39.7342],[-104.8842,39.7356],[-104.8841,39.7356],[-104.8841,39.7373],[-104.8847,39.7373],[-104.8846,39.7387],[-104.8846,39.7402],[-104.8846,39.7407],[-104.884,39.7407],[-104.884,39.742],[-104.884,39.7437],[-104.884,39.7438],[-104.884,39.7455],[-104.884,39.7456],[-104.884,39.7473],[-104.884,39.7474],[-104.8841,39.7475],[-104.8847,39.7475],[-104.8849,39.7475],[-104.8856,39.7475],[-104.8858,39.7475],[-104.8861,39.7475],[-104.8868,39.7475],[-104.887,39.7475],[-104.8872,39.7475],[-104.8879,39.7475],[-104.8882,39.7475],[-104.8884,39.7475],[-104.8891,39.7475],[-104.8893,39.7475],[-104.8896,39.7475],[-104.8903,39.7475],[-104.8905,39.7475],[-104.8907,39.7475],[-104.8914,39.7475],[-104.8917,39.7475],[-104.8919,39.7475],[-104.8926,39.7475],[-104.8928,39.7475],[-104.8931,39.7475],[-104.8938,39.7475],[-104.894,39.7475],[-104.8945,39.7475],[-104.895,39.7475],[-104.8952,39.7475],[-104.8959,39.7475],[-104.8964,39.7474],[-104.8966,39.7474],[-104.8973,39.7474],[-104.8976,39.7474],[-104.8978,39.7474],[-104.8985,39.7474],[-104.8988,39.7474],[-104.8988,39.748],[-104.8999,39.7479],[-104.9,39.7479],[-104.9003,39.7479],[-104.9009,39.7479],[-104.9011,39.7479],[-104.9012,39.7479],[-104.9021,39.7479],[-104.9022,39.7479],[-104.9034,39.7479],[-104.9034,39.7477],[-104.9034,39.7474],[-104.9041,39.7474],[-104.9063,39.7474],[-104.907,39.7474],[-104.9072,39.7474],[-104.9079,39.7474],[-104.9082,39.7474],[-104.9084,39.7474],[-104.9091,39.7474],[-104.9094,39.7474],[-104.9096,39.7474],[-104.9103,39.7474],[-104.9105,39.7474],[-104.9107,39.7474],[-104.9114,39.7474],[-104.9117,39.7474],[-104.9118,39.7474],[-104.9123,39.7474],[-104.9124,39.7474],[-104.9125,39.7474],[-104.9127,39.7474],[-104.9128,39.7474],[-104.913,39.7474],[-104.9138,39.7474],[-104.914,39.7474],[-104.9142,39.7474],[-104.9149,39.7474],[-104.9152,39.7474],[-104.9154,39.7474],[-104.9161,39.7474],[-104.9163,39.7474],[-104.9166,39.7474],[-104.9173,39.7474],[-104.9176,39.7474],[-104.9178,39.7474],[-104.9185,39.7474],[-104.9188,39.7474],[-104.919,39.7474],[-104.9197,39.7474],[-104.9199,39.7474],[-104.9202,39.7474],[-104.9209,39.7474],[-104.9211,39.7474],[-104.9214,39.7474],[-104.922,39.7474],[-104.9223,39.7474],[-104.9225,39.7474],[-104.9232,39.7474],[-104.9235,39.7474],[-104.9237,39.7474],[-104.9244,39.7474],[-104.9246,39.7474],[-104.9249,39.7474],[-104.9256,39.7474],[-104.9258,39.7474],[-104.926,39.7474],[-104.9268,39.7474],[-104.927,39.7474],[-104.9271,39.7474],[-104.9274,39.7474],[-104.9275,39.7474],[-104.9276,39.7474],[-104.928,39.7474],[-104.9282,39.7474],[-104.9283,39.7474],[-104.9286,39.7474],[-104.9287,39.7474],[-104.9288,39.7474],[-104.9292,39.7474],[-104.9293,39.7474],[-104.9294,39.7474],[-104.9297,39.7474],[-104.9298,39.7474],[-104.93,39.7474],[-104.9304,39.7474],[-104.9305,39.7474],[-104.9306,39.7474],[-104.9309,39.7474],[-104.931,39.7474],[-104.9311,39.7474],[-104.9316,39.7474],[-104.9317,39.7474],[-104.9318,39.7474],[-104.932,39.7474],[-104.9321,39.7474],[-104.9321,39.7471],[-104.9321,39.7469],[-104.9338,39.7469],[-104.9339,39.7469],[-104.9343,39.7469],[-104.9354,39.7469],[-104.9355,39.7468],[-104.9356,39.7468],[-104.936,39.7468],[-104.9361,39.7469],[-104.9365,39.7469],[-104.9365,39.7468],[-104.9367,39.7468],[-104.9367,39.7472],[-104.9367,39.7474],[-104.9372,39.7474],[-104.9372,39.7467],[-104.9381,39.7467],[-104.9381,39.7469],[-104.9383,39.7469],[-104.9388,39.747],[-104.9389,39.747],[-104.939,39.747],[-104.939,39.7468],[-104.9395,39.7468],[-104.9395,39.7469],[-104.9406,39.7469],[-104.9406,39.7464],[-104.9406,39.7461],[-104.9406,39.7459],[-104.9406,39.7452],[-104.9406,39.745],[-104.9406,39.7447],[-104.9407,39.744],[-104.9407,39.7438],[-104.9408,39.7438],[-104.9409,39.7438],[-104.9416,39.7438],[-104.9419,39.7438]]]}},{"type":"Feature","properties":{"zip":"80246","city":"Denver city","area":4.3},"geometry":{"type":"Polygon","coordinates":[[[-104.9427,39.7038],[-104.9425,39.7034],[-104.9424,39.7032],[-104.9423,39.7031],[-104.9421,39.7028],[-104.9419,39.7025],[-104.9418,39.7021],[-104.9417,39.7019],[-104.9416,39.7015],[-104.9416,39.7013],[-104.9416,39.7012],[-104.9415,39.701],[-104.9415,39.7009],[-104.9415,39.7002],[-104.9413,39.7002],[-104.9409,39.7002],[-104.9408,39.7002],[-104.9407,39.7002],[-104.9407,39.6986],[-104.9407,39.6984],[-104.9407,39.6982],[-104.9407,39.698],[-104.9407,39.6978],[-104.9407,39.6977],[-104.9407,39.6976],[-104.9406,39.6968],[-104.9406,39.6966],[-104.9406,39.6957],[-104.9406,39.6955],[-104.9406,39.6954],[-104.9406,39.6949],[-104.9406,39.6948],[-104.9406,39.6944],[-104.9406,39.6937],[-104.9406,39.6933],[-104.9406,39.6929],[-104.94,39.6929],[-104.938,39.693],[-104.9374,39.693],[-104.9371,39.693],[-104.9369,39.693],[-104.9365,39.693],[-104.9362,39.693],[-104.936,39.693],[-104.9353,39.693],[-104.9351,39.693],[-104.9351,39.6928],[-104.9351,39.6924],[-104.9321,39.6924],[-104.9321,39.693],[-104.9317,39.693],[-104.9306,39.693],[-104.9296,39.693],[-104.9294,39.693],[-104.9288,39.693],[-104.9285,39.693],[-104.9283,39.693],[-104.9277,39.693],[-104.9275,39.693],[-104.9273,39.693],[-104.9267,39.693],[-104.9265,39.693],[-104.9263,39.693],[-104.9257,39.693],[-104.9255,39.693],[-104.9244,39.693],[-104.9234,39.693],[-104.9223,39.693],[-104.9223,39.6932],[-104.9223,39.694],[-104.9223,39.6942],[-104.9223,39.6944],[-104.9223,39.6947],[-104.9223,39.6949],[-104.9223,39.6951],[-104.9223,39.6953],[-104.9223,39.6956],[-104.9223,39.6957],[-104.9223,39.6959],[-104.9222,39.696],[-104.9221,39.6962],[-104.9221,39.6963],[-104.922,39.6963],[-104.922,39.6964],[-104.9219,39.6965],[-104.9219,39.6966],[-104.9218,39.6968],[-104.9217,39.697],[-104.9217,39.6971],[-104.9216,39.6973],[-104.9216,39.6974],[-104.9216,39.6976],[-104.9216,39.6978],[-104.9216,39.6985],[-104.9216,39.6988],[-104.9214,39.6988],[-104.9211,39.6987],[-104.9211,39.7002],[-104.9211,39.7039],[-104.9211,39.7049],[-104.9209,39.7055],[-104.9206,39.7056],[-104.9206,39.706],[-104.9206,39.7069],[-104.9209,39.707],[-104.921,39.707],[-104.9211,39.7071],[-104.9215,39.7072],[-104.9218,39.7072],[-104.9223,39.7073],[-104.9223,39.7076],[-104.9223,39.7077],[-104.9217,39.7077],[-104.9217,39.7092],[-104.9217,39.7093],[-104.922,39.7093],[-104.9223,39.7093],[-104.9223,39.7095],[-104.9217,39.7095],[-104.9217,39.7108],[-104.9223,39.7108],[-104.9223,39.7109],[-104.9223,39.7112],[-104.9223,39.7113],[-104.9221,39.7113],[-104.922,39.7113],[-104.9217,39.7113],[-104.9217,39.7115],[-104.9217,39.7121],[-104.9217,39.7127],[-104.9219,39.7127],[-104.9222,39.7127],[-104.9223,39.7127],[-104.9223,39.7131],[-104.9223,39.7134],[-104.9223,39.7144],[-104.9223,39.7147],[-104.922,39.7147],[-104.9217,39.7147],[-104.9217,39.7148],[-104.9216,39.7156],[-104.9215,39.7159],[-104.9221,39.7159],[-104.9223,39.7159],[-104.9223,39.7163],[-104.9234,39.7162],[-104.9237,39.7162],[-104.9244,39.7163],[-104.9246,39.7163],[-104.9248,39.7163],[-104.9256,39.7162],[-104.9258,39.7162],[-104.926,39.7162],[-104.9267,39.7163],[-104.927,39.7163],[-104.9272,39.7163],[-104.9279,39.7162],[-104.9281,39.7162],[-104.9284,39.7162],[-104.9291,39.7162],[-104.9293,39.7162],[-104.9295,39.7162],[-104.9303,39.7162],[-104.9305,39.7162],[-104.9307,39.7162],[-104.9314,39.7162],[-104.9316,39.7162],[-104.9319,39.7162],[-104.9326,39.7162],[-104.9328,39.7162],[-104.933,39.7162],[-104.9337,39.7162],[-104.934,39.7162],[-104.9342,39.7162],[-104.9349,39.7162],[-104.9351,39.7162],[-104.9353,39.7162],[-104.936,39.7162],[-104.9363,39.7162],[-104.9365,39.7162],[-104.9371,39.7162],[-104.9373,39.7162],[-104.9376,39.7162],[-104.9382,39.7162],[-104.9384,39.7162],[-104.9387,39.7162],[-104.9393,39.7162],[-104.9395,39.7162],[-104.9401,39.7162],[-104.9406,39.7162],[-104.9407,39.7162],[-104.9408,39.7162],[-104.9413,39.7162],[-104.9413,39.7146],[-104.9413,39.7131],[-104.9413,39.7128],[-104.9413,39.7119],[-104.9413,39.7116],[-104.9408,39.7116],[-104.9407,39.7116],[-104.9406,39.7116],[-104.9407,39.7114],[-104.9408,39.7114],[-104.9413,39.7114],[-104.9413,39.711],[-104.9414,39.7097],[-104.9414,39.7093],[-104.9412,39.7093],[-104.9409,39.7093],[-104.9408,39.7093],[-104.9407,39.7093],[-104.9407,39.7073],[-104.9407,39.7065],[-104.9407,39.7063],[-104.9407,39.7061],[-104.9407,39.7053],[-104.9408,39.7053],[-104.9414,39.7052],[-104.9415,39.7041],[-104.9416,39.7041],[-104.9416,39.7038],[-104.9422,39.7038],[-104.9426,39.7038],[-104.9427,39.7038]]]}},{"type":"Feature","properties":{"zip":"80207","city":"Denver city","area":10.2},"geometry":{"type":"Polygon","coordinates":[[[-104.9412,39.7583],[-104.9412,39.7582],[-104.9412,39.7566],[-104.9412,39.7565],[-104.9408,39.7565],[-104.9407,39.7565],[-104.9407,39.756],[-104.9407,39.755],[-104.9407,39.7544],[-104.9405,39.7544],[-104.9406,39.7528],[-104.9406,39.751],[-104.9406,39.7507],[-104.9406,39.7496],[-104.9406,39.7492],[-104.9406,39.7489],[-104.9406,39.7478],[-104.9406,39.7474],[-104.9406,39.7471],[-104.9406,39.7469],[-104.9395,39.7469],[-104.9395,39.7468],[-104.939,39.7468],[-104.939,39.747],[-104.9389,39.747],[-104.9388,39.747],[-104.9383,39.7469],[-104.9381,39.7469],[-104.9381,39.7467],[-104.9372,39.7467],[-104.9372,39.7474],[-104.9367,39.7474],[-104.9367,39.7472],[-104.9367,39.7468],[-104.9365,39.7468],[-104.9365,39.7469],[-104.9361,39.7469],[-104.936,39.7468],[-104.9356,39.7468],[-104.9355,39.7468],[-104.9354,39.7469],[-104.9343,39.7469],[-104.9339,39.7469],[-104.9338,39.7469],[-104.9321,39.7469],[-104.9321,39.7471],[-104.9321,39.7474],[-104.932,39.7474],[-104.9318,39.7474],[-104.9317,39.7474],[-104.9316,39.7474],[-104.9311,39.7474],[-104.931,39.7474],[-104.9309,39.7474],[-104.9306,39.7474],[-104.9305,39.7474],[-104.9304,39.7474],[-104.93,39.7474],[-104.9298,39.7474],[-104.9297,39.7474],[-104.9294,39.7474],[-104.9293,39.7474],[-104.9292,39.7474],[-104.9288,39.7474],[-104.9287,39.7474],[-104.9286,39.7474],[-104.9283,39.7474],[-104.9282,39.7474],[-104.928,39.7474],[-104.9276,39.7474],[-104.9275,39.7474],[-104.9274,39.7474],[-104.9271,39.7474],[-104.927,39.7474],[-104.9268,39.7474],[-104.926,39.7474],[-104.9258,39.7474],[-104.9256,39.7474],[-104.9249,39.7474],[-104.9246,39.7474],[-104.9244,39.7474],[-104.9237,39.7474],[-104.9235,39.7474],[-104.9232,39.7474],[-104.9225,39.7474],[-104.9223,39.7474],[-104.922,39.7474],[-104.9214,39.7474],[-104.9211,39.7474],[-104.9209,39.7474],[-104.9202,39.7474],[-104.9199,39.7474],[-104.9197,39.7474],[-104.919,39.7474],[-104.9188,39.7474],[-104.9185,39.7474],[-104.9178,39.7474],[-104.9176,39.7474],[-104.9173,39.7474],[-104.9166,39.7474],[-104.9163,39.7474],[-104.9161,39.7474],[-104.9154,39.7474],[-104.9152,39.7474],[-104.9149,39.7474],[-104.9142,39.7474],[-104.914,39.7474],[-104.9138,39.7474],[-104.913,39.7474],[-104.9128,39.7474],[-104.9127,39.7474],[-104.9125,39.7474],[-104.9124,39.7474],[-104.9123,39.7474],[-104.9118,39.7474],[-104.9117,39.7474],[-104.9114,39.7474],[-104.9107,39.7474],[-104.9105,39.7474],[-104.9103,39.7474],[-104.9096,39.7474],[-104.9094,39.7474],[-104.9091,39.7474],[-104.9084,39.7474],[-104.9082,39.7474],[-104.9079,39.7474],[-104.9072,39.7474],[-104.907,39.7474],[-104.9063,39.7474],[-104.9041,39.7474],[-104.9034,39.7474],[-104.9034,39.7477],[-104.9034,39.7479],[-104.9022,39.7479],[-104.9021,39.7479],[-104.9012,39.7479],[-104.9011,39.7479],[-104.9009,39.7479],[-104.9003,39.7479],[-104.9,39.7479],[-104.8999,39.7479],[-104.8988,39.748],[-104.8987,39.7498],[-104.8987,39.751],[-104.8999,39.751],[-104.9011,39.751],[-104.9013,39.751],[-104.902,39.751],[-104.9022,39.751],[-104.9025,39.751],[-104.9032,39.751],[-104.9034,39.751],[-104.9034,39.7513],[-104.9034,39.752],[-104.9034,39.7522],[-104.9034,39.7525],[-104.9034,39.7532],[-104.9034,39.7534],[-104.9034,39.7537],[-104.9034,39.7545],[-104.9034,39.7547],[-104.9034,39.7554],[-104.9034,39.756],[-104.9034,39.7574],[-104.9034,39.758],[-104.9034,39.7581],[-104.9034,39.7583],[-104.9035,39.7584],[-104.9035,39.7588],[-104.9035,39.7599],[-104.9035,39.7601],[-104.9035,39.7602],[-104.9035,39.7605],[-104.9035,39.7612],[-104.9035,39.7614],[-104.9033,39.7614],[-104.9029,39.7612],[-104.9028,39.7612],[-104.9023,39.761],[-104.9021,39.761],[-104.9019,39.7609],[-104.9017,39.7609],[-104.901,39.7608],[-104.9009,39.7607],[-104.9007,39.7607],[-104.9006,39.7606],[-104.9002,39.7605],[-104.8996,39.7603],[-104.899,39.7601],[-104.8989,39.7602],[-104.8989,39.7618],[-104.8992,39.7619],[-104.9003,39.7619],[-104.9003,39.7634],[-104.899,39.7634],[-104.8989,39.7634],[-104.8989,39.7652],[-104.8997,39.7652],[-104.8999,39.7652],[-104.9006,39.7652],[-104.9009,39.7652],[-104.9012,39.7652],[-104.9015,39.7652],[-104.9016,39.7652],[-104.9019,39.7653],[-104.9023,39.7653],[-104.9026,39.7654],[-104.9025,39.7658],[-104.9025,39.7659],[-104.9025,39.7667],[-104.9025,39.767],[-104.9025,39.7674],[-104.9025,39.7675],[-104.9025,39.7678],[-104.9025,39.7679],[-104.9026,39.768],[-104.9025,39.7682],[-104.9025,39.7687],[-104.9025,39.7694],[-104.9025,39.7697],[-104.9024,39.7705],[-104.9024,39.7709],[-104.9024,39.771],[-104.9023,39.7716],[-104.9013,39.7715],[-104.8997,39.7712],[-104.8994,39.7712],[-104.8987,39.7712],[-104.8984,39.7711],[-104.8981,39.7711],[-104.8971,39.771],[-104.8965,39.7709],[-104.8961,39.7708],[-104.8956,39.7708],[-104.895,39.7707],[-104.8948,39.7707],[-104.8942,39.7706],[-104.8925,39.7705],[-104.8924,39.7705],[-104.8893,39.7703],[-104.8878,39.7702],[-104.8877,39.7702],[-104.8875,39.7703],[-104.8871,39.7705],[-104.8869,39.7706],[-104.8863,39.771],[-104.8862,39.771],[-104.8855,39.7714],[-104.8838,39.7722],[-104.8834,39.7724],[-104.8831,39.7729],[-104.8829,39.7734],[-104.8828,39.7738],[-104.8828,39.7741],[-104.8828,39.7745],[-104.8828,39.7752],[-104.8828,39.7761],[-104.8829,39.7769],[-104.8829,39.7771],[-104.8836,39.7772],[-104.8839,39.7772],[-104.8871,39.7775],[-104.8881,39.7776],[-104.8896,39.7777],[-104.8907,39.7778],[-104.8943,39.7781],[-104.8945,39.7781],[-104.8954,39.7782],[-104.8957,39.7782],[-104.8963,39.7782],[-104.8964,39.7782],[-104.8965,39.7783],[-104.8966,39.7783],[-104.8968,39.7783],[-104.8973,39.7783],[-104.8974,39.7783],[-104.8979,39.7783],[-104.8994,39.7783],[-104.9,39.7783],[-104.9001,39.7783],[-104.9002,39.7783],[-104.9006,39.7783],[-104.9007,39.7783],[-104.9009,39.7783],[-104.9013,39.7783],[-104.9014,39.7783],[-104.9018,39.7783],[-104.9031,39.7783],[-104.9034,39.7783],[-104.9036,39.7783],[-104.9036,39.7782],[-104.9036,39.7781],[-104.9036,39.7775],[-104.9036,39.7774],[-104.9035,39.7774],[-104.9036,39.7773],[-104.9036,39.7772],[-104.9036,39.7767],[-104.9036,39.7765],[-104.9036,39.7763],[-104.9036,39.7755],[-104.9036,39.7752],[-104.9037,39.7748],[-104.9037,39.7747],[-104.9037,39.7746],[-104.9036,39.7745],[-104.9036,39.7739],[-104.9035,39.7736],[-104.9035,39.7733],[-104.9035,39.7732],[-104.9035,39.7727],[-104.9035,39.7726],[-104.9035,39.7724],[-104.9035,39.7723],[-104.9036,39.7723],[-104.9041,39.7724],[-104.9057,39.7726],[-104.9065,39.7727],[-104.9113,39.7734],[-104.9117,39.7734],[-104.912,39.7735],[-104.9121,39.7735],[-104.9122,39.7735],[-104.9127,39.7735],[-104.9128,39.7736],[-104.9127,39.7735],[-104.9127,39.7733],[-104.9127,39.7732],[-104.9127,39.7731],[-104.9137,39.7733],[-104.915,39.7734],[-104.9166,39.7737],[-104.9168,39.7737],[-104.9172,39.7737],[-104.9176,39.7738],[-104.9176,39.7733],[-104.9176,39.7716],[-104.9176,39.7711],[-104.9186,39.7711],[-104.9214,39.7711],[-104.9223,39.7711],[-104.9223,39.7718],[-104.9223,39.7728],[-104.9236,39.7728],[-104.9236,39.773],[-104.9243,39.773],[-104.9246,39.773],[-104.9246,39.7732],[-104.9246,39.7745],[-104.9246,39.7749],[-104.9249,39.775],[-104.9258,39.7751],[-104.9261,39.7752],[-104.9263,39.7752],[-104.9268,39.7753],[-104.927,39.7753],[-104.927,39.7749],[-104.927,39.7736],[-104.927,39.7731],[-104.927,39.773],[-104.927,39.7726],[-104.927,39.7725],[-104.927,39.7723],[-104.927,39.7716],[-104.927,39.7714],[-104.9275,39.7714],[-104.9289,39.7714],[-104.9293,39.7714],[-104.9295,39.7714],[-104.9296,39.7714],[-104.9297,39.7715],[-104.9298,39.7715],[-104.9299,39.7716],[-104.9301,39.7717],[-104.9302,39.7717],[-104.9303,39.7717],[-104.9305,39.7717],[-104.9308,39.7717],[-104.931,39.7717],[-104.9316,39.7717],[-104.9317,39.7717],[-104.9317,39.7716],[-104.9317,39.7714],[-104.9317,39.7713],[-104.9317,39.7712],[-104.9317,39.7707],[-104.9317,39.7706],[-104.9317,39.7703],[-104.9317,39.7695],[-104.9317,39.7692],[-104.9317,39.7689],[-104.9317,39.7678],[-104.9317,39.7674],[-104.9325,39.7674],[-104.9325,39.7689],[-104.9326,39.769],[-104.9327,39.7691],[-104.9329,39.7691],[-104.933,39.7691],[-104.9331,39.7691],[-104.9333,39.7689],[-104.9333,39.7674],[-104.9333,39.7663],[-104.9332,39.766],[-104.9332,39.7656],[-104.9334,39.7656],[-104.9341,39.7656],[-104.9344,39.7656],[-104.9346,39.7656],[-104.9354,39.7656],[-104.9356,39.7656],[-104.9359,39.7656],[-104.9366,39.7656],[-104.9368,39.7656],[-104.9371,39.7656],[-104.9378,39.7656],[-104.9381,39.7656],[-104.9383,39.7656],[-104.9391,39.7656],[-104.9393,39.7656],[-104.9396,39.7656],[-104.9403,39.7656],[-104.9404,39.7656],[-104.9405,39.7657],[-104.9406,39.7657],[-104.9407,39.7645],[-104.9407,39.7638],[-104.9407,39.7619],[-104.9406,39.762],[-104.9405,39.762],[-104.9405,39.7618],[-104.9405,39.7616],[-104.9405,39.7605],[-104.9405,39.7602],[-104.9405,39.7598],[-104.9405,39.7587],[-104.9405,39.7583],[-104.9406,39.7583],[-104.9407,39.7583],[-104.9411,39.7583],[-104.9412,39.7583]]]}},{"type":"Feature","properties":{"zip":"80214","city":"Lakewood city","area":12.1},"geometry":{"type":"Polygon","coordinates":[[[-105.0926,39.7363],[-105.0926,39.7329],[-105.0924,39.7329],[-105.0921,39.7329],[-105.0916,39.7329],[-105.0913,39.7329],[-105.0913,39.7326],[-105.0913,39.7324],[-105.0915,39.7324],[-105.092,39.7324],[-105.092,39.7295],[-105.092,39.7294],[-105.092,39.7293],[-105.092,39.729],[-105.0921,39.7288],[-105.0919,39.7288],[-105.0916,39.7288],[-105.0915,39.7288],[-105.0915,39.7285],[-105.0913,39.7285],[-105.0913,39.7284],[-105.0913,39.7281],[-105.0914,39.7269],[-105.0914,39.7262],[-105.0911,39.7262],[-105.0909,39.7262],[-105.0909,39.7257],[-105.0909,39.7256],[-105.0896,39.7256],[-105.088,39.7256],[-105.0874,39.7256],[-105.0849,39.7256],[-105.0843,39.7256],[-105.0817,39.7256],[-105.0815,39.7256],[-105.0815,39.7255],[-105.081,39.7255],[-105.0793,39.7255],[-105.077,39.7255],[-105.0761,39.7255],[-105.0755,39.7255],[-105.0755,39.7254],[-105.0752,39.7254],[-105.0749,39.7254],[-105.0749,39.7252],[-105.0749,39.725],[-105.0749,39.7245],[-105.0745,39.7245],[-105.0745,39.7246],[-105.0742,39.7246],[-105.0741,39.7246],[-105.0709,39.725],[-105.0698,39.7249],[-105.0698,39.7254],[-105.0689,39.7254],[-105.0689,39.7253],[-105.0689,39.7249],[-105.0674,39.7249],[-105.0674,39.725],[-105.0654,39.725],[-105.0654,39.7254],[-105.065,39.7254],[-105.0639,39.7255],[-105.0627,39.7255],[-105.0627,39.7256],[-105.0627,39.7257],[-105.0613,39.7257],[-105.0588,39.7257],[-105.0582,39.7258],[-105.0576,39.7258],[-105.0541,39.7258],[-105.0533,39.7258],[-105.0533,39.7259],[-105.0533,39.726],[-105.0533,39.7261],[-105.0533,39.7262],[-105.0533,39.7266],[-105.0533,39.7272],[-105.0533,39.7273],[-105.0533,39.7278],[-105.0533,39.7285],[-105.0532,39.729],[-105.0532,39.7295],[-105.053,39.7295],[-105.0526,39.7295],[-105.0526,39.7296],[-105.0526,39.731],[-105.0531,39.731],[-105.0532,39.731],[-105.0532,39.7313],[-105.053,39.7313],[-105.0523,39.7313],[-105.0522,39.7313],[-105.0522,39.7331],[-105.0524,39.7331],[-105.053,39.7331],[-105.0532,39.7331],[-105.0532,39.7333],[-105.0532,39.7337],[-105.0532,39.7338],[-105.0532,39.734],[-105.0532,39.7344],[-105.0532,39.7345],[-105.0532,39.7349],[-105.0532,39.735],[-105.0532,39.7352],[-105.0532,39.7353],[-105.0532,39.7355],[-105.0532,39.7356],[-105.0532,39.7358],[-105.0532,39.7365],[-105.0532,39.7368],[-105.053,39.7368],[-105.0526,39.7368],[-105.0526,39.7384],[-105.0526,39.7385],[-105.0526,39.7386],[-105.0526,39.7393],[-105.0532,39.7393],[-105.0532,39.74],[-105.0532,39.7403],[-105.0532,39.7404],[-105.0532,39.7411],[-105.0527,39.7411],[-105.0527,39.7419],[-105.0527,39.7427],[-105.0527,39.744],[-105.053,39.744],[-105.0532,39.744],[-105.0532,39.7452],[-105.0532,39.7457],[-105.0532,39.7476],[-105.0532,39.7477],[-105.0532,39.7482],[-105.0532,39.7495],[-105.0532,39.7498],[-105.0532,39.7509],[-105.0532,39.7512],[-105.0532,39.7516],[-105.0532,39.7527],[-105.0532,39.753],[-105.0532,39.7535],[-105.0531,39.7535],[-105.0527,39.7535],[-105.0527,39.7543],[-105.0531,39.7543],[-105.0532,39.7543],[-105.0532,39.7548],[-105.0532,39.7553],[-105.0532,39.7556],[-105.0532,39.7557],[-105.0532,39.7562],[-105.0532,39.7569],[-105.0532,39.7572],[-105.0532,39.7582],[-105.0532,39.7585],[-105.053,39.7585],[-105.0527,39.7585],[-105.0527,39.7602],[-105.0527,39.7603],[-105.0526,39.7604],[-105.0526,39.762],[-105.0526,39.7621],[-105.0527,39.7621],[-105.0531,39.7621],[-105.0532,39.7621],[-105.0539,39.7621],[-105.0544,39.7621],[-105.0545,39.7621],[-105.0551,39.7621],[-105.0556,39.7621],[-105.0557,39.7621],[-105.0567,39.7621],[-105.0568,39.7621],[-105.0579,39.7621],[-105.059,39.7621],[-105.0602,39.7621],[-105.0603,39.7621],[-105.0615,39.7621],[-105.0626,39.7621],[-105.0638,39.7621],[-105.0639,39.7621],[-105.065,39.7621],[-105.0661,39.7621],[-105.0662,39.7621],[-105.0671,39.7621],[-105.0673,39.7621],[-105.0681,39.7621],[-105.0688,39.7621],[-105.0692,39.7621],[-105.0701,39.7621],[-105.0703,39.7621],[-105.0709,39.7621],[-105.072,39.7621],[-105.072,39.7615],[-105.072,39.7614],[-105.072,39.7609],[-105.072,39.76],[-105.072,39.7587],[-105.072,39.7585],[-105.072,39.7581],[-105.0726,39.7581],[-105.0726,39.755],[-105.072,39.755],[-105.072,39.7549],[-105.072,39.7548],[-105.0731,39.7548],[-105.0753,39.7548],[-105.0757,39.7548],[-105.0767,39.7548],[-105.0775,39.7548],[-105.078,39.7548],[-105.0785,39.7548],[-105.0796,39.7548],[-105.0814,39.7548],[-105.0831,39.7548],[-105.0834,39.7548],[-105.0848,39.7548],[-105.0861,39.7548],[-105.0884,39.7548],[-105.0893,39.7548],[-105.0908,39.7548],[-105.0908,39.7535],[-105.0908,39.753],[-105.0908,39.7522],[-105.0908,39.752],[-105.0908,39.7512],[-105.0914,39.7512],[-105.0914,39.7476],[-105.0908,39.7476],[-105.0908,39.7475],[-105.0908,39.7473],[-105.0908,39.7471],[-105.0913,39.7471],[-105.0914,39.7448],[-105.0914,39.7447],[-105.0914,39.7439],[-105.0914,39.7436],[-105.0919,39.7436],[-105.092,39.7436],[-105.092,39.7435],[-105.0921,39.7434],[-105.0921,39.7433],[-105.0921,39.7431],[-105.0921,39.7428],[-105.0922,39.7428],[-105.0922,39.7421],[-105.0919,39.7421],[-105.0919,39.7403],[-105.0908,39.7403],[-105.0908,39.7402],[-105.0908,39.7384],[-105.0908,39.7372],[-105.0908,39.7367],[-105.0908,39.7365],[-105.0926,39.7365],[-105.0926,39.7363]]]}},{"type":"Feature","properties":{"zip":"80210","city":"Denver city","area":15.8},"geometry":{"type":"Polygon","coordinates":[[[-104.9904,39.6877],[-104.9905,39.6876],[-104.9904,39.6876],[-104.9902,39.6876],[-104.9901,39.6876],[-104.9891,39.6876],[-104.9887,39.6876],[-104.9887,39.6879],[-104.9887,39.689],[-104.9887,39.6894],[-104.9887,39.6898],[-104.9887,39.6908],[-104.9887,39.6912],[-104.9887,39.6915],[-104.9887,39.6926],[-104.9887,39.693],[-104.9884,39.693],[-104.9881,39.693],[-104.9882,39.6912],[-104.9881,39.6911],[-104.9881,39.6896],[-104.9879,39.6896],[-104.9879,39.6894],[-104.988,39.6893],[-104.9881,39.6893],[-104.9881,39.6876],[-104.9882,39.6865],[-104.9882,39.6859],[-104.9882,39.6858],[-104.9882,39.684],[-104.9882,39.6839],[-104.9882,39.6822],[-104.9882,39.6821],[-104.9883,39.6803],[-104.9883,39.6802],[-104.9883,39.6786],[-104.9883,39.6785],[-104.9882,39.6783],[-104.9882,39.6768],[-104.9882,39.6767],[-104.9882,39.6766],[-104.9882,39.675],[-104.9882,39.6749],[-104.9882,39.6748],[-104.9882,39.6732],[-104.9882,39.6731],[-104.9882,39.673],[-104.9882,39.6714],[-104.988,39.6713],[-104.988,39.6711],[-104.9883,39.6711],[-104.9883,39.6695],[-104.9883,39.6694],[-104.9883,39.6678],[-104.9883,39.6677],[-104.9876,39.6677],[-104.9864,39.6677],[-104.9858,39.6677],[-104.9852,39.6677],[-104.9841,39.6677],[-104.984,39.6677],[-104.9829,39.6677],[-104.9828,39.6677],[-104.9817,39.6677],[-104.9806,39.6677],[-104.9805,39.6677],[-104.9796,39.6677],[-104.9793,39.6677],[-104.9787,39.6677],[-104.9786,39.6677],[-104.9783,39.6677],[-104.9782,39.6677],[-104.977,39.6677],[-104.9758,39.6677],[-104.9746,39.6677],[-104.9739,39.6677],[-104.9736,39.6677],[-104.9735,39.6677],[-104.9735,39.6669],[-104.9735,39.6666],[-104.9735,39.6663],[-104.9735,39.6659],[-104.9725,39.6659],[-104.9721,39.6659],[-104.9719,39.6659],[-104.9711,39.6659],[-104.9703,39.6658],[-104.97,39.6658],[-104.9688,39.6658],[-104.9688,39.6649],[-104.9688,39.664],[-104.9688,39.6636],[-104.9688,39.6635],[-104.9688,39.662],[-104.9688,39.6604],[-104.9679,39.6604],[-104.9676,39.6604],[-104.967,39.6604],[-104.9665,39.6604],[-104.9661,39.6604],[-104.966,39.6604],[-104.9653,39.6604],[-104.9652,39.6604],[-104.9642,39.6604],[-104.9641,39.6604],[-104.9632,39.6604],[-104.9631,39.6604],[-104.9631,39.6616],[-104.9594,39.6615],[-104.9594,39.6614],[-104.9595,39.6614],[-104.9595,39.6611],[-104.9595,39.6604],[-104.9594,39.6603],[-104.9595,39.6596],[-104.9595,39.6572],[-104.9595,39.6571],[-104.9595,39.6568],[-104.9595,39.6567],[-104.9558,39.6567],[-104.9541,39.6567],[-104.9538,39.6567],[-104.9535,39.656],[-104.9539,39.6559],[-104.9543,39.6559],[-104.9544,39.6559],[-104.955,39.653],[-104.9541,39.653],[-104.9537,39.653],[-104.9527,39.653],[-104.9504,39.653],[-104.9493,39.653],[-104.9472,39.653],[-104.9464,39.653],[-104.9454,39.653],[-104.9407,39.653],[-104.9406,39.6544],[-104.9406,39.6545],[-104.9406,39.6549],[-104.9406,39.6555],[-104.9406,39.6575],[-104.9406,39.6582],[-104.9406,39.6593],[-104.9406,39.6595],[-104.9406,39.6596],[-104.9406,39.6597],[-104.9407,39.6601],[-104.9407,39.6603],[-104.9407,39.6604],[-104.9407,39.6607],[-104.9407,39.6608],[-104.9407,39.6611],[-104.9407,39.6621],[-104.9407,39.6625],[-104.9409,39.6625],[-104.9417,39.6625],[-104.9419,39.6625],[-104.9419,39.6626],[-104.9418,39.6631],[-104.9418,39.6632],[-104.9418,39.6637],[-104.9418,39.6639],[-104.9413,39.6639],[-104.9413,39.6655],[-104.9413,39.6656],[-104.9413,39.6675],[-104.9413,39.6676],[-104.9416,39.6676],[-104.9418,39.6676],[-104.942,39.6676],[-104.9423,39.6676],[-104.9426,39.6676],[-104.9428,39.6676],[-104.9428,39.6678],[-104.9428,39.6679],[-104.9429,39.668],[-104.9429,39.6681],[-104.943,39.6682],[-104.943,39.6683],[-104.943,39.6684],[-104.943,39.6687],[-104.943,39.669],[-104.943,39.6692],[-104.943,39.6694],[-104.943,39.6735],[-104.943,39.6748],[-104.9422,39.6748],[-104.9417,39.6748],[-104.9415,39.6748],[-104.9409,39.6748],[-104.9407,39.6748],[-104.9407,39.6752],[-104.9407,39.6762],[-104.9407,39.6766],[-104.9407,39.677],[-104.9407,39.678],[-104.9407,39.6784],[-104.9407,39.6787],[-104.9407,39.6798],[-104.9407,39.6801],[-104.9407,39.6802],[-104.9406,39.681],[-104.9405,39.6817],[-104.9404,39.682],[-104.9404,39.6824],[-104.9404,39.6828],[-104.9404,39.6829],[-104.9406,39.6829],[-104.9407,39.683],[-104.9407,39.6832],[-104.9407,39.6836],[-104.9407,39.6839],[-104.9408,39.6848],[-104.9408,39.6857],[-104.9409,39.6857],[-104.9416,39.6857],[-104.9418,39.6857],[-104.9421,39.6857],[-104.9428,39.6857],[-104.943,39.6857],[-104.943,39.686],[-104.943,39.6871],[-104.943,39.6875],[-104.943,39.6879],[-104.943,39.689],[-104.943,39.6893],[-104.9425,39.6893],[-104.9419,39.6893],[-104.9419,39.6894],[-104.9419,39.6903],[-104.9425,39.6903],[-104.9425,39.6912],[-104.943,39.6912],[-104.943,39.6922],[-104.943,39.6929],[-104.9428,39.6929],[-104.9421,39.6929],[-104.9419,39.6929],[-104.9416,39.6929],[-104.9409,39.6929],[-104.9407,39.6929],[-104.9406,39.6929],[-104.9406,39.6933],[-104.9406,39.6937],[-104.9406,39.6944],[-104.9406,39.6948],[-104.9406,39.6949],[-104.9406,39.6954],[-104.9406,39.6955],[-104.9406,39.6957],[-104.9406,39.6966],[-104.9407,39.6966],[-104.9409,39.6966],[-104.9416,39.6966],[-104.9419,39.6966],[-104.9421,39.6966],[-104.9428,39.6966],[-104.943,39.6966],[-104.9433,39.6966],[-104.944,39.6966],[-104.9442,39.6966],[-104.9444,39.6966],[-104.9451,39.6966],[-104.9454,39.6966],[-104.9456,39.6966],[-104.9463,39.6966],[-104.9465,39.6966],[-104.9468,39.6966],[-104.9475,39.6966],[-104.9477,39.6966],[-104.9479,39.6966],[-104.9486,39.6966],[-104.9488,39.6966],[-104.9491,39.6966],[-104.9498,39.6966],[-104.95,39.6966],[-104.9503,39.6968],[-104.9511,39.6973],[-104.9514,39.6975],[-104.9515,39.6973],[-104.9516,39.6973],[-104.9516,39.6972],[-104.9518,39.6972],[-104.9521,39.6971],[-104.9522,39.697],[-104.9523,39.6969],[-104.9523,39.6968],[-104.9524,39.6966],[-104.9526,39.6966],[-104.9533,39.6966],[-104.9535,39.6966],[-104.9537,39.6966],[-104.9544,39.6966],[-104.9547,39.6966],[-104.9549,39.6966],[-104.9556,39.6966],[-104.9558,39.6966],[-104.9561,39.6966],[-104.9567,39.6966],[-104.957,39.6966],[-104.9572,39.6966],[-104.9579,39.6966],[-104.9581,39.6966],[-104.9583,39.6966],[-104.9591,39.6966],[-104.9593,39.6966],[-104.9596,39.6966],[-104.9603,39.6966],[-104.9606,39.6966],[-104.9608,39.6966],[-104.9615,39.6966],[-104.9617,39.6966],[-104.962,39.6966],[-104.9627,39.6966],[-104.9629,39.6966],[-104.9631,39.6966],[-104.9638,39.6966],[-104.964,39.6966],[-104.9643,39.6966],[-104.965,39.6966],[-104.9652,39.6966],[-104.9654,39.6966],[-104.9658,39.6966],[-104.9661,39.6966],[-104.9664,39.6966],[-104.9666,39.6966],[-104.9669,39.6966],[-104.9673,39.6966],[-104.9675,39.6966],[-104.9687,39.6966],[-104.9687,39.695],[-104.9687,39.6948],[-104.9685,39.6948],[-104.9675,39.6948],[-104.9675,39.6944],[-104.9675,39.6933],[-104.9675,39.693],[-104.9678,39.693],[-104.9685,39.693],[-104.9687,39.693],[-104.969,39.693],[-104.9697,39.693],[-104.9699,39.693],[-104.9701,39.693],[-104.9708,39.693],[-104.9711,39.693],[-104.9713,39.693],[-104.972,39.693],[-104.9722,39.693],[-104.9725,39.693],[-104.9732,39.693],[-104.9734,39.693],[-104.9734,39.6933],[-104.9734,39.6944],[-104.9734,39.6947],[-104.9734,39.6951],[-104.9734,39.6962],[-104.9734,39.6966],[-104.9736,39.6966],[-104.9743,39.6966],[-104.9746,39.6966],[-104.9748,39.6966],[-104.9755,39.6966],[-104.9757,39.6966],[-104.976,39.6966],[-104.9767,39.6966],[-104.9769,39.6966],[-104.9771,39.6966],[-104.9779,39.6966],[-104.9781,39.6966],[-104.9783,39.6966],[-104.979,39.6966],[-104.9792,39.6966],[-104.9804,39.6966],[-104.9813,39.6966],[-104.9805,39.6959],[-104.9804,39.6958],[-104.9804,39.6957],[-104.9804,39.6956],[-104.9804,39.6954],[-104.9804,39.6953],[-104.9804,39.6951],[-104.9809,39.6955],[-104.981,39.6956],[-104.982,39.6965],[-104.9823,39.6968],[-104.9824,39.6968],[-104.9826,39.697],[-104.9827,39.6971],[-104.9828,39.6972],[-104.9828,39.697],[-104.9828,39.6968],[-104.9828,39.6967],[-104.9833,39.6966],[-104.9839,39.6966],[-104.9842,39.6966],[-104.9848,39.6966],[-104.9851,39.6966],[-104.9853,39.6966],[-104.986,39.6966],[-104.9862,39.6966],[-104.9865,39.6966],[-104.9872,39.6966],[-104.9874,39.6966],[-104.9879,39.6966],[-104.9893,39.6966],[-104.9895,39.6966],[-104.9897,39.6966],[-104.9898,39.6966],[-104.9899,39.6966],[-104.9897,39.6959],[-104.9896,39.6955],[-104.9896,39.695],[-104.9895,39.6946],[-104.9895,39.694],[-104.9894,39.6937],[-104.9894,39.6935],[-104.9894,39.693],[-104.9894,39.6929],[-104.9894,39.6926],[-104.9895,39.6923],[-104.9895,39.6922],[-104.9895,39.6919],[-104.9896,39.6915],[-104.9896,39.6911],[-104.9897,39.6905],[-104.9898,39.6901],[-104.99,39.6894],[-104.9903,39.688],[-104.9904,39.6877]]]}},{"type":"Feature","properties":{"zip":"80221","city":"Berkley CDP","area":23.6},"geometry":{"type":"Polygon","coordinates":[[[-105.044,39.8044],[-105.044,39.8043],[-105.044,39.8042],[-105.044,39.804],[-105.044,39.8038],[-105.0439,39.8034],[-105.0439,39.8029],[-105.0439,39.8019],[-105.0439,39.7991],[-105.0439,39.7986],[-105.0439,39.7985],[-105.0439,39.7984],[-105.0439,39.7983],[-105.0434,39.7984],[-105.0428,39.7987],[-105.0422,39.7988],[-105.0417,39.7989],[-105.0415,39.799],[-105.041,39.7991],[-105.0406,39.7991],[-105.04,39.7992],[-105.0396,39.7992],[-105.0393,39.7992],[-105.0383,39.7992],[-105.0377,39.7992],[-105.0369,39.7992],[-105.036,39.7993],[-105.0347,39.7993],[-105.0347,39.7989],[-105.0347,39.7985],[-105.0347,39.7983],[-105.0347,39.7982],[-105.0347,39.7981],[-105.0347,39.7979],[-105.0347,39.7977],[-105.0347,39.7976],[-105.0347,39.7975],[-105.0358,39.7975],[-105.0358,39.797],[-105.0358,39.7964],[-105.0358,39.7957],[-105.037,39.7958],[-105.0376,39.7955],[-105.0376,39.7934],[-105.0381,39.7934],[-105.0381,39.7929],[-105.0375,39.7929],[-105.0375,39.7915],[-105.0381,39.7915],[-105.0381,39.7911],[-105.0376,39.7911],[-105.0376,39.7892],[-105.0376,39.7874],[-105.0376,39.7856],[-105.0375,39.7847],[-105.0375,39.7839],[-105.0372,39.7839],[-105.037,39.7839],[-105.0358,39.7839],[-105.0352,39.7838],[-105.0346,39.7837],[-105.0346,39.7836],[-105.0346,39.7835],[-105.0335,39.7834],[-105.0325,39.7835],[-105.0317,39.7836],[-105.0309,39.7837],[-105.0305,39.7838],[-105.0289,39.784],[-105.0281,39.7841],[-105.0273,39.7842],[-105.0266,39.7843],[-105.026,39.7843],[-105.0257,39.7844],[-105.0253,39.7844],[-105.0252,39.7844],[-105.0251,39.7844],[-105.025,39.7844],[-105.0244,39.7844],[-105.0239,39.7843],[-105.0233,39.7843],[-105.0222,39.7841],[-105.0218,39.784],[-105.0216,39.784],[-105.0208,39.7838],[-105.0203,39.7838],[-105.0201,39.7837],[-105.0198,39.7837],[-105.0195,39.7837],[-105.0182,39.7837],[-105.0162,39.7837],[-105.0158,39.7837],[-105.0158,39.7836],[-105.0157,39.7836],[-105.0149,39.7836],[-105.0143,39.7835],[-105.0128,39.7835],[-105.0121,39.7835],[-105.0112,39.7835],[-105.0109,39.7835],[-105.0104,39.7834],[-105.0102,39.7834],[-105.0101,39.7834],[-105.0099,39.7834],[-105.0094,39.7834],[-105.0083,39.7833],[-105.0071,39.7831],[-105.0066,39.7831],[-105.0064,39.7831],[-105.0064,39.7832],[-105.0065,39.7833],[-105.0064,39.7837],[-105.0064,39.7838],[-105.0062,39.7838],[-105.0055,39.7838],[-105.0054,39.7838],[-105.0051,39.7838],[-105.0044,39.7838],[-105.0021,39.7838],[-105.0014,39.7838],[-105.0012,39.7838],[-105.0005,39.7838],[-105.0003,39.7838],[-105.0003,39.7848],[-105.0004,39.7867],[-105.0005,39.7877],[-105.0005,39.7884],[-105.0006,39.7885],[-105.0007,39.7886],[-105.0009,39.7886],[-105.0014,39.7886],[-105.0015,39.7886],[-105.0016,39.7886],[-105.0017,39.7887],[-105.0017,39.7888],[-105.0017,39.7889],[-105.0017,39.7891],[-105.0017,39.7905],[-105.0017,39.791],[-105.0,39.791],[-104.9993,39.791],[-104.9992,39.791],[-104.9991,39.791],[-104.999,39.791],[-104.9989,39.791],[-104.9988,39.791],[-104.9987,39.791],[-104.9986,39.791],[-104.9985,39.791],[-104.9984,39.791],[-104.9984,39.7915],[-104.9984,39.7921],[-104.9984,39.7927],[-104.9984,39.7942],[-104.9984,39.7955],[-104.9984,39.796],[-104.9984,39.7968],[-104.9985,39.7971],[-104.9985,39.7972],[-104.9985,39.7975],[-104.9985,39.7976],[-104.9985,39.7978],[-104.9985,39.7979],[-104.9985,39.7981],[-104.9985,39.7982],[-104.9985,39.7984],[-104.9985,39.7986],[-104.9985,39.7988],[-104.9985,39.799],[-104.9985,39.7992],[-104.9985,39.7995],[-104.9986,39.7997],[-104.9986,39.7998],[-104.9987,39.7999],[-104.9988,39.8001],[-104.9989,39.8003],[-104.999,39.8006],[-104.9991,39.8008],[-104.9993,39.8012],[-104.9995,39.8014],[-104.9996,39.8016],[-104.9998,39.8019],[-105.0001,39.8022],[-105.0002,39.8024],[-105.0005,39.8026],[-105.0008,39.8029],[-105.001,39.8031],[-105.0012,39.8032],[-105.0015,39.8034],[-105.002,39.8037],[-105.0021,39.8038],[-105.0023,39.8039],[-105.0025,39.804],[-105.0028,39.8042],[-105.0029,39.8042],[-105.0032,39.8043],[-105.0037,39.8046],[-105.0039,39.8047],[-105.004,39.8048],[-105.0041,39.8048],[-105.0042,39.8048],[-105.0037,39.8051],[-105.0036,39.8051],[-105.0026,39.8051],[-105.0024,39.8051],[-105.0023,39.8051],[-105.002,39.8051],[-105.0016,39.8053],[-105.0013,39.8054],[-105.0012,39.8054],[-105.0011,39.8055],[-105.0005,39.8055],[-105.0001,39.8055],[-104.9991,39.8055],[-104.9969,39.8055],[-104.9968,39.8092],[-104.9968,39.8097],[-104.9973,39.8103],[-104.9975,39.8107],[-104.9974,39.8107],[-104.9968,39.8109],[-104.9964,39.811],[-104.9957,39.8112],[-104.9953,39.8114],[-104.9946,39.8116],[-104.9932,39.8121],[-104.9923,39.8125],[-104.9919,39.8127],[-104.9916,39.8128],[-104.9906,39.8132],[-104.9901,39.8135],[-104.9898,39.8136],[-104.9895,39.8138],[-104.9888,39.8141],[-104.9881,39.8145],[-104.9877,39.8147],[-104.9875,39.8148],[-104.9875,39.8146],[-104.9875,39.8144],[-104.9875,39.8128],[-104.9875,39.8122],[-104.9875,39.8117],[-104.9875,39.8113],[-104.9875,39.8105],[-104.9875,39.81],[-104.9875,39.8091],[-104.9869,39.8091],[-104.9862,39.8091],[-104.9859,39.8092],[-104.9853,39.8092],[-104.9833,39.8092],[-104.9833,39.8102],[-104.9833,39.8116],[-104.9833,39.8128],[-104.9833,39.8147],[-104.9832,39.8167],[-104.9832,39.8171],[-104.9832,39.8173],[-104.9832,39.8175],[-104.9832,39.8176],[-104.9832,39.8181],[-104.9832,39.8182],[-104.9832,39.8183],[-104.9832,39.8208],[-104.9832,39.8209],[-104.9832,39.821],[-104.9832,39.8227],[-104.9832,39.8236],[-104.9832,39.8237],[-104.9832,39.8238],[-104.9832,39.8244],[-104.9831,39.825],[-104.9831,39.8259],[-104.9831,39.8266],[-104.9831,39.827],[-104.9832,39.8274],[-104.9832,39.8276],[-104.9832,39.8277],[-104.9832,39.8278],[-104.9832,39.8279],[-104.9832,39.828],[-104.9832,39.8287],[-104.9833,39.8291],[-104.9833,39.8295],[-104.9833,39.83],[-104.9833,39.8303],[-104.9834,39.8309],[-104.9834,39.8316],[-104.9834,39.8323],[-104.9835,39.8326],[-104.9835,39.8337],[-104.9836,39.8344],[-104.9836,39.8345],[-104.9837,39.8363],[-104.9838,39.8377],[-104.9838,39.8383],[-104.9838,39.8385],[-104.9839,39.8391],[-104.9839,39.84],[-104.984,39.8405],[-104.984,39.8412],[-104.9841,39.8417],[-104.9841,39.8418],[-104.9843,39.8424],[-104.9844,39.8429],[-104.9846,39.8439],[-104.9847,39.8444],[-104.9848,39.8447],[-104.9848,39.8449],[-104.9849,39.8454],[-104.9849,39.8455],[-104.985,39.8459],[-104.9857,39.849],[-104.9857,39.8491],[-104.9864,39.8491],[-104.9871,39.8491],[-104.9877,39.8491],[-104.9881,39.8491],[-104.9897,39.8491],[-104.9897,39.8489],[-104.9897,39.8482],[-104.9897,39.8479],[-104.9897,39.8478],[-104.9907,39.8478],[-104.9907,39.8488],[-104.9907,39.8489],[-104.9916,39.8489],[-104.992,39.8489],[-104.9926,39.8489],[-104.9935,39.8489],[-104.9939,39.8489],[-104.994,39.8489],[-104.994,39.8486],[-104.9941,39.8482],[-104.9943,39.8472],[-104.9944,39.8468],[-104.9945,39.8468],[-104.9949,39.8468],[-104.9958,39.8469],[-104.9962,39.847],[-104.9964,39.847],[-104.9967,39.8471],[-104.9967,39.8472],[-104.9966,39.8475],[-104.9966,39.8478],[-104.9966,39.8481],[-104.9966,39.8487],[-104.9965,39.849],[-104.9965,39.8491],[-104.9966,39.8491],[-104.9967,39.8491],[-104.9973,39.8491],[-104.9977,39.8491],[-104.9986,39.8491],[-104.999,39.8491],[-104.9995,39.8491],[-104.9998,39.8491],[-105.0002,39.8491],[-105.0004,39.8491],[-105.0014,39.8491],[-105.0023,39.8491],[-105.0032,39.8491],[-105.004,39.849],[-105.0049,39.8491],[-105.0056,39.8491],[-105.006,39.8491],[-105.0061,39.8491],[-105.0072,39.8491],[-105.0081,39.8491],[-105.0086,39.8491],[-105.009,39.8491],[-105.0099,39.849],[-105.0104,39.849],[-105.0114,39.849],[-105.0122,39.849],[-105.0124,39.849],[-105.013,39.849],[-105.0133,39.849],[-105.0143,39.849],[-105.0153,39.849],[-105.0153,39.8489],[-105.0153,39.8485],[-105.0154,39.8475],[-105.0154,39.8465],[-105.0154,39.8455],[-105.0154,39.8453],[-105.0155,39.8452],[-105.0157,39.8451],[-105.0164,39.845],[-105.0171,39.8449],[-105.0178,39.845],[-105.0188,39.8451],[-105.0189,39.8418],[-105.0204,39.8418],[-105.0213,39.8418],[-105.0218,39.8418],[-105.0219,39.8418],[-105.0222,39.8418],[-105.0224,39.8418],[-105.0229,39.8418],[-105.0236,39.8418],[-105.0248,39.8418],[-105.0248,39.8411],[-105.0248,39.8407],[-105.0248,39.8403],[-105.0248,39.8392],[-105.0248,39.8385],[-105.0248,39.8382],[-105.0248,39.8375],[-105.0248,39.8364],[-105.0248,39.8362],[-105.0248,39.836],[-105.0236,39.8357],[-105.0234,39.8356],[-105.0221,39.8352],[-105.0213,39.835],[-105.0203,39.8347],[-105.0192,39.8344],[-105.018,39.834],[-105.0168,39.8337],[-105.016,39.8335],[-105.0155,39.8333],[-105.0155,39.8316],[-105.0155,39.8308],[-105.0155,39.8301],[-105.0155,39.8277],[-105.0155,39.8273],[-105.0155,39.8272],[-105.0156,39.8251],[-105.0157,39.8227],[-105.0157,39.8224],[-105.0158,39.822],[-105.0159,39.8221],[-105.016,39.8222],[-105.0161,39.8222],[-105.0162,39.8223],[-105.0163,39.8223],[-105.0164,39.8223],[-105.0166,39.8223],[-105.0171,39.8222],[-105.0181,39.8222],[-105.0183,39.8222],[-105.0185,39.8222],[-105.0189,39.8222],[-105.0198,39.8223],[-105.0201,39.8223],[-105.0209,39.8224],[-105.0214,39.8224],[-105.0216,39.8225],[-105.0217,39.8225],[-105.0218,39.8225],[-105.0219,39.8226],[-105.022,39.8226],[-105.0229,39.8232],[-105.0232,39.8234],[-105.0233,39.8234],[-105.0234,39.8235],[-105.0235,39.8235],[-105.0237,39.8235],[-105.025,39.8236],[-105.0251,39.8236],[-105.0251,39.8227],[-105.0251,39.8226],[-105.0251,39.8223],[-105.0251,39.8219],[-105.0251,39.8208],[-105.0254,39.8209],[-105.0277,39.8221],[-105.0318,39.8241],[-105.0333,39.8241],[-105.0344,39.824],[-105.0344,39.8238],[-105.0344,39.8236],[-105.0344,39.8234],[-105.0345,39.8228],[-105.0345,39.8227],[-105.0345,39.8222],[-105.0345,39.8221],[-105.0345,39.8202],[-105.0346,39.8183],[-105.0346,39.8165],[-105.0346,39.8146],[-105.0347,39.8128],[-105.0347,39.8111],[-105.0347,39.8092],[-105.0347,39.8084],[-105.0347,39.808],[-105.0347,39.8071],[-105.0347,39.8046],[-105.0347,39.8044],[-105.0347,39.8043],[-105.0351,39.8043],[-105.0355,39.8043],[-105.0357,39.8043],[-105.036,39.8043],[-105.0363,39.8043],[-105.0365,39.8043],[-105.0416,39.8046],[-105.042,39.8046],[-105.0423,39.8046],[-105.0428,39.8046],[-105.0431,39.8045],[-105.0434,39.8045],[-105.044,39.8044]]]}},{"type":"Feature","properties":{"zip":"80224","city":"Denver city","area":8.5},"geometry":{"type":"Polygon","coordinates":[[[-104.9223,39.6894],[-104.9223,39.6892],[-104.9223,39.6887],[-104.9223,39.6885],[-104.9223,39.6883],[-104.9223,39.6877],[-104.9223,39.6875],[-104.9223,39.6873],[-104.9223,39.6864],[-104.9223,39.6862],[-104.9223,39.6861],[-104.9223,39.6859],[-104.9223,39.6858],[-104.9222,39.6845],[-104.9222,39.6839],[-104.9222,39.6837],[-104.9222,39.6829],[-104.9222,39.6821],[-104.922,39.6821],[-104.9217,39.6821],[-104.9217,39.682],[-104.9217,39.6817],[-104.9212,39.6816],[-104.9208,39.6816],[-104.9208,39.6812],[-104.9208,39.6803],[-104.918,39.6803],[-104.918,39.6794],[-104.9167,39.6794],[-104.9153,39.6793],[-104.913,39.6791],[-104.9129,39.6791],[-104.9129,39.6787],[-104.9129,39.6785],[-104.9128,39.6785],[-104.9128,39.6784],[-104.9127,39.6784],[-104.9127,39.6783],[-104.912,39.6767],[-104.9112,39.6748],[-104.9128,39.6749],[-104.9128,39.673],[-104.9128,39.6729],[-104.9128,39.6724],[-104.9128,39.6723],[-104.9128,39.6721],[-104.9128,39.6717],[-104.9128,39.6715],[-104.9128,39.6714],[-104.9128,39.671],[-104.9128,39.6708],[-104.9128,39.6707],[-104.9128,39.6702],[-104.9128,39.6701],[-104.9128,39.6698],[-104.9128,39.6691],[-104.9128,39.6689],[-104.9125,39.6686],[-104.9117,39.6679],[-104.9115,39.6676],[-104.9117,39.6676],[-104.9126,39.6676],[-104.9129,39.6676],[-104.9128,39.6675],[-104.9128,39.6674],[-104.9128,39.6665],[-104.9128,39.6662],[-104.9128,39.666],[-104.9128,39.6653],[-104.9128,39.6651],[-104.9128,39.665],[-104.9128,39.6645],[-104.9128,39.6644],[-104.913,39.6644],[-104.913,39.6635],[-104.913,39.6631],[-104.913,39.6627],[-104.913,39.6619],[-104.913,39.6611],[-104.913,39.6603],[-104.913,39.6596],[-104.913,39.6588],[-104.913,39.658],[-104.913,39.6565],[-104.9128,39.6565],[-104.9128,39.6562],[-104.9128,39.656],[-104.9128,39.6546],[-104.9128,39.6541],[-104.9128,39.6539],[-104.9128,39.6533],[-104.9128,39.6532],[-104.9129,39.6531],[-104.9128,39.653],[-104.9128,39.6529],[-104.9129,39.6524],[-104.9128,39.6524],[-104.9092,39.6524],[-104.9091,39.6524],[-104.9091,39.6522],[-104.9091,39.652],[-104.9091,39.6515],[-104.9091,39.6514],[-104.9091,39.6513],[-104.909,39.6512],[-104.909,39.6511],[-104.9089,39.6511],[-104.9087,39.651],[-104.9084,39.6508],[-104.9082,39.6506],[-104.9081,39.6506],[-104.9078,39.6504],[-104.9076,39.6503],[-104.9076,39.6502],[-104.9075,39.6501],[-104.9073,39.6499],[-104.9072,39.6499],[-104.907,39.6497],[-104.9065,39.6501],[-104.9064,39.6502],[-104.9063,39.6503],[-104.9061,39.6506],[-104.906,39.6507],[-104.9059,39.6508],[-104.9057,39.651],[-104.9055,39.651],[-104.9054,39.6511],[-104.9052,39.6512],[-104.905,39.6512],[-104.9044,39.6514],[-104.9045,39.6517],[-104.9046,39.6521],[-104.9047,39.6528],[-104.9047,39.6529],[-104.9047,39.6531],[-104.9039,39.6531],[-104.9035,39.6531],[-104.9029,39.6531],[-104.9016,39.6531],[-104.9009,39.6531],[-104.9008,39.6531],[-104.9009,39.6533],[-104.9009,39.6534],[-104.901,39.6535],[-104.901,39.6536],[-104.9011,39.6537],[-104.9011,39.6538],[-104.9011,39.6539],[-104.9012,39.6539],[-104.9012,39.654],[-104.9013,39.6542],[-104.9014,39.6545],[-104.9015,39.6546],[-104.9015,39.6547],[-104.9016,39.6548],[-104.9016,39.6549],[-104.9017,39.6552],[-104.9018,39.6553],[-104.9019,39.6556],[-104.9021,39.6559],[-104.9021,39.656],[-104.9022,39.6562],[-104.9022,39.6563],[-104.9024,39.6566],[-104.9024,39.6567],[-104.9025,39.6568],[-104.9026,39.6569],[-104.9029,39.6571],[-104.903,39.6572],[-104.9031,39.6573],[-104.9033,39.6574],[-104.9034,39.6576],[-104.9036,39.6577],[-104.9036,39.6578],[-104.9035,39.6578],[-104.9036,39.6579],[-104.9036,39.658],[-104.9036,39.6581],[-104.9036,39.6582],[-104.9036,39.6583],[-104.9036,39.6584],[-104.9035,39.6584],[-104.9036,39.6585],[-104.9036,39.6586],[-104.9036,39.6587],[-104.9036,39.6588],[-104.9036,39.6589],[-104.9037,39.6589],[-104.9037,39.659],[-104.9037,39.6591],[-104.9037,39.6592],[-104.9037,39.6593],[-104.9038,39.6593],[-104.9039,39.6594],[-104.9039,39.6595],[-104.904,39.6595],[-104.9041,39.6595],[-104.9041,39.6596],[-104.9041,39.6597],[-104.9041,39.6598],[-104.9041,39.6599],[-104.9041,39.66],[-104.9041,39.6601],[-104.9041,39.6602],[-104.9037,39.6602],[-104.9036,39.6602],[-104.9028,39.6605],[-104.9028,39.6608],[-104.9027,39.663],[-104.9028,39.665],[-104.9033,39.6654],[-104.9039,39.6662],[-104.9043,39.6666],[-104.9044,39.6668],[-104.9047,39.6674],[-104.9048,39.6676],[-104.9048,39.6678],[-104.905,39.6683],[-104.905,39.6684],[-104.9051,39.6686],[-104.9052,39.6689],[-104.9064,39.6703],[-104.907,39.6713],[-104.9072,39.6719],[-104.9073,39.6723],[-104.9073,39.6727],[-104.9073,39.6733],[-104.9058,39.6734],[-104.9037,39.6734],[-104.9035,39.6734],[-104.9035,39.6738],[-104.9035,39.6741],[-104.9035,39.6745],[-104.9035,39.6746],[-104.9036,39.6767],[-104.9035,39.6779],[-104.9034,39.6786],[-104.9035,39.6803],[-104.9035,39.6821],[-104.9034,39.6839],[-104.9034,39.6848],[-104.9034,39.6849],[-104.9034,39.685],[-104.9034,39.6853],[-104.9034,39.6855],[-104.9034,39.6857],[-104.9035,39.6864],[-104.9035,39.6866],[-104.9035,39.6868],[-104.9035,39.6872],[-104.9035,39.6874],[-104.9035,39.6878],[-104.9035,39.689],[-104.9035,39.6894],[-104.9035,39.6918],[-104.9035,39.6926],[-104.9035,39.693],[-104.9035,39.6931],[-104.9035,39.6932],[-104.9035,39.694],[-104.9035,39.695],[-104.9035,39.6952],[-104.9035,39.6956],[-104.9035,39.6957],[-104.9033,39.6957],[-104.903,39.6957],[-104.9029,39.6957],[-104.9028,39.6956],[-104.9027,39.6956],[-104.9026,39.6956],[-104.9035,39.6966],[-104.9035,39.6975],[-104.9035,39.6982],[-104.9035,39.6984],[-104.9035,39.6985],[-104.9035,39.6989],[-104.9035,39.6997],[-104.9035,39.6998],[-104.9035,39.7001],[-104.9037,39.7001],[-104.9038,39.7001],[-104.9045,39.7001],[-104.9045,39.7002],[-104.9045,39.7023],[-104.9036,39.7027],[-104.9035,39.7027],[-104.9035,39.7031],[-104.9035,39.7039],[-104.9035,39.7046],[-104.9035,39.7068],[-104.9035,39.7075],[-104.9035,39.7083],[-104.9035,39.7086],[-104.9035,39.7105],[-104.9035,39.7111],[-104.9035,39.7113],[-104.9036,39.7114],[-104.9044,39.7114],[-104.9065,39.7114],[-104.9069,39.7114],[-104.9073,39.7114],[-104.9083,39.7114],[-104.9087,39.7114],[-104.9089,39.7114],[-104.9095,39.7114],[-104.9096,39.7114],[-104.9097,39.7114],[-104.91,39.7114],[-104.9101,39.7114],[-104.9095,39.712],[-104.9078,39.7137],[-104.9073,39.7143],[-104.9076,39.7146],[-104.9079,39.7148],[-104.9101,39.7148],[-104.9107,39.7148],[-104.912,39.7148],[-104.9122,39.7148],[-104.9127,39.7148],[-104.9127,39.7151],[-104.9127,39.716],[-104.9127,39.7163],[-104.9127,39.7164],[-104.9127,39.717],[-104.9127,39.7172],[-104.9127,39.7173],[-104.9128,39.7173],[-104.9129,39.7173],[-104.9134,39.7175],[-104.9136,39.7175],[-104.9137,39.7175],[-104.914,39.7175],[-104.9147,39.7175],[-104.915,39.7175],[-104.9151,39.7175],[-104.9154,39.7174],[-104.9156,39.7174],[-104.9159,39.7173],[-104.916,39.7173],[-104.9161,39.7173],[-104.9165,39.7171],[-104.9166,39.7171],[-104.9167,39.717],[-104.9168,39.717],[-104.917,39.7168],[-104.9171,39.7168],[-104.9172,39.7167],[-104.9173,39.7166],[-104.9173,39.7164],[-104.9174,39.7163],[-104.9175,39.7161],[-104.9175,39.7159],[-104.9177,39.7159],[-104.9184,39.716],[-104.9186,39.7161],[-104.9186,39.716],[-104.9186,39.7159],[-104.9187,39.7159],[-104.9191,39.716],[-104.9191,39.7161],[-104.9195,39.7162],[-104.9197,39.7161],[-104.9201,39.7162],[-104.9202,39.716],[-104.9207,39.7161],[-104.9208,39.7161],[-104.9213,39.7163],[-104.9215,39.7159],[-104.9216,39.7156],[-104.9217,39.7148],[-104.9217,39.7147],[-104.922,39.7147],[-104.9223,39.7147],[-104.9223,39.7144],[-104.9223,39.7134],[-104.9223,39.7131],[-104.9223,39.7127],[-104.9222,39.7127],[-104.9219,39.7127],[-104.9217,39.7127],[-104.9217,39.7121],[-104.9217,39.7115],[-104.9217,39.7113],[-104.922,39.7113],[-104.9221,39.7113],[-104.9223,39.7113],[-104.9223,39.7112],[-104.9223,39.7109],[-104.9223,39.7108],[-104.9217,39.7108],[-104.9217,39.7095],[-104.9223,39.7095],[-104.9223,39.7093],[-104.922,39.7093],[-104.9217,39.7093],[-104.9217,39.7092],[-104.9217,39.7077],[-104.9223,39.7077],[-104.9223,39.7076],[-104.9223,39.7073],[-104.9218,39.7072],[-104.9215,39.7072],[-104.9211,39.7071],[-104.921,39.707],[-104.9209,39.707],[-104.9206,39.7069],[-104.9206,39.706],[-104.9206,39.7056],[-104.9209,39.7055],[-104.9211,39.7049],[-104.9211,39.7039],[-104.9211,39.7002],[-104.9211,39.6987],[-104.9214,39.6988],[-104.9216,39.6988],[-104.9216,39.6985],[-104.9216,39.6978],[-104.9216,39.6976],[-104.9216,39.6974],[-104.9216,39.6973],[-104.9217,39.6971],[-104.9217,39.697],[-104.9218,39.6968],[-104.9219,39.6966],[-104.9219,39.6965],[-104.922,39.6964],[-104.922,39.6963],[-104.9221,39.6963],[-104.9221,39.6962],[-104.9222,39.696],[-104.9223,39.6959],[-104.9223,39.6957],[-104.9223,39.6956],[-104.9223,39.6953],[-104.9223,39.6951],[-104.9223,39.6949],[-104.9223,39.6947],[-104.9223,39.6944],[-104.9223,39.6942],[-104.9223,39.694],[-104.9223,39.6932],[-104.9223,39.693],[-104.9223,39.6929],[-104.9223,39.6924],[-104.9223,39.6923],[-104.9223,39.6921],[-104.9223,39.6917],[-104.9223,39.6915],[-104.9223,39.6911],[-104.9223,39.6898],[-104.9223,39.6894]]]}},{"type":"Feature","properties":{"zip":"80230","city":"Denver city","area":7.1},"geometry":{"type":"Polygon","coordinates":[[[-104.9128,39.7184],[-104.9127,39.7183],[-104.9127,39.7182],[-104.9127,39.7175],[-104.9127,39.7173],[-104.9127,39.7172],[-104.9127,39.717],[-104.9127,39.7164],[-104.9127,39.7163],[-104.9127,39.716],[-104.9127,39.7151],[-104.9127,39.7148],[-104.9122,39.7148],[-104.912,39.7148],[-104.9107,39.7148],[-104.9101,39.7148],[-104.9079,39.7148],[-104.9076,39.7146],[-104.9073,39.7143],[-104.9078,39.7137],[-104.9095,39.712],[-104.9101,39.7114],[-104.91,39.7114],[-104.9097,39.7114],[-104.9096,39.7114],[-104.9095,39.7114],[-104.9089,39.7114],[-104.9087,39.7114],[-104.9083,39.7114],[-104.9073,39.7114],[-104.9069,39.7114],[-104.9065,39.7114],[-104.9044,39.7114],[-104.9036,39.7114],[-104.9035,39.7113],[-104.9034,39.7112],[-104.9017,39.7112],[-104.8929,39.7112],[-104.8926,39.7112],[-104.8924,39.7111],[-104.8921,39.711],[-104.8919,39.7109],[-104.8916,39.7107],[-104.891,39.7104],[-104.8898,39.7097],[-104.8887,39.7089],[-104.8876,39.7082],[-104.8871,39.7079],[-104.8868,39.7078],[-104.8865,39.7076],[-104.8862,39.7074],[-104.886,39.7073],[-104.8858,39.7072],[-104.8856,39.7071],[-104.8854,39.7071],[-104.8853,39.7072],[-104.8851,39.7071],[-104.8849,39.7071],[-104.8848,39.7071],[-104.8847,39.7071],[-104.8844,39.707],[-104.8842,39.707],[-104.884,39.707],[-104.8836,39.7071],[-104.8835,39.7071],[-104.8832,39.7072],[-104.8826,39.7073],[-104.882,39.7074],[-104.8819,39.7075],[-104.8807,39.7078],[-104.8797,39.708],[-104.879,39.7082],[-104.8783,39.7083],[-104.8761,39.7089],[-104.8754,39.709],[-104.8744,39.7093],[-104.8733,39.7095],[-104.8716,39.7099],[-104.8707,39.7102],[-104.8706,39.7102],[-104.8706,39.7112],[-104.8706,39.7122],[-104.8706,39.718],[-104.8706,39.7182],[-104.8708,39.7182],[-104.8717,39.7182],[-104.8729,39.7182],[-104.8737,39.7182],[-104.874,39.7182],[-104.8742,39.7182],[-104.8743,39.7182],[-104.8745,39.7182],[-104.8746,39.7183],[-104.8747,39.7183],[-104.8748,39.7184],[-104.8749,39.7184],[-104.875,39.7185],[-104.8751,39.7186],[-104.8752,39.7187],[-104.8753,39.7188],[-104.8753,39.7189],[-104.8753,39.7192],[-104.8753,39.7197],[-104.8753,39.7201],[-104.8753,39.7232],[-104.8753,39.7256],[-104.8753,39.7263],[-104.8753,39.7271],[-104.8753,39.7292],[-104.8753,39.7293],[-104.8753,39.731],[-104.8753,39.7329],[-104.8765,39.7329],[-104.8776,39.7328],[-104.8788,39.7328],[-104.88,39.733],[-104.8812,39.7328],[-104.8821,39.7328],[-104.8824,39.7328],[-104.8835,39.7328],[-104.8842,39.7328],[-104.8847,39.7328],[-104.8848,39.7328],[-104.885,39.7328],[-104.8851,39.7328],[-104.8853,39.7328],[-104.8857,39.7328],[-104.8859,39.7328],[-104.8861,39.7328],[-104.8868,39.7329],[-104.887,39.7329],[-104.8873,39.7329],[-104.888,39.7329],[-104.8881,39.7329],[-104.8882,39.7329],[-104.8885,39.7329],[-104.8892,39.7328],[-104.8894,39.7328],[-104.8897,39.7328],[-104.8904,39.7329],[-104.8906,39.7329],[-104.8907,39.7329],[-104.8912,39.7329],[-104.8913,39.7329],[-104.8928,39.7329],[-104.8934,39.7329],[-104.8941,39.7329],[-104.8944,39.7329],[-104.8952,39.7329],[-104.896,39.7329],[-104.8965,39.7329],[-104.8969,39.7329],[-104.8973,39.7329],[-104.8976,39.7329],[-104.8978,39.7329],[-104.8988,39.7329],[-104.899,39.7329],[-104.8997,39.7329],[-104.8999,39.7329],[-104.9001,39.7329],[-104.9008,39.7329],[-104.901,39.7329],[-104.9012,39.7329],[-104.9017,39.7329],[-104.9019,39.7329],[-104.902,39.7329],[-104.9022,39.7329],[-104.9028,39.7329],[-104.9029,39.7329],[-104.903,39.7329],[-104.9034,39.7329],[-104.9035,39.7329],[-104.9035,39.7327],[-104.9035,39.7321],[-104.9035,39.7318],[-104.9035,39.7317],[-104.9035,39.7313],[-104.9035,39.7312],[-104.9035,39.7307],[-104.9035,39.73],[-104.9035,39.7298],[-104.9035,39.7293],[-104.9035,39.7292],[-104.9035,39.7288],[-104.9035,39.7287],[-104.9035,39.7286],[-104.9035,39.7284],[-104.9035,39.7283],[-104.9035,39.7282],[-104.9035,39.7281],[-104.9035,39.728],[-104.9035,39.7276],[-104.9035,39.7275],[-104.9035,39.7274],[-104.9035,39.727],[-104.9035,39.7269],[-104.9035,39.7267],[-104.9035,39.7266],[-104.9034,39.7259],[-104.9034,39.7256],[-104.9035,39.7253],[-104.9035,39.7248],[-104.9035,39.7233],[-104.9035,39.7232],[-104.9035,39.7224],[-104.9035,39.7222],[-104.9035,39.722],[-104.9035,39.7218],[-104.9035,39.7216],[-104.9035,39.7214],[-104.9035,39.7211],[-104.9035,39.7203],[-104.9035,39.7197],[-104.9035,39.7195],[-104.9036,39.7194],[-104.9036,39.7193],[-104.9036,39.7192],[-104.9036,39.7191],[-104.9036,39.7189],[-104.9037,39.7187],[-104.9037,39.7185],[-104.9037,39.7184],[-104.9039,39.7184],[-104.9044,39.7184],[-104.9047,39.7184],[-104.905,39.7184],[-104.9055,39.7184],[-104.9072,39.7184],[-104.9078,39.7184],[-104.9079,39.7184],[-104.908,39.7184],[-104.9086,39.7184],[-104.9088,39.7184],[-104.909,39.7184],[-104.9095,39.7184],[-104.9097,39.7184],[-104.9099,39.7184],[-104.9105,39.7184],[-104.9107,39.7184],[-104.9108,39.7184],[-104.911,39.7184],[-104.9115,39.7184],[-104.9116,39.7184],[-104.9119,39.7184],[-104.9126,39.7184],[-104.9128,39.7184]]]}},{"type":"Feature","properties":{"zip":"80222","city":"Denver city","area":9.9},"geometry":{"type":"Polygon","coordinates":[[[-104.943,39.6893],[-104.943,39.689],[-104.943,39.6879],[-104.943,39.6875],[-104.943,39.6871],[-104.943,39.686],[-104.943,39.6857],[-104.9428,39.6857],[-104.9421,39.6857],[-104.9418,39.6857],[-104.9416,39.6857],[-104.9409,39.6857],[-104.9408,39.6857],[-104.9408,39.6848],[-104.9407,39.6839],[-104.9407,39.6836],[-104.9407,39.6832],[-104.9407,39.683],[-104.9406,39.6829],[-104.9404,39.6829],[-104.9404,39.6828],[-104.9404,39.6824],[-104.9404,39.682],[-104.9405,39.6817],[-104.9406,39.681],[-104.9407,39.6802],[-104.9407,39.6801],[-104.9407,39.6798],[-104.9407,39.6787],[-104.9407,39.6784],[-104.9407,39.678],[-104.9407,39.677],[-104.9407,39.6766],[-104.9407,39.6762],[-104.9407,39.6752],[-104.9407,39.6748],[-104.9409,39.6748],[-104.9415,39.6748],[-104.9417,39.6748],[-104.9422,39.6748],[-104.943,39.6748],[-104.943,39.6735],[-104.943,39.6694],[-104.943,39.6692],[-104.943,39.669],[-104.943,39.6687],[-104.943,39.6684],[-104.943,39.6683],[-104.943,39.6682],[-104.9429,39.6681],[-104.9429,39.668],[-104.9428,39.6679],[-104.9428,39.6678],[-104.9428,39.6676],[-104.9426,39.6676],[-104.9423,39.6676],[-104.942,39.6676],[-104.9418,39.6676],[-104.9416,39.6676],[-104.9413,39.6676],[-104.9413,39.6675],[-104.9413,39.6656],[-104.9413,39.6655],[-104.9413,39.6639],[-104.9418,39.6639],[-104.9418,39.6637],[-104.9418,39.6632],[-104.9418,39.6631],[-104.9419,39.6626],[-104.9419,39.6625],[-104.9417,39.6625],[-104.9409,39.6625],[-104.9407,39.6625],[-104.9407,39.6621],[-104.9407,39.6611],[-104.9407,39.6608],[-104.9407,39.6607],[-104.9407,39.6604],[-104.9407,39.6603],[-104.9407,39.6601],[-104.9406,39.6597],[-104.9406,39.6596],[-104.9406,39.6595],[-104.9406,39.6593],[-104.9406,39.6582],[-104.9406,39.6575],[-104.9406,39.6555],[-104.9406,39.6549],[-104.9406,39.6545],[-104.9406,39.6544],[-104.9407,39.653],[-104.9402,39.653],[-104.9398,39.653],[-104.9386,39.653],[-104.9374,39.653],[-104.9363,39.653],[-104.9362,39.653],[-104.9354,39.653],[-104.9351,39.653],[-104.934,39.653],[-104.9339,39.653],[-104.9328,39.653],[-104.9326,39.653],[-104.9319,39.653],[-104.9317,39.653],[-104.9314,39.6528],[-104.9305,39.6521],[-104.9302,39.6518],[-104.93,39.6517],[-104.9295,39.6514],[-104.9294,39.6512],[-104.9292,39.6511],[-104.929,39.6509],[-104.9289,39.651],[-104.9277,39.652],[-104.9277,39.6529],[-104.9277,39.653],[-104.9272,39.653],[-104.9262,39.6531],[-104.9261,39.6531],[-104.9252,39.6531],[-104.925,39.6531],[-104.9242,39.6531],[-104.924,39.6531],[-104.9237,39.6531],[-104.923,39.6531],[-104.9228,39.6531],[-104.9227,39.6531],[-104.9225,39.6531],[-104.9223,39.6531],[-104.9219,39.6531],[-104.9217,39.6531],[-104.9215,39.6531],[-104.9207,39.6531],[-104.9205,39.6531],[-104.9204,39.6531],[-104.9202,39.6531],[-104.9201,39.6531],[-104.9199,39.6531],[-104.9193,39.6531],[-104.9192,39.6531],[-104.919,39.6531],[-104.9186,39.6531],[-104.9184,39.6531],[-104.9183,39.6531],[-104.9181,39.6528],[-104.9173,39.6512],[-104.9171,39.6512],[-104.9161,39.6512],[-104.9151,39.6512],[-104.9151,39.6511],[-104.9143,39.6511],[-104.9139,39.6511],[-104.9131,39.6511],[-104.913,39.6518],[-104.913,39.652],[-104.9129,39.652],[-104.9129,39.6522],[-104.9129,39.6524],[-104.9128,39.6529],[-104.9128,39.653],[-104.9129,39.6531],[-104.9128,39.6532],[-104.9128,39.6533],[-104.9128,39.6539],[-104.9128,39.6541],[-104.9128,39.6546],[-104.9128,39.656],[-104.9128,39.6562],[-104.9128,39.6565],[-104.913,39.6565],[-104.913,39.658],[-104.913,39.6588],[-104.913,39.6596],[-104.913,39.6603],[-104.913,39.6611],[-104.913,39.6619],[-104.913,39.6627],[-104.913,39.6631],[-104.913,39.6635],[-104.913,39.6644],[-104.9128,39.6644],[-104.9128,39.6645],[-104.9128,39.665],[-104.9128,39.6651],[-104.9128,39.6653],[-104.9128,39.666],[-104.9128,39.6662],[-104.9128,39.6665],[-104.9128,39.6674],[-104.9128,39.6675],[-104.9129,39.6676],[-104.9126,39.6676],[-104.9117,39.6676],[-104.9115,39.6676],[-104.9117,39.6679],[-104.9125,39.6686],[-104.9128,39.6689],[-104.9128,39.6691],[-104.9128,39.6698],[-104.9128,39.6701],[-104.9128,39.6702],[-104.9128,39.6707],[-104.9128,39.6708],[-104.9128,39.671],[-104.9128,39.6714],[-104.9128,39.6715],[-104.9128,39.6717],[-104.9128,39.6721],[-104.9128,39.6723],[-104.9128,39.6724],[-104.9128,39.6729],[-104.9128,39.673],[-104.9128,39.6749],[-104.9112,39.6748],[-104.912,39.6767],[-104.9127,39.6783],[-104.9127,39.6784],[-104.9128,39.6784],[-104.9128,39.6785],[-104.9129,39.6785],[-104.9129,39.6787],[-104.9129,39.6791],[-104.913,39.6791],[-104.9153,39.6793],[-104.9167,39.6794],[-104.918,39.6794],[-104.918,39.6803],[-104.9208,39.6803],[-104.9208,39.6812],[-104.9208,39.6816],[-104.9212,39.6816],[-104.9217,39.6817],[-104.9217,39.682],[-104.9217,39.6821],[-104.922,39.6821],[-104.9222,39.6821],[-104.9222,39.6829],[-104.9222,39.6837],[-104.9222,39.6839],[-104.9222,39.6845],[-104.9223,39.6858],[-104.9223,39.6859],[-104.9223,39.6861],[-104.9223,39.6862],[-104.9223,39.6864],[-104.9223,39.6873],[-104.9223,39.6875],[-104.9223,39.6877],[-104.9223,39.6883],[-104.9223,39.6885],[-104.9223,39.6887],[-104.9223,39.6892],[-104.9223,39.6894],[-104.9223,39.6898],[-104.9223,39.6911],[-104.9223,39.6915],[-104.9223,39.6917],[-104.9223,39.6921],[-104.9223,39.6923],[-104.9223,39.6924],[-104.9223,39.6929],[-104.9223,39.693],[-104.9234,39.693],[-104.9244,39.693],[-104.9255,39.693],[-104.9257,39.693],[-104.9263,39.693],[-104.9265,39.693],[-104.9267,39.693],[-104.9273,39.693],[-104.9275,39.693],[-104.9277,39.693],[-104.9283,39.693],[-104.9285,39.693],[-104.9288,39.693],[-104.9294,39.693],[-104.9296,39.693],[-104.9306,39.693],[-104.9317,39.693],[-104.9321,39.693],[-104.9321,39.6924],[-104.9351,39.6924],[-104.9351,39.6928],[-104.9351,39.693],[-104.9353,39.693],[-104.936,39.693],[-104.9362,39.693],[-104.9365,39.693],[-104.9369,39.693],[-104.9371,39.693],[-104.9374,39.693],[-104.938,39.693],[-104.94,39.6929],[-104.9406,39.6929],[-104.9407,39.6929],[-104.9409,39.6929],[-104.9416,39.6929],[-104.9419,39.6929],[-104.9421,39.6929],[-104.9428,39.6929],[-104.943,39.6929],[-104.943,39.6922],[-104.943,39.6912],[-104.9425,39.6912],[-104.9425,39.6903],[-104.9419,39.6903],[-104.9419,39.6894],[-104.9419,39.6893],[-104.9425,39.6893],[-104.943,39.6893]]]}},{"type":"Feature","properties":{"zip":"80226","city":"Lakewood city","area":21.0},"geometry":{"type":"Polygon","coordinates":[[[-105.1312,39.7248],[-105.1311,39.7246],[-105.1311,39.7242],[-105.1308,39.7229],[-105.1308,39.718],[-105.1307,39.718],[-105.1307,39.7149],[-105.1309,39.7146],[-105.1308,39.7111],[-105.1307,39.7109],[-105.1305,39.7106],[-105.1303,39.7107],[-105.1295,39.7108],[-105.1294,39.7108],[-105.1285,39.7109],[-105.1285,39.7099],[-105.1285,39.7088],[-105.1285,39.7074],[-105.1285,39.705],[-105.1285,39.7037],[-105.1285,39.7018],[-105.1285,39.7013],[-105.1285,39.6999],[-105.1282,39.6999],[-105.1278,39.6998],[-105.128,39.6993],[-105.128,39.6991],[-105.128,39.6989],[-105.128,39.6981],[-105.128,39.6973],[-105.128,39.6965],[-105.1256,39.6965],[-105.125,39.6965],[-105.1243,39.6965],[-105.1239,39.6965],[-105.1231,39.6965],[-105.1223,39.6965],[-105.1214,39.6964],[-105.1213,39.6964],[-105.1212,39.6964],[-105.121,39.6964],[-105.1199,39.6964],[-105.1196,39.6964],[-105.1195,39.6964],[-105.118,39.6965],[-105.118,39.6957],[-105.1195,39.6953],[-105.1201,39.6945],[-105.1202,39.694],[-105.1199,39.6926],[-105.1197,39.6925],[-105.1191,39.6918],[-105.1188,39.6916],[-105.119,39.6913],[-105.1185,39.6911],[-105.1178,39.6909],[-105.1172,39.6905],[-105.1169,39.6903],[-105.1164,39.6909],[-105.1155,39.6918],[-105.1142,39.6931],[-105.1138,39.6936],[-105.1136,39.6939],[-105.1135,39.694],[-105.1133,39.6943],[-105.1132,39.6945],[-105.113,39.695],[-105.1123,39.6966],[-105.112,39.6966],[-105.1107,39.6966],[-105.1102,39.6965],[-105.1097,39.6965],[-105.1085,39.6966],[-105.1076,39.6966],[-105.1066,39.6966],[-105.1056,39.6966],[-105.1044,39.6966],[-105.1035,39.6966],[-105.1025,39.6966],[-105.1016,39.6966],[-105.1004,39.6965],[-105.0991,39.6965],[-105.0989,39.6965],[-105.0984,39.6965],[-105.0966,39.6965],[-105.0962,39.6965],[-105.0956,39.6965],[-105.0946,39.6965],[-105.0932,39.6965],[-105.0918,39.6965],[-105.0905,39.6965],[-105.0896,39.6965],[-105.0886,39.6966],[-105.0884,39.6966],[-105.0874,39.6966],[-105.0862,39.6965],[-105.0849,39.6966],[-105.084,39.6966],[-105.0827,39.6966],[-105.0815,39.6966],[-105.0815,39.6965],[-105.0816,39.6958],[-105.0808,39.6958],[-105.0805,39.6958],[-105.0799,39.6958],[-105.0795,39.6958],[-105.0789,39.6958],[-105.0788,39.6958],[-105.0787,39.6958],[-105.0781,39.6963],[-105.078,39.6964],[-105.0777,39.6964],[-105.0778,39.6965],[-105.0778,39.6966],[-105.0773,39.6966],[-105.0761,39.6966],[-105.0751,39.6967],[-105.0749,39.6966],[-105.0743,39.6967],[-105.0741,39.6966],[-105.074,39.6966],[-105.0738,39.6966],[-105.0736,39.6965],[-105.0732,39.6962],[-105.0728,39.696],[-105.0726,39.696],[-105.0721,39.6959],[-105.0716,39.6959],[-105.0712,39.6959],[-105.0711,39.696],[-105.071,39.696],[-105.0708,39.6961],[-105.0705,39.6963],[-105.0701,39.6965],[-105.0697,39.6966],[-105.0695,39.6967],[-105.0693,39.6967],[-105.0691,39.6967],[-105.0681,39.6967],[-105.0674,39.6967],[-105.0656,39.6967],[-105.0637,39.6967],[-105.0629,39.6967],[-105.0627,39.6967],[-105.0618,39.6967],[-105.0609,39.6967],[-105.0607,39.6968],[-105.0599,39.6968],[-105.059,39.6968],[-105.0584,39.6968],[-105.058,39.6968],[-105.0572,39.6968],[-105.0553,39.6968],[-105.0535,39.6967],[-105.0532,39.6968],[-105.0532,39.6969],[-105.0532,39.6975],[-105.0531,39.6975],[-105.0525,39.698],[-105.0522,39.698],[-105.0521,39.698],[-105.0521,39.6995],[-105.0521,39.6999],[-105.0527,39.6999],[-105.0527,39.7004],[-105.0532,39.7004],[-105.0532,39.7023],[-105.0532,39.7026],[-105.0532,39.7027],[-105.0532,39.7031],[-105.0532,39.7033],[-105.0532,39.704],[-105.0533,39.7045],[-105.0533,39.705],[-105.0532,39.7058],[-105.0532,39.7059],[-105.0532,39.706],[-105.0532,39.7067],[-105.0533,39.7069],[-105.0533,39.7071],[-105.0533,39.7075],[-105.0533,39.7077],[-105.0528,39.7077],[-105.0526,39.7077],[-105.0526,39.7086],[-105.0526,39.7087],[-105.0527,39.7087],[-105.0527,39.709],[-105.0525,39.7091],[-105.0523,39.7091],[-105.0523,39.7092],[-105.0528,39.7092],[-105.0528,39.7095],[-105.0528,39.7096],[-105.0533,39.7096],[-105.0533,39.7097],[-105.0533,39.7102],[-105.0533,39.7103],[-105.0533,39.7113],[-105.0533,39.7119],[-105.0526,39.7119],[-105.0526,39.7133],[-105.0526,39.7143],[-105.0524,39.7149],[-105.0524,39.715],[-105.0524,39.7151],[-105.0524,39.7166],[-105.0524,39.7167],[-105.0524,39.7181],[-105.0525,39.7182],[-105.0528,39.7182],[-105.053,39.7183],[-105.0531,39.7183],[-105.0532,39.7184],[-105.0533,39.7184],[-105.0533,39.7185],[-105.0533,39.7186],[-105.0533,39.7187],[-105.0531,39.7187],[-105.0521,39.7187],[-105.0521,39.719],[-105.0521,39.7191],[-105.0521,39.7203],[-105.0521,39.7204],[-105.0523,39.7204],[-105.0529,39.7204],[-105.0528,39.7207],[-105.0525,39.7207],[-105.0525,39.7209],[-105.0526,39.7214],[-105.0527,39.7214],[-105.0526,39.7222],[-105.0526,39.7223],[-105.0526,39.7229],[-105.0526,39.7231],[-105.0526,39.724],[-105.0529,39.724],[-105.0533,39.7241],[-105.0532,39.7249],[-105.0532,39.7253],[-105.0532,39.7254],[-105.0532,39.7256],[-105.0533,39.7258],[-105.0541,39.7258],[-105.0576,39.7258],[-105.0582,39.7258],[-105.0588,39.7257],[-105.0613,39.7257],[-105.0627,39.7257],[-105.0627,39.7256],[-105.0627,39.7255],[-105.0639,39.7255],[-105.065,39.7254],[-105.0654,39.7254],[-105.0654,39.725],[-105.0674,39.725],[-105.0674,39.7249],[-105.0689,39.7249],[-105.0689,39.7253],[-105.0689,39.7254],[-105.0698,39.7254],[-105.0698,39.7249],[-105.0709,39.725],[-105.0741,39.7246],[-105.0742,39.7246],[-105.0745,39.7246],[-105.0745,39.7245],[-105.0749,39.7245],[-105.0749,39.725],[-105.0749,39.7252],[-105.0749,39.7254],[-105.0752,39.7254],[-105.0755,39.7254],[-105.0755,39.7255],[-105.0761,39.7255],[-105.077,39.7255],[-105.0793,39.7255],[-105.081,39.7255],[-105.0815,39.7255],[-105.0815,39.7256],[-105.0817,39.7256],[-105.0843,39.7256],[-105.0849,39.7256],[-105.0874,39.7256],[-105.088,39.7256],[-105.0896,39.7256],[-105.0909,39.7256],[-105.0909,39.7255],[-105.0909,39.7253],[-105.0916,39.7253],[-105.0917,39.7253],[-105.092,39.7253],[-105.0932,39.7253],[-105.0942,39.7253],[-105.0952,39.7253],[-105.0963,39.7253],[-105.0966,39.7253],[-105.0974,39.7253],[-105.0973,39.7241],[-105.0973,39.724],[-105.1002,39.724],[-105.1002,39.7247],[-105.1002,39.7251],[-105.1002,39.7254],[-105.104,39.7254],[-105.1055,39.7254],[-105.1079,39.7254],[-105.109,39.7254],[-105.1096,39.7254],[-105.1097,39.7254],[-105.1098,39.7254],[-105.1103,39.7254],[-105.1121,39.7254],[-105.1128,39.7254],[-105.1187,39.7254],[-105.121,39.7253],[-105.122,39.7253],[-105.1222,39.7253],[-105.1253,39.7253],[-105.1306,39.7253],[-105.1308,39.7251],[-105.131,39.7249],[-105.1312,39.7248]]]}},{"type":"Feature","properties":{"zip":"80266","city":"Denver city","area":0.4},"geometry":{"type":"Polygon","coordinates":[[[-104.9033,39.7935],[-104.9033,39.7931],[-104.9032,39.7883],[-104.9027,39.7878],[-104.9023,39.7875],[-104.9018,39.7872],[-104.9011,39.7869],[-104.9006,39.7867],[-104.9003,39.7865],[-104.8999,39.7861],[-104.8996,39.7856],[-104.8989,39.7856],[-104.8978,39.7856],[-104.8976,39.7856],[-104.8979,39.7866],[-104.898,39.7867],[-104.898,39.7868],[-104.898,39.7871],[-104.8977,39.7914],[-104.8976,39.7918],[-104.8976,39.7922],[-104.8976,39.7924],[-104.8975,39.7926],[-104.8974,39.7928],[-104.8974,39.7931],[-104.8974,39.7934],[-104.8981,39.7934],[-104.8982,39.7934],[-104.9007,39.7934],[-104.9008,39.7934],[-104.9009,39.7934],[-104.9013,39.7934],[-104.9015,39.7934],[-104.9019,39.7935],[-104.9023,39.7935],[-104.9025,39.7935],[-104.9027,39.7935],[-104.903,39.7935],[-104.9033,39.7935]]]}},{"type":"Feature","properties":{"zip":"80232","city":"Lakewood city","area":10.1},"geometry":{"type":"Polygon","coordinates":[[[-105.1294,39.6965],[-105.1294,39.6961],[-105.1293,39.6959],[-105.1293,39.6958],[-105.1291,39.6956],[-105.129,39.6955],[-105.1288,39.6952],[-105.1287,39.6951],[-105.1287,39.695],[-105.1287,39.6949],[-105.1286,39.6948],[-105.1286,39.6945],[-105.1286,39.6937],[-105.1286,39.693],[-105.1287,39.6922],[-105.1286,39.6915],[-105.1286,39.6912],[-105.1286,39.6911],[-105.1286,39.6908],[-105.1286,39.6899],[-105.1286,39.6891],[-105.1286,39.6885],[-105.1286,39.6874],[-105.1286,39.6866],[-105.1287,39.6859],[-105.1286,39.6851],[-105.1286,39.6844],[-105.1287,39.684],[-105.1289,39.6837],[-105.129,39.6836],[-105.1292,39.6835],[-105.1293,39.6833],[-105.1293,39.6831],[-105.1294,39.6821],[-105.1293,39.6821],[-105.1291,39.6821],[-105.1285,39.6821],[-105.1283,39.6821],[-105.1241,39.6821],[-105.1235,39.6821],[-105.1234,39.6821],[-105.1233,39.6821],[-105.1222,39.6821],[-105.1211,39.6821],[-105.1206,39.6821],[-105.1203,39.6821],[-105.1201,39.6821],[-105.12,39.6821],[-105.1198,39.6821],[-105.118,39.6821],[-105.118,39.6815],[-105.1179,39.6815],[-105.1174,39.6815],[-105.1174,39.6813],[-105.1168,39.6814],[-105.1165,39.6815],[-105.1157,39.6816],[-105.1156,39.6816],[-105.1149,39.6814],[-105.1149,39.6812],[-105.1114,39.6815],[-105.1104,39.6816],[-105.1103,39.6816],[-105.1104,39.682],[-105.1104,39.6821],[-105.11,39.6821],[-105.1097,39.6821],[-105.1097,39.6808],[-105.1058,39.6808],[-105.1057,39.6809],[-105.1056,39.6809],[-105.1056,39.6811],[-105.1056,39.6821],[-105.1048,39.6822],[-105.1034,39.6821],[-105.1016,39.6822],[-105.1007,39.6822],[-105.1002,39.6822],[-105.1002,39.6814],[-105.0993,39.6814],[-105.0994,39.6809],[-105.0991,39.6809],[-105.0981,39.6813],[-105.098,39.6813],[-105.0979,39.6814],[-105.0962,39.6814],[-105.0963,39.6822],[-105.0959,39.6822],[-105.0954,39.6822],[-105.0939,39.6822],[-105.0929,39.6822],[-105.0918,39.6822],[-105.0908,39.6822],[-105.0884,39.6822],[-105.0872,39.6822],[-105.087,39.6822],[-105.0864,39.6822],[-105.0861,39.6822],[-105.0814,39.6822],[-105.0814,39.6821],[-105.0814,39.6818],[-105.0815,39.6789],[-105.0811,39.6789],[-105.0804,39.6789],[-105.0802,39.6789],[-105.0801,39.6789],[-105.08,39.6789],[-105.0799,39.6788],[-105.0795,39.6785],[-105.0792,39.6785],[-105.0791,39.6784],[-105.0777,39.6784],[-105.0777,39.6795],[-105.0777,39.6796],[-105.0777,39.6797],[-105.0777,39.6798],[-105.0777,39.6799],[-105.0776,39.6799],[-105.0776,39.68],[-105.0776,39.6801],[-105.0775,39.6801],[-105.0775,39.6802],[-105.0774,39.6802],[-105.0774,39.6803],[-105.0773,39.6803],[-105.0773,39.6804],[-105.0772,39.6804],[-105.0771,39.6805],[-105.077,39.6806],[-105.0769,39.6806],[-105.0771,39.6809],[-105.0771,39.681],[-105.0772,39.681],[-105.0772,39.6811],[-105.0775,39.6813],[-105.0776,39.6814],[-105.0777,39.6815],[-105.0777,39.6816],[-105.0778,39.6817],[-105.0778,39.6818],[-105.0778,39.6822],[-105.077,39.6822],[-105.0761,39.6822],[-105.075,39.6822],[-105.0741,39.6822],[-105.0731,39.6822],[-105.072,39.6822],[-105.07,39.6822],[-105.0697,39.6822],[-105.0697,39.6808],[-105.0698,39.6804],[-105.0697,39.6799],[-105.0699,39.677],[-105.0698,39.6769],[-105.0697,39.6769],[-105.0696,39.6769],[-105.0696,39.6771],[-105.0695,39.6771],[-105.0693,39.6771],[-105.0691,39.6771],[-105.0685,39.6771],[-105.0678,39.6771],[-105.0677,39.6771],[-105.0675,39.6771],[-105.0672,39.677],[-105.0671,39.6772],[-105.0672,39.6777],[-105.0672,39.6781],[-105.0672,39.6782],[-105.0667,39.6781],[-105.0667,39.6787],[-105.0678,39.6787],[-105.0678,39.6778],[-105.0683,39.6778],[-105.0684,39.6796],[-105.0677,39.6796],[-105.0667,39.6805],[-105.0669,39.682],[-105.067,39.6822],[-105.0664,39.6822],[-105.066,39.6822],[-105.0657,39.6822],[-105.0644,39.6822],[-105.0641,39.6822],[-105.061,39.6822],[-105.0585,39.6823],[-105.058,39.6823],[-105.0579,39.6823],[-105.0578,39.6823],[-105.0573,39.6823],[-105.0572,39.6823],[-105.0565,39.6823],[-105.0556,39.6823],[-105.0532,39.6823],[-105.0526,39.6823],[-105.0526,39.6824],[-105.0523,39.6824],[-105.0524,39.6832],[-105.0524,39.6834],[-105.0525,39.6835],[-105.0527,39.6834],[-105.0529,39.6834],[-105.0531,39.6834],[-105.0532,39.6835],[-105.0532,39.6844],[-105.053,39.6844],[-105.0529,39.6844],[-105.0522,39.6846],[-105.0522,39.685],[-105.0522,39.6853],[-105.0522,39.6854],[-105.0523,39.6855],[-105.0524,39.6856],[-105.0528,39.6856],[-105.0532,39.6856],[-105.0532,39.6857],[-105.0532,39.6859],[-105.053,39.686],[-105.0528,39.686],[-105.0527,39.6861],[-105.0526,39.6861],[-105.0526,39.6895],[-105.0526,39.6897],[-105.0526,39.6913],[-105.0527,39.6913],[-105.0527,39.6914],[-105.0526,39.6925],[-105.0527,39.6926],[-105.0525,39.6926],[-105.0525,39.6932],[-105.0525,39.695],[-105.0525,39.6951],[-105.0525,39.6954],[-105.0525,39.6967],[-105.0525,39.6968],[-105.053,39.6968],[-105.0532,39.6968],[-105.0535,39.6967],[-105.0553,39.6968],[-105.0572,39.6968],[-105.058,39.6968],[-105.0584,39.6968],[-105.059,39.6968],[-105.0599,39.6968],[-105.0607,39.6968],[-105.0609,39.6967],[-105.0618,39.6967],[-105.0627,39.6967],[-105.0629,39.6967],[-105.0637,39.6967],[-105.0656,39.6967],[-105.0674,39.6967],[-105.0681,39.6967],[-105.0691,39.6967],[-105.0693,39.6967],[-105.0695,39.6967],[-105.0697,39.6966],[-105.0701,39.6965],[-105.0705,39.6963],[-105.0708,39.6961],[-105.071,39.696],[-105.0711,39.696],[-105.0712,39.6959],[-105.0716,39.6959],[-105.0721,39.6959],[-105.0726,39.696],[-105.0728,39.696],[-105.0732,39.6962],[-105.0736,39.6965],[-105.0738,39.6966],[-105.074,39.6966],[-105.0741,39.6966],[-105.0743,39.6967],[-105.0749,39.6966],[-105.0751,39.6967],[-105.0761,39.6966],[-105.0773,39.6966],[-105.0778,39.6966],[-105.0778,39.6965],[-105.0777,39.6964],[-105.078,39.6964],[-105.0781,39.6963],[-105.0787,39.6958],[-105.0788,39.6958],[-105.0789,39.6958],[-105.0795,39.6958],[-105.0799,39.6958],[-105.0805,39.6958],[-105.0808,39.6958],[-105.0816,39.6958],[-105.0815,39.6965],[-105.0815,39.6966],[-105.0827,39.6966],[-105.084,39.6966],[-105.0849,39.6966],[-105.0862,39.6965],[-105.0874,39.6966],[-105.0884,39.6966],[-105.0886,39.6966],[-105.0896,39.6965],[-105.0905,39.6965],[-105.0918,39.6965],[-105.0932,39.6965],[-105.0946,39.6965],[-105.0956,39.6965],[-105.0962,39.6965],[-105.0966,39.6965],[-105.0984,39.6965],[-105.0989,39.6965],[-105.0991,39.6965],[-105.1004,39.6965],[-105.1016,39.6966],[-105.1025,39.6966],[-105.1035,39.6966],[-105.1044,39.6966],[-105.1056,39.6966],[-105.1066,39.6966],[-105.1076,39.6966],[-105.1085,39.6966],[-105.1097,39.6965],[-105.1102,39.6965],[-105.1107,39.6966],[-105.112,39.6966],[-105.1123,39.6966],[-105.113,39.695],[-105.1132,39.6945],[-105.1133,39.6943],[-105.1135,39.694],[-105.1136,39.6939],[-105.1138,39.6936],[-105.1142,39.6931],[-105.1155,39.6918],[-105.1164,39.6909],[-105.1169,39.6903],[-105.1172,39.6905],[-105.1178,39.6909],[-105.1185,39.6911],[-105.119,39.6913],[-105.1188,39.6916],[-105.1191,39.6918],[-105.1197,39.6925],[-105.1199,39.6926],[-105.1202,39.694],[-105.1201,39.6945],[-105.1195,39.6953],[-105.118,39.6957],[-105.118,39.6965],[-105.1195,39.6964],[-105.1196,39.6964],[-105.1199,39.6964],[-105.121,39.6964],[-105.1212,39.6964],[-105.1213,39.6964],[-105.1214,39.6964],[-105.1223,39.6965],[-105.1231,39.6965],[-105.1239,39.6965],[-105.1243,39.6965],[-105.125,39.6965],[-105.1256,39.6965],[-105.128,39.6965],[-105.1282,39.6965],[-105.1285,39.6965],[-105.1286,39.6965],[-105.1294,39.6965]]]}},{"type":"Feature","properties":{"zip":"80238","city":"Denver city","area":17.6},"geometry":{"type":"Polygon","coordinates":[[[-104.9036,39.7784],[-104.9036,39.7783],[-104.9034,39.7783],[-104.9031,39.7783],[-104.9018,39.7783],[-104.9014,39.7783],[-104.9013,39.7783],[-104.9009,39.7783],[-104.9007,39.7783],[-104.9006,39.7783],[-104.9002,39.7783],[-104.9001,39.7783],[-104.9,39.7783],[-104.8994,39.7783],[-104.8979,39.7783],[-104.8974,39.7783],[-104.8973,39.7783],[-104.8968,39.7783],[-104.8966,39.7783],[-104.8965,39.7783],[-104.8964,39.7782],[-104.8963,39.7782],[-104.8957,39.7782],[-104.8954,39.7782],[-104.8945,39.7781],[-104.8943,39.7781],[-104.8907,39.7778],[-104.8896,39.7777],[-104.8881,39.7776],[-104.8871,39.7775],[-104.8839,39.7772],[-104.8836,39.7772],[-104.8829,39.7771],[-104.8829,39.7769],[-104.8828,39.7761],[-104.8828,39.7752],[-104.8828,39.7745],[-104.8828,39.7741],[-104.8828,39.7738],[-104.8829,39.7734],[-104.8831,39.7729],[-104.8834,39.7724],[-104.8838,39.7722],[-104.8855,39.7714],[-104.8862,39.771],[-104.8863,39.771],[-104.8869,39.7706],[-104.8871,39.7705],[-104.8875,39.7703],[-104.8877,39.7702],[-104.8878,39.7702],[-104.8893,39.7703],[-104.8924,39.7705],[-104.8925,39.7705],[-104.8942,39.7706],[-104.8948,39.7707],[-104.895,39.7707],[-104.8956,39.7708],[-104.8961,39.7708],[-104.8965,39.7709],[-104.8971,39.771],[-104.8981,39.7711],[-104.8984,39.7711],[-104.8987,39.7712],[-104.8994,39.7712],[-104.8997,39.7712],[-104.9013,39.7715],[-104.9023,39.7716],[-104.9024,39.771],[-104.9024,39.7709],[-104.9024,39.7705],[-104.9025,39.7697],[-104.9025,39.7694],[-104.9025,39.7687],[-104.9025,39.7682],[-104.9026,39.768],[-104.9025,39.7679],[-104.9025,39.7678],[-104.9025,39.7675],[-104.9025,39.7674],[-104.9025,39.767],[-104.9025,39.7667],[-104.9025,39.7659],[-104.9025,39.7658],[-104.9026,39.7654],[-104.9023,39.7653],[-104.9019,39.7653],[-104.9016,39.7652],[-104.9015,39.7652],[-104.9012,39.7652],[-104.9009,39.7652],[-104.9006,39.7652],[-104.8999,39.7652],[-104.8997,39.7652],[-104.8989,39.7652],[-104.8989,39.7634],[-104.899,39.7634],[-104.9003,39.7634],[-104.9003,39.7619],[-104.8992,39.7619],[-104.8989,39.7618],[-104.8989,39.7602],[-104.899,39.7601],[-104.8996,39.7603],[-104.9002,39.7605],[-104.9006,39.7606],[-104.9007,39.7607],[-104.9009,39.7607],[-104.901,39.7608],[-104.9017,39.7609],[-104.9019,39.7609],[-104.9021,39.761],[-104.9023,39.761],[-104.9028,39.7612],[-104.9029,39.7612],[-104.9033,39.7614],[-104.9035,39.7614],[-104.9035,39.7612],[-104.9035,39.7605],[-104.9035,39.7602],[-104.9035,39.7601],[-104.9035,39.7599],[-104.9035,39.7588],[-104.9035,39.7584],[-104.9034,39.7583],[-104.9034,39.7581],[-104.9034,39.758],[-104.9034,39.7574],[-104.9034,39.756],[-104.9034,39.7554],[-104.9034,39.7547],[-104.9034,39.7545],[-104.9034,39.7537],[-104.9034,39.7534],[-104.9034,39.7532],[-104.9034,39.7525],[-104.9034,39.7522],[-104.9034,39.752],[-104.9034,39.7513],[-104.9034,39.751],[-104.9032,39.751],[-104.9025,39.751],[-104.9022,39.751],[-104.902,39.751],[-104.9013,39.751],[-104.9011,39.751],[-104.8999,39.751],[-104.8987,39.751],[-104.8987,39.7498],[-104.8988,39.748],[-104.8988,39.7474],[-104.8985,39.7474],[-104.8978,39.7474],[-104.8976,39.7474],[-104.8973,39.7474],[-104.8966,39.7474],[-104.8964,39.7474],[-104.8959,39.7475],[-104.8952,39.7475],[-104.895,39.7475],[-104.8945,39.7475],[-104.894,39.7475],[-104.8938,39.7475],[-104.8931,39.7475],[-104.8928,39.7475],[-104.8926,39.7475],[-104.8919,39.7475],[-104.8917,39.7475],[-104.8914,39.7475],[-104.8907,39.7475],[-104.8905,39.7475],[-104.8903,39.7475],[-104.8896,39.7475],[-104.8893,39.7475],[-104.8891,39.7475],[-104.8884,39.7475],[-104.8882,39.7475],[-104.8879,39.7475],[-104.8872,39.7475],[-104.887,39.7475],[-104.8868,39.7475],[-104.8861,39.7475],[-104.8858,39.7475],[-104.8856,39.7475],[-104.8849,39.7475],[-104.8847,39.7475],[-104.8841,39.7475],[-104.884,39.7474],[-104.8834,39.7474],[-104.8823,39.7474],[-104.8811,39.7474],[-104.8801,39.7474],[-104.88,39.7474],[-104.88,39.7476],[-104.88,39.749],[-104.88,39.7493],[-104.88,39.7496],[-104.8799,39.7504],[-104.8799,39.7508],[-104.8799,39.7546],[-104.8799,39.7547],[-104.8787,39.7547],[-104.8779,39.7547],[-104.8768,39.7547],[-104.8752,39.7547],[-104.8743,39.7547],[-104.8734,39.7547],[-104.873,39.7547],[-104.8724,39.7547],[-104.8715,39.7547],[-104.8706,39.7548],[-104.8696,39.7547],[-104.8687,39.7547],[-104.8678,39.7547],[-104.8669,39.7547],[-104.8668,39.7547],[-104.8666,39.7547],[-104.8659,39.7547],[-104.8646,39.7547],[-104.8636,39.7547],[-104.8613,39.7547],[-104.8588,39.7547],[-104.8587,39.7547],[-104.8566,39.7547],[-104.8564,39.7547],[-104.854,39.7547],[-104.8518,39.7547],[-104.8515,39.7547],[-104.8469,39.7547],[-104.8469,39.7548],[-104.8469,39.7549],[-104.8469,39.7551],[-104.8469,39.7552],[-104.8477,39.7552],[-104.848,39.7554],[-104.8481,39.7558],[-104.8482,39.7562],[-104.8482,39.7564],[-104.8508,39.7567],[-104.8514,39.757],[-104.852,39.7573],[-104.8525,39.7574],[-104.853,39.7575],[-104.8535,39.7576],[-104.8539,39.7578],[-104.8544,39.7581],[-104.8547,39.7579],[-104.8549,39.7578],[-104.855,39.7579],[-104.8555,39.7578],[-104.8563,39.7581],[-104.8563,39.7584],[-104.8563,39.7596],[-104.8564,39.7597],[-104.8564,39.7598],[-104.8564,39.7603],[-104.8564,39.7642],[-104.8577,39.7643],[-104.8638,39.7643],[-104.8659,39.7643],[-104.8659,39.7636],[-104.866,39.7636],[-104.8661,39.7635],[-104.8663,39.7635],[-104.8664,39.7635],[-104.8665,39.7635],[-104.8667,39.7635],[-104.8669,39.7635],[-104.8672,39.7635],[-104.8675,39.7635],[-104.8677,39.7636],[-104.8678,39.7637],[-104.8678,39.7638],[-104.8679,39.7638],[-104.8682,39.7639],[-104.8685,39.7639],[-104.8687,39.764],[-104.8689,39.764],[-104.8694,39.7643],[-104.8698,39.7645],[-104.8699,39.7645],[-104.8704,39.7649],[-104.8706,39.7651],[-104.8709,39.7653],[-104.8713,39.7657],[-104.8716,39.7659],[-104.8719,39.7662],[-104.8723,39.7665],[-104.8725,39.7667],[-104.873,39.767],[-104.8737,39.7674],[-104.8739,39.7675],[-104.8742,39.7675],[-104.8744,39.7676],[-104.8749,39.7676],[-104.8752,39.7677],[-104.8753,39.7677],[-104.8759,39.7677],[-104.8769,39.7678],[-104.8776,39.7679],[-104.8782,39.768],[-104.8784,39.7681],[-104.8787,39.7681],[-104.879,39.7682],[-104.8799,39.7682],[-104.8805,39.7683],[-104.8823,39.7684],[-104.8836,39.7684],[-104.8841,39.7686],[-104.8844,39.7687],[-104.8847,39.7688],[-104.8849,39.7689],[-104.8852,39.7689],[-104.8854,39.769],[-104.8855,39.769],[-104.8856,39.7692],[-104.8857,39.7693],[-104.8859,39.7696],[-104.886,39.7698],[-104.886,39.7699],[-104.8861,39.77],[-104.8859,39.77],[-104.8853,39.77],[-104.8851,39.77],[-104.8829,39.7698],[-104.8763,39.7693],[-104.8742,39.7691],[-104.8726,39.769],[-104.8696,39.7688],[-104.868,39.7687],[-104.8665,39.7685],[-104.8664,39.7685],[-104.8663,39.7685],[-104.8659,39.7685],[-104.8658,39.7685],[-104.8658,39.7686],[-104.8658,39.7687],[-104.8658,39.7689],[-104.8658,39.769],[-104.8658,39.7691],[-104.8658,39.7693],[-104.8658,39.7694],[-104.8658,39.7701],[-104.8658,39.7706],[-104.8658,39.7715],[-104.8658,39.7722],[-104.8658,39.7729],[-104.8658,39.7732],[-104.8658,39.7734],[-104.8658,39.7735],[-104.8658,39.7738],[-104.8657,39.774],[-104.8658,39.7743],[-104.8657,39.7743],[-104.8657,39.7744],[-104.8657,39.7745],[-104.8657,39.7747],[-104.8657,39.7752],[-104.8657,39.7754],[-104.8657,39.7756],[-104.8658,39.7756],[-104.8659,39.7756],[-104.8659,39.7758],[-104.8659,39.7759],[-104.8659,39.7769],[-104.8659,39.7771],[-104.8659,39.7787],[-104.8659,39.7789],[-104.8659,39.7806],[-104.8659,39.7823],[-104.8659,39.7824],[-104.8659,39.7843],[-104.8659,39.7867],[-104.866,39.7892],[-104.866,39.7901],[-104.866,39.7903],[-104.866,39.7912],[-104.866,39.7927],[-104.866,39.7945],[-104.866,39.7969],[-104.8661,39.7979],[-104.866,39.7984],[-104.866,39.7994],[-104.866,39.7996],[-104.866,39.8],[-104.866,39.8029],[-104.8661,39.8048],[-104.8661,39.8082],[-104.8661,39.8092],[-104.8661,39.8103],[-104.8661,39.8128],[-104.8684,39.8128],[-104.8714,39.8128],[-104.8741,39.8128],[-104.8801,39.8128],[-104.8819,39.8128],[-104.8844,39.8128],[-104.8844,39.8116],[-104.8844,39.8071],[-104.8844,39.8065],[-104.8844,39.8063],[-104.8844,39.8061],[-104.8844,39.8045],[-104.8844,39.8029],[-104.8844,39.8015],[-104.8844,39.8009],[-104.8845,39.8004],[-104.8845,39.8],[-104.8845,39.7992],[-104.8845,39.7983],[-104.8846,39.7983],[-104.8847,39.7983],[-104.8894,39.7983],[-104.8894,39.7978],[-104.8895,39.7978],[-104.8896,39.7978],[-104.8897,39.7978],[-104.8898,39.7978],[-104.8899,39.7978],[-104.89,39.7978],[-104.8901,39.7978],[-104.8902,39.7978],[-104.8903,39.7978],[-104.8904,39.7978],[-104.8905,39.7978],[-104.8906,39.7978],[-104.8907,39.7978],[-104.8908,39.7978],[-104.8909,39.7978],[-104.891,39.7978],[-104.8911,39.7978],[-104.8912,39.7978],[-104.8913,39.7978],[-104.8914,39.7978],[-104.8915,39.7978],[-104.8916,39.7978],[-104.8917,39.7979],[-104.8918,39.7979],[-104.8919,39.7978],[-104.892,39.7978],[-104.8921,39.7978],[-104.8922,39.7978],[-104.8923,39.7978],[-104.8924,39.7978],[-104.8925,39.7978],[-104.8926,39.7978],[-104.8927,39.7978],[-104.8928,39.7978],[-104.8929,39.7978],[-104.893,39.7978],[-104.8931,39.7978],[-104.8932,39.7978],[-104.8933,39.7978],[-104.8934,39.7978],[-104.8935,39.7978],[-104.8936,39.7978],[-104.8937,39.7978],[-104.8938,39.7978],[-104.8939,39.7978],[-104.894,39.7978],[-104.8941,39.7978],[-104.8941,39.7969],[-104.8942,39.7969],[-104.8943,39.7969],[-104.8944,39.7969],[-104.8945,39.7969],[-104.8946,39.7969],[-104.8947,39.7969],[-104.8948,39.7969],[-104.8949,39.7969],[-104.895,39.7969],[-104.8951,39.7968],[-104.8952,39.7968],[-104.8953,39.7968],[-104.8954,39.7967],[-104.8955,39.7967],[-104.8956,39.7966],[-104.8957,39.7966],[-104.8958,39.7965],[-104.8959,39.7965],[-104.8959,39.7964],[-104.896,39.7964],[-104.8961,39.7963],[-104.8962,39.7962],[-104.8962,39.7961],[-104.8963,39.796],[-104.8964,39.7959],[-104.8964,39.7958],[-104.8964,39.7957],[-104.8964,39.7956],[-104.8965,39.7956],[-104.8965,39.7955],[-104.8965,39.7954],[-104.8973,39.7954],[-104.8973,39.7935],[-104.8974,39.7934],[-104.8974,39.7931],[-104.8974,39.7928],[-104.8975,39.7926],[-104.8976,39.7924],[-104.8976,39.7922],[-104.8976,39.7918],[-104.8977,39.7914],[-104.898,39.7871],[-104.898,39.7868],[-104.898,39.7867],[-104.8979,39.7866],[-104.8976,39.7856],[-104.8978,39.7856],[-104.8989,39.7856],[-104.8996,39.7856],[-104.8998,39.7856],[-104.8997,39.7855],[-104.8997,39.7852],[-104.8997,39.7848],[-104.8999,39.7843],[-104.9002,39.7839],[-104.9004,39.7837],[-104.9007,39.7833],[-104.9008,39.7833],[-104.9009,39.7831],[-104.9008,39.7829],[-104.901,39.7827],[-104.9012,39.7825],[-104.9014,39.7823],[-104.9016,39.782],[-104.9017,39.782],[-104.9017,39.7819],[-104.9021,39.7815],[-104.902,39.7814],[-104.9019,39.7813],[-104.9016,39.781],[-104.9013,39.7807],[-104.9012,39.7806],[-104.9009,39.7803],[-104.9008,39.7801],[-104.9007,39.78],[-104.9006,39.7796],[-104.9005,39.7794],[-104.9004,39.7793],[-104.9003,39.7791],[-104.9002,39.7791],[-104.9002,39.779],[-104.9002,39.7789],[-104.9002,39.7788],[-104.9002,39.7787],[-104.9002,39.7786],[-104.9001,39.7785],[-104.9018,39.7785],[-104.9029,39.7784],[-104.9034,39.7784],[-104.9036,39.7784]]]}},{"type":"Feature","properties":{"zip":"80033","city":"Wheat Ridge city","area":21.6},"geometry":{"type":"Polygon","coordinates":[[[-105.1434,39.7747],[-105.1434,39.7746],[-105.1434,39.7745],[-105.1434,39.7742],[-105.1434,39.7735],[-105.1434,39.7733],[-105.1434,39.7727],[-105.1433,39.7706],[-105.1433,39.7694],[-105.1433,39.7678],[-105.1433,39.7668],[-105.1433,39.7657],[-105.1433,39.7651],[-105.1433,39.7646],[-105.1433,39.7644],[-105.1432,39.7619],[-105.1429,39.7619],[-105.1425,39.7619],[-105.1406,39.7619],[-105.1396,39.7619],[-105.1388,39.7619],[-105.1387,39.7619],[-105.1378,39.7619],[-105.1376,39.7619],[-105.1368,39.7619],[-105.1364,39.7619],[-105.1351,39.7619],[-105.1331,39.7619],[-105.1313,39.7619],[-105.13,39.7619],[-105.1285,39.7619],[-105.1272,39.7619],[-105.1271,39.7619],[-105.1269,39.7619],[-105.126,39.7619],[-105.1237,39.7619],[-105.1236,39.7619],[-105.1225,39.7619],[-105.1213,39.7619],[-105.1209,39.7619],[-105.119,39.7619],[-105.1184,39.7619],[-105.1179,39.762],[-105.116,39.7619],[-105.1146,39.7619],[-105.1144,39.7619],[-105.1143,39.7619],[-105.1139,39.762],[-105.1116,39.762],[-105.1096,39.762],[-105.1096,39.761],[-105.1096,39.7601],[-105.1096,39.7593],[-105.1096,39.7584],[-105.1096,39.7559],[-105.1096,39.7547],[-105.1075,39.7547],[-105.1066,39.7547],[-105.1041,39.7547],[-105.1021,39.7547],[-105.1005,39.7547],[-105.1002,39.7547],[-105.1001,39.7547],[-105.0987,39.7548],[-105.0973,39.7547],[-105.0965,39.7548],[-105.095,39.7548],[-105.0938,39.7548],[-105.0928,39.7548],[-105.0914,39.7548],[-105.0908,39.7548],[-105.0893,39.7548],[-105.0884,39.7548],[-105.0861,39.7548],[-105.0848,39.7548],[-105.0834,39.7548],[-105.0831,39.7548],[-105.0814,39.7548],[-105.0796,39.7548],[-105.0785,39.7548],[-105.078,39.7548],[-105.0775,39.7548],[-105.0767,39.7548],[-105.0757,39.7548],[-105.0753,39.7548],[-105.0731,39.7548],[-105.072,39.7548],[-105.072,39.7549],[-105.072,39.755],[-105.0726,39.755],[-105.0726,39.7581],[-105.072,39.7581],[-105.072,39.7585],[-105.072,39.7587],[-105.072,39.76],[-105.072,39.7609],[-105.072,39.7614],[-105.072,39.7615],[-105.072,39.7621],[-105.0709,39.7621],[-105.0703,39.7621],[-105.0701,39.7621],[-105.0692,39.7621],[-105.0688,39.7621],[-105.0681,39.7621],[-105.0673,39.7621],[-105.0671,39.7621],[-105.0662,39.7621],[-105.0661,39.7621],[-105.065,39.7621],[-105.0639,39.7621],[-105.0638,39.7621],[-105.0626,39.7621],[-105.0626,39.7639],[-105.0626,39.7648],[-105.062,39.7648],[-105.0619,39.7648],[-105.0619,39.7654],[-105.0621,39.7654],[-105.0621,39.7657],[-105.0621,39.7658],[-105.0621,39.7665],[-105.0621,39.7675],[-105.0621,39.7676],[-105.0622,39.7685],[-105.0626,39.7685],[-105.0626,39.7694],[-105.0626,39.7699],[-105.0622,39.7699],[-105.0622,39.7703],[-105.0618,39.7703],[-105.0618,39.7707],[-105.0625,39.7707],[-105.0625,39.7708],[-105.0625,39.771],[-105.0622,39.771],[-105.0622,39.7712],[-105.0621,39.7712],[-105.0621,39.7716],[-105.0621,39.7717],[-105.0626,39.7717],[-105.0626,39.7719],[-105.0625,39.7719],[-105.0622,39.7719],[-105.0622,39.772],[-105.062,39.772],[-105.062,39.7721],[-105.062,39.7729],[-105.062,39.773],[-105.0621,39.773],[-105.0621,39.7747],[-105.0621,39.7748],[-105.0615,39.7748],[-105.0614,39.7748],[-105.0615,39.7766],[-105.0626,39.7766],[-105.0626,39.7784],[-105.0626,39.7797],[-105.0626,39.7819],[-105.0626,39.782],[-105.0626,39.783],[-105.0626,39.7833],[-105.0626,39.7834],[-105.0626,39.7837],[-105.0626,39.7838],[-105.0627,39.7838],[-105.0627,39.7839],[-105.0627,39.7841],[-105.0627,39.7857],[-105.0627,39.7858],[-105.0627,39.7862],[-105.0627,39.787],[-105.0627,39.7872],[-105.0627,39.7878],[-105.0627,39.7882],[-105.0627,39.7883],[-105.0644,39.7884],[-105.065,39.7884],[-105.0651,39.7884],[-105.0658,39.7884],[-105.0659,39.7883],[-105.0662,39.7882],[-105.0668,39.7879],[-105.0678,39.7875],[-105.0681,39.7874],[-105.0685,39.7873],[-105.0687,39.7873],[-105.0687,39.7869],[-105.0688,39.7869],[-105.0689,39.787],[-105.0694,39.787],[-105.0698,39.787],[-105.0702,39.7869],[-105.0707,39.7868],[-105.0712,39.7867],[-105.0714,39.7866],[-105.0715,39.7866],[-105.0717,39.7865],[-105.072,39.7865],[-105.0724,39.7865],[-105.0725,39.7865],[-105.0728,39.7864],[-105.0729,39.7863],[-105.073,39.7862],[-105.0738,39.786],[-105.074,39.7859],[-105.0743,39.7858],[-105.0745,39.7858],[-105.0747,39.7857],[-105.0747,39.7856],[-105.075,39.7855],[-105.0757,39.7852],[-105.0762,39.7851],[-105.0767,39.785],[-105.0768,39.785],[-105.0769,39.785],[-105.0779,39.7849],[-105.0783,39.7849],[-105.0791,39.7849],[-105.0797,39.7848],[-105.08,39.7848],[-105.0808,39.7845],[-105.081,39.7845],[-105.0813,39.7844],[-105.0814,39.7844],[-105.0814,39.7845],[-105.0814,39.785],[-105.0814,39.7851],[-105.0814,39.7859],[-105.0814,39.7861],[-105.0833,39.7857],[-105.0859,39.7851],[-105.0861,39.785],[-105.0862,39.785],[-105.0864,39.785],[-105.0865,39.7849],[-105.0866,39.7849],[-105.0875,39.7847],[-105.0879,39.7846],[-105.0885,39.7844],[-105.0893,39.7842],[-105.0898,39.7841],[-105.0902,39.784],[-105.0905,39.784],[-105.0908,39.784],[-105.0917,39.7839],[-105.0932,39.7839],[-105.094,39.7838],[-105.0962,39.7838],[-105.1002,39.7838],[-105.1002,39.7841],[-105.1002,39.7857],[-105.1002,39.786],[-105.1002,39.7868],[-105.1002,39.7871],[-105.1002,39.7875],[-105.1002,39.788],[-105.1002,39.7885],[-105.1002,39.789],[-105.1011,39.7889],[-105.1018,39.7889],[-105.1023,39.7888],[-105.1037,39.7885],[-105.1049,39.7883],[-105.1054,39.7882],[-105.1056,39.7881],[-105.1062,39.788],[-105.1093,39.7873],[-105.1096,39.7872],[-105.1096,39.7874],[-105.1096,39.7875],[-105.1095,39.7881],[-105.1095,39.789],[-105.1094,39.7902],[-105.1094,39.791],[-105.1094,39.7911],[-105.1093,39.7917],[-105.1093,39.7919],[-105.1093,39.7922],[-105.1093,39.7924],[-105.1093,39.7925],[-105.1093,39.7929],[-105.1093,39.793],[-105.1093,39.7931],[-105.1101,39.793],[-105.1143,39.7921],[-105.1144,39.7927],[-105.1143,39.7941],[-105.1143,39.7947],[-105.1169,39.7946],[-105.1179,39.7946],[-105.1179,39.7941],[-105.1179,39.794],[-105.1178,39.7938],[-105.1177,39.7937],[-105.1176,39.7935],[-105.1175,39.7934],[-105.1175,39.7933],[-105.1175,39.793],[-105.1175,39.7922],[-105.1175,39.7921],[-105.1175,39.792],[-105.1174,39.7915],[-105.1191,39.7911],[-105.1192,39.7911],[-105.1192,39.7912],[-105.1199,39.791],[-105.1203,39.791],[-105.1209,39.791],[-105.1212,39.791],[-105.1214,39.791],[-105.1216,39.791],[-105.1221,39.791],[-105.1221,39.7917],[-105.1221,39.793],[-105.1221,39.7946],[-105.1228,39.7946],[-105.1238,39.7946],[-105.1238,39.7938],[-105.1238,39.792],[-105.1238,39.7905],[-105.1238,39.7903],[-105.1238,39.7901],[-105.1242,39.79],[-105.1243,39.79],[-105.1258,39.7897],[-105.1285,39.7891],[-105.1285,39.791],[-105.1285,39.7924],[-105.1285,39.7938],[-105.1287,39.7938],[-105.1289,39.7938],[-105.1293,39.7938],[-105.13,39.7938],[-105.1301,39.7938],[-105.1301,39.7923],[-105.1301,39.791],[-105.1304,39.791],[-105.1306,39.791],[-105.1308,39.791],[-105.131,39.791],[-105.1311,39.791],[-105.1313,39.791],[-105.1324,39.791],[-105.1342,39.791],[-105.1361,39.791],[-105.1362,39.791],[-105.1363,39.791],[-105.1364,39.791],[-105.1373,39.7909],[-105.1374,39.7909],[-105.1376,39.7909],[-105.1379,39.7909],[-105.138,39.7909],[-105.138,39.7886],[-105.138,39.7881],[-105.138,39.7877],[-105.138,39.787],[-105.138,39.7867],[-105.138,39.7866],[-105.138,39.7861],[-105.138,39.7854],[-105.1381,39.7853],[-105.138,39.7843],[-105.138,39.7838],[-105.1379,39.783],[-105.1379,39.7829],[-105.1379,39.7823],[-105.1379,39.7818],[-105.1379,39.7815],[-105.1379,39.7814],[-105.1379,39.7813],[-105.1379,39.7802],[-105.1379,39.7799],[-105.1389,39.7796],[-105.1392,39.7794],[-105.1403,39.779],[-105.1405,39.7789],[-105.1408,39.7788],[-105.1412,39.7786],[-105.1414,39.7784],[-105.1415,39.7783],[-105.1418,39.778],[-105.142,39.7779],[-105.142,39.7778],[-105.1421,39.7777],[-105.1426,39.7772],[-105.143,39.7765],[-105.1432,39.776],[-105.1433,39.7756],[-105.1434,39.7753],[-105.1434,39.7752],[-105.1434,39.7747]]]}},{"type":"Feature","properties":{"zip":"80247","city":"Denver city","area":7.5},"geometry":{"type":"Polygon","coordinates":[[[-104.9045,39.7023],[-104.9045,39.7002],[-104.9045,39.7001],[-104.9038,39.7001],[-104.9037,39.7001],[-104.9035,39.7001],[-104.9035,39.6998],[-104.9035,39.6997],[-104.9033,39.6997],[-104.903,39.6997],[-104.9028,39.6997],[-104.9027,39.6997],[-104.9027,39.6998],[-104.9027,39.6999],[-104.9026,39.7001],[-104.9026,39.7002],[-104.9025,39.7002],[-104.9023,39.7002],[-104.9023,39.6999],[-104.9023,39.6998],[-104.9023,39.6997],[-104.9022,39.6996],[-104.9022,39.6995],[-104.9021,39.6993],[-104.902,39.6991],[-104.902,39.699],[-104.9019,39.699],[-104.9017,39.699],[-104.901,39.699],[-104.9009,39.6986],[-104.9004,39.6986],[-104.9001,39.6979],[-104.8999,39.6972],[-104.8998,39.6972],[-104.8997,39.6971],[-104.8996,39.6973],[-104.8996,39.6974],[-104.8995,39.6975],[-104.8995,39.6976],[-104.8997,39.6986],[-104.8997,39.6987],[-104.8997,39.6988],[-104.8999,39.6989],[-104.9,39.699],[-104.8995,39.6992],[-104.8997,39.6995],[-104.8988,39.7003],[-104.899,39.7005],[-104.8992,39.7007],[-104.8992,39.7009],[-104.8992,39.7012],[-104.899,39.7013],[-104.8974,39.7033],[-104.8972,39.7035],[-104.897,39.7036],[-104.8968,39.7037],[-104.8943,39.7041],[-104.8936,39.7041],[-104.8932,39.7041],[-104.893,39.7041],[-104.8927,39.7042],[-104.8916,39.7046],[-104.891,39.7047],[-104.8907,39.7048],[-104.8905,39.7048],[-104.8901,39.7046],[-104.8901,39.7045],[-104.8901,39.7043],[-104.8901,39.7042],[-104.8902,39.7041],[-104.8903,39.704],[-104.8903,39.7039],[-104.8904,39.7038],[-104.8905,39.7037],[-104.8906,39.7036],[-104.8911,39.7031],[-104.8917,39.7025],[-104.892,39.7026],[-104.8921,39.7027],[-104.893,39.7027],[-104.8935,39.7028],[-104.8941,39.7024],[-104.894,39.7012],[-104.894,39.6998],[-104.8981,39.6999],[-104.8986,39.6999],[-104.8986,39.6996],[-104.8987,39.6988],[-104.8988,39.6985],[-104.8988,39.6982],[-104.8987,39.6975],[-104.8986,39.6973],[-104.8982,39.6968],[-104.8981,39.6967],[-104.8975,39.6965],[-104.8974,39.6963],[-104.8973,39.6964],[-104.8972,39.6964],[-104.897,39.6965],[-104.8969,39.6966],[-104.8968,39.6966],[-104.8964,39.6966],[-104.8958,39.6966],[-104.8952,39.6966],[-104.8949,39.6966],[-104.8948,39.6966],[-104.8948,39.6959],[-104.8941,39.6959],[-104.8941,39.6964],[-104.8941,39.6966],[-104.8933,39.6966],[-104.8926,39.6966],[-104.8917,39.6966],[-104.8918,39.6966],[-104.8918,39.6952],[-104.8918,39.6942],[-104.8918,39.6941],[-104.8918,39.6934],[-104.8917,39.6916],[-104.892,39.6913],[-104.8918,39.6912],[-104.8914,39.6909],[-104.8899,39.6897],[-104.8895,39.6893],[-104.8891,39.6893],[-104.8885,39.6893],[-104.8882,39.6893],[-104.888,39.6893],[-104.885,39.687],[-104.8857,39.6864],[-104.8855,39.6863],[-104.8852,39.686],[-104.8849,39.6858],[-104.8846,39.6855],[-104.8834,39.6847],[-104.8821,39.6837],[-104.8813,39.6831],[-104.8811,39.6833],[-104.881,39.6833],[-104.881,39.6834],[-104.881,39.6839],[-104.8792,39.6839],[-104.8793,39.6838],[-104.8801,39.6831],[-104.8795,39.6827],[-104.88,39.6823],[-104.8801,39.6822],[-104.8799,39.6821],[-104.8795,39.6818],[-104.8793,39.6819],[-104.8792,39.682],[-104.8791,39.682],[-104.879,39.682],[-104.8788,39.682],[-104.8767,39.682],[-104.8763,39.682],[-104.8754,39.682],[-104.8754,39.6808],[-104.8754,39.68],[-104.8754,39.6796],[-104.8754,39.6786],[-104.8754,39.6785],[-104.8753,39.6784],[-104.8746,39.6778],[-104.874,39.6773],[-104.8739,39.6772],[-104.8733,39.6767],[-104.8731,39.6769],[-104.8703,39.6769],[-104.8703,39.6756],[-104.8703,39.6748],[-104.8678,39.6748],[-104.866,39.6748],[-104.866,39.6766],[-104.866,39.6769],[-104.8678,39.6769],[-104.8694,39.6769],[-104.8694,39.6781],[-104.8694,39.6784],[-104.8684,39.6784],[-104.866,39.6784],[-104.866,39.6802],[-104.8659,39.682],[-104.8659,39.6838],[-104.866,39.6857],[-104.866,39.6858],[-104.866,39.6869],[-104.866,39.6872],[-104.866,39.6895],[-104.8664,39.6895],[-104.8666,39.6895],[-104.8667,39.6894],[-104.8668,39.6894],[-104.8673,39.6893],[-104.8674,39.6893],[-104.8676,39.6893],[-104.8677,39.6893],[-104.8678,39.6893],[-104.8689,39.6893],[-104.8695,39.6893],[-104.8695,39.6909],[-104.8696,39.691],[-104.8697,39.6912],[-104.8698,39.6914],[-104.8698,39.6915],[-104.8698,39.6917],[-104.869,39.6917],[-104.869,39.6919],[-104.8686,39.6919],[-104.8686,39.6926],[-104.8685,39.6927],[-104.8679,39.6927],[-104.8679,39.6941],[-104.8689,39.6941],[-104.8691,39.6941],[-104.8691,39.6959],[-104.8691,39.6966],[-104.869,39.6966],[-104.8686,39.6966],[-104.8683,39.6966],[-104.8683,39.6969],[-104.8683,39.6978],[-104.8683,39.6981],[-104.8683,39.6982],[-104.8683,39.6984],[-104.8683,39.6985],[-104.8683,39.6997],[-104.8683,39.6999],[-104.8683,39.7],[-104.8683,39.7002],[-104.8683,39.7011],[-104.866,39.7011],[-104.866,39.7038],[-104.866,39.7043],[-104.866,39.7057],[-104.866,39.706],[-104.866,39.7074],[-104.866,39.7093],[-104.866,39.7095],[-104.866,39.7111],[-104.8695,39.7104],[-104.8706,39.7102],[-104.8707,39.7102],[-104.8716,39.7099],[-104.8733,39.7095],[-104.8744,39.7093],[-104.8754,39.709],[-104.8761,39.7089],[-104.8783,39.7083],[-104.879,39.7082],[-104.8797,39.708],[-104.8807,39.7078],[-104.8819,39.7075],[-104.882,39.7074],[-104.8826,39.7073],[-104.8832,39.7072],[-104.8835,39.7071],[-104.8836,39.7071],[-104.884,39.707],[-104.8842,39.707],[-104.8844,39.707],[-104.8847,39.7071],[-104.8848,39.7071],[-104.8849,39.7071],[-104.8851,39.7071],[-104.8853,39.7072],[-104.8854,39.7071],[-104.8856,39.7071],[-104.8858,39.7072],[-104.886,39.7073],[-104.8862,39.7074],[-104.8865,39.7076],[-104.8868,39.7078],[-104.8871,39.7079],[-104.8876,39.7082],[-104.8887,39.7089],[-104.8898,39.7097],[-104.891,39.7104],[-104.8916,39.7107],[-104.8919,39.7109],[-104.8921,39.711],[-104.8924,39.7111],[-104.8926,39.7112],[-104.8929,39.7112],[-104.9017,39.7112],[-104.9034,39.7112],[-104.9035,39.7113],[-104.9035,39.7111],[-104.9035,39.7105],[-104.9035,39.7086],[-104.9035,39.7083],[-104.9035,39.7075],[-104.9035,39.7068],[-104.9035,39.7046],[-104.9035,39.7039],[-104.9035,39.7031],[-104.9035,39.7027],[-104.9036,39.7027],[-104.9045,39.7023]]]}},{"type":"Feature","properties":{"zip":"80110","city":"Englewood city","area":16.5},"geometry":{"type":"Polygon","coordinates":[[[-105.0349,39.6262],[-105.035,39.6242],[-105.0335,39.6241],[-105.0319,39.6241],[-105.0309,39.6241],[-105.0302,39.6241],[-105.0301,39.6241],[-105.0297,39.6241],[-105.0286,39.6241],[-105.0276,39.6241],[-105.0266,39.6241],[-105.0255,39.6241],[-105.0241,39.6241],[-105.0237,39.6241],[-105.0231,39.6241],[-105.0231,39.6242],[-105.0231,39.6277],[-105.023,39.6277],[-105.0229,39.6277],[-105.0227,39.6277],[-105.0225,39.6277],[-105.0215,39.6277],[-105.0213,39.6277],[-105.0208,39.6277],[-105.0204,39.6277],[-105.0193,39.6277],[-105.0184,39.6277],[-105.0177,39.6277],[-105.0173,39.6277],[-105.0172,39.6277],[-105.0165,39.6277],[-105.0164,39.6277],[-105.0163,39.6277],[-105.0162,39.6277],[-105.0161,39.6277],[-105.0161,39.6275],[-105.0161,39.6272],[-105.0161,39.6263],[-105.0161,39.6258],[-105.0158,39.6258],[-105.0156,39.6258],[-105.0144,39.6258],[-105.0141,39.6257],[-105.014,39.6263],[-105.014,39.627],[-105.014,39.6278],[-105.014,39.6287],[-105.014,39.6291],[-105.0138,39.6294],[-105.0133,39.6294],[-105.0118,39.6293],[-105.0114,39.6292],[-105.0112,39.6292],[-105.011,39.6292],[-105.0107,39.6292],[-105.0103,39.6292],[-105.0101,39.6291],[-105.01,39.6291],[-105.0099,39.6291],[-105.0094,39.6291],[-105.009,39.6291],[-105.0089,39.6291],[-105.0087,39.6291],[-105.0082,39.6291],[-105.0077,39.6291],[-105.0071,39.6291],[-105.0067,39.6291],[-105.0067,39.6295],[-105.0027,39.6295],[-105.0025,39.6294],[-105.0024,39.6294],[-105.0023,39.6293],[-105.0023,39.6292],[-105.0023,39.629],[-105.0027,39.6277],[-105.0027,39.6276],[-105.0028,39.6275],[-105.0029,39.6274],[-105.003,39.6273],[-105.0035,39.6272],[-105.0035,39.627],[-105.0036,39.6269],[-105.0036,39.6268],[-105.0035,39.6266],[-105.0034,39.6265],[-105.0032,39.6264],[-105.0027,39.6261],[-105.0022,39.6259],[-105.0016,39.6257],[-105.0014,39.6257],[-105.0011,39.6255],[-105.0007,39.6252],[-105.0002,39.6248],[-105.0002,39.6246],[-105.0003,39.6244],[-105.0004,39.6241],[-105.0,39.6241],[-104.9981,39.624],[-104.9981,39.6239],[-104.9981,39.6238],[-104.9979,39.6236],[-104.9974,39.6234],[-104.9969,39.6232],[-104.9962,39.6225],[-104.9958,39.6224],[-104.995,39.6223],[-104.995,39.6222],[-104.9939,39.6222],[-104.9938,39.6222],[-104.9937,39.6221],[-104.9936,39.6219],[-104.9926,39.6217],[-104.9926,39.6215],[-104.9926,39.6212],[-104.9926,39.6211],[-104.9916,39.6215],[-104.9899,39.6221],[-104.988,39.6228],[-104.988,39.6241],[-104.9892,39.6241],[-104.9892,39.6246],[-104.9892,39.6253],[-104.9892,39.6259],[-104.9892,39.6277],[-104.9879,39.6277],[-104.9879,39.6295],[-104.988,39.6295],[-104.9886,39.6295],[-104.9885,39.6313],[-104.9885,39.6331],[-104.9885,39.6332],[-104.9885,39.6349],[-104.9885,39.635],[-104.9885,39.6367],[-104.9885,39.6386],[-104.9884,39.6403],[-104.9884,39.6404],[-104.9884,39.6421],[-104.9884,39.6422],[-104.9884,39.6439],[-104.9884,39.644],[-104.9884,39.6457],[-104.9884,39.6458],[-104.989,39.6458],[-104.9889,39.6468],[-104.9883,39.6468],[-104.9883,39.6476],[-104.9883,39.6494],[-104.9883,39.65],[-104.9883,39.6506],[-104.9877,39.6507],[-104.9877,39.6509],[-104.9877,39.6514],[-104.9877,39.6515],[-104.9877,39.6519],[-104.9877,39.6527],[-104.9876,39.6532],[-104.9881,39.6532],[-104.9881,39.6534],[-104.9883,39.6534],[-104.9883,39.6541],[-104.9888,39.6541],[-104.9888,39.655],[-104.9876,39.655],[-104.9876,39.6564],[-104.9883,39.6564],[-104.9883,39.6568],[-104.9883,39.657],[-104.9888,39.657],[-104.9888,39.6573],[-104.9883,39.6573],[-104.9883,39.6586],[-104.9883,39.6604],[-104.9883,39.6605],[-104.9883,39.661],[-104.9883,39.6622],[-104.9883,39.6623],[-104.9886,39.6623],[-104.9888,39.6623],[-104.9888,39.6641],[-104.9883,39.6641],[-104.9883,39.6642],[-104.9882,39.6658],[-104.9882,39.6659],[-104.9883,39.6677],[-104.9888,39.6677],[-104.99,39.6677],[-104.9911,39.6677],[-104.9923,39.6677],[-104.9927,39.6677],[-104.9929,39.6677],[-104.9936,39.6677],[-104.9937,39.6677],[-104.9945,39.6677],[-104.9951,39.6677],[-104.9956,39.6677],[-104.9957,39.6677],[-104.9959,39.6677],[-104.9962,39.6677],[-104.9999,39.6677],[-105.0003,39.6677],[-105.0004,39.6677],[-105.0036,39.6666],[-105.0038,39.6664],[-105.004,39.6663],[-105.0041,39.6655],[-105.0042,39.6651],[-105.0043,39.665],[-105.0044,39.6647],[-105.0046,39.6642],[-105.0047,39.6641],[-105.0048,39.6639],[-105.0049,39.6637],[-105.0049,39.6632],[-105.0048,39.6622],[-105.0048,39.6617],[-105.0048,39.6613],[-105.0047,39.6611],[-105.0046,39.6608],[-105.0046,39.6606],[-105.0045,39.6606],[-105.0044,39.6605],[-105.0048,39.6605],[-105.0049,39.6605],[-105.0096,39.6605],[-105.0097,39.6605],[-105.0107,39.6605],[-105.0109,39.6605],[-105.0097,39.6622],[-105.0096,39.6623],[-105.0082,39.6641],[-105.0081,39.6641],[-105.008,39.6643],[-105.0079,39.6643],[-105.0078,39.6646],[-105.0076,39.6648],[-105.0075,39.665],[-105.0073,39.6654],[-105.0072,39.6657],[-105.007,39.6661],[-105.0068,39.6665],[-105.0066,39.6671],[-105.0063,39.6677],[-105.0064,39.6677],[-105.0064,39.6681],[-105.0064,39.6685],[-105.0064,39.6693],[-105.0064,39.6695],[-105.0064,39.6706],[-105.0064,39.6713],[-105.0064,39.6714],[-105.0064,39.6732],[-105.0064,39.675],[-105.0064,39.6758],[-105.0064,39.6759],[-105.0064,39.6763],[-105.0064,39.6768],[-105.0078,39.6768],[-105.0086,39.6768],[-105.0086,39.6777],[-105.0087,39.6786],[-105.011,39.6786],[-105.0134,39.6787],[-105.0157,39.6787],[-105.0158,39.6777],[-105.0157,39.6768],[-105.0157,39.6759],[-105.0157,39.675],[-105.0157,39.6734],[-105.0157,39.6721],[-105.0157,39.6718],[-105.0157,39.6714],[-105.0157,39.6712],[-105.0157,39.671],[-105.0157,39.6707],[-105.0157,39.6705],[-105.0157,39.6702],[-105.0157,39.6699],[-105.0157,39.6695],[-105.0157,39.6694],[-105.0157,39.6686],[-105.0157,39.6685],[-105.0157,39.6681],[-105.0157,39.6678],[-105.0157,39.6677],[-105.0157,39.6676],[-105.0157,39.6671],[-105.0157,39.6669],[-105.0157,39.6661],[-105.0157,39.6657],[-105.0157,39.6653],[-105.0158,39.6642],[-105.0158,39.6637],[-105.0158,39.6633],[-105.0158,39.6623],[-105.0158,39.6621],[-105.0158,39.6619],[-105.0158,39.6605],[-105.017,39.6605],[-105.018,39.6605],[-105.0181,39.6605],[-105.0182,39.6605],[-105.0204,39.6605],[-105.0205,39.6605],[-105.0216,39.6605],[-105.0217,39.6605],[-105.0228,39.6605],[-105.0229,39.6605],[-105.023,39.6605],[-105.023,39.6602],[-105.0228,39.6603],[-105.0224,39.6603],[-105.0224,39.6598],[-105.0222,39.6598],[-105.0222,39.6594],[-105.0227,39.6594],[-105.0227,39.6586],[-105.0227,39.6572],[-105.023,39.6572],[-105.023,39.6568],[-105.024,39.6568],[-105.0241,39.6568],[-105.0252,39.6568],[-105.0253,39.6568],[-105.0252,39.6574],[-105.0261,39.6574],[-105.0289,39.6574],[-105.0298,39.6574],[-105.0298,39.6571],[-105.0298,39.6569],[-105.0309,39.657],[-105.032,39.657],[-105.0322,39.657],[-105.0331,39.657],[-105.0328,39.6568],[-105.0327,39.6568],[-105.0326,39.6567],[-105.0325,39.6566],[-105.0324,39.6565],[-105.0323,39.6564],[-105.0323,39.6563],[-105.0322,39.6562],[-105.0321,39.656],[-105.0321,39.6559],[-105.0321,39.6557],[-105.0321,39.6556],[-105.0321,39.6551],[-105.0321,39.6542],[-105.0322,39.6538],[-105.0322,39.6533],[-105.0322,39.6532],[-105.0322,39.6531],[-105.0324,39.6529],[-105.0324,39.6528],[-105.0326,39.6527],[-105.0328,39.6525],[-105.0329,39.6525],[-105.0331,39.6524],[-105.033,39.6523],[-105.0329,39.6523],[-105.0325,39.6522],[-105.0322,39.6521],[-105.031,39.652],[-105.0305,39.6518],[-105.0304,39.6517],[-105.0304,39.6513],[-105.03,39.6513],[-105.03,39.6511],[-105.0299,39.6493],[-105.0302,39.6493],[-105.0303,39.6494],[-105.031,39.6494],[-105.0316,39.6494],[-105.0316,39.6493],[-105.0316,39.6482],[-105.031,39.6482],[-105.03,39.6481],[-105.03,39.648],[-105.03,39.6468],[-105.031,39.6469],[-105.0317,39.6469],[-105.0317,39.646],[-105.0334,39.646],[-105.0346,39.646],[-105.0346,39.6458],[-105.0346,39.6457],[-105.0347,39.6449],[-105.0347,39.644],[-105.0347,39.6438],[-105.0347,39.6437],[-105.0345,39.6437],[-105.0332,39.6437],[-105.0328,39.6437],[-105.0327,39.6437],[-105.0328,39.6428],[-105.0327,39.6428],[-105.0317,39.6428],[-105.0313,39.6428],[-105.0306,39.6428],[-105.03,39.6428],[-105.03,39.6422],[-105.0299,39.6422],[-105.0289,39.6423],[-105.0283,39.6423],[-105.0283,39.6418],[-105.0284,39.6409],[-105.0284,39.6401],[-105.0298,39.6401],[-105.0299,39.6401],[-105.03,39.6386],[-105.0347,39.6386],[-105.0347,39.6375],[-105.0347,39.6367],[-105.0347,39.6365],[-105.0347,39.636],[-105.0347,39.6353],[-105.0347,39.6351],[-105.0347,39.635],[-105.0347,39.6349],[-105.0347,39.6341],[-105.0347,39.634],[-105.0348,39.6336],[-105.0348,39.6334],[-105.0348,39.6332],[-105.0348,39.6328],[-105.0348,39.6326],[-105.0348,39.6325],[-105.0348,39.6324],[-105.0348,39.6323],[-105.0348,39.6319],[-105.0348,39.6318],[-105.0348,39.6317],[-105.0348,39.6312],[-105.0348,39.631],[-105.0348,39.6308],[-105.0348,39.6303],[-105.0348,39.6302],[-105.0348,39.63],[-105.0348,39.6295],[-105.0348,39.6294],[-105.0348,39.6292],[-105.0348,39.6287],[-105.0348,39.6286],[-105.0348,39.6285],[-105.0348,39.6282],[-105.0348,39.6281],[-105.0348,39.6278],[-105.0349,39.627],[-105.0349,39.6262]]]}},{"type":"Feature","properties":{"zip":"80236","city":"Denver city","area":8.3},"geometry":{"type":"Polygon","coordinates":[[[-105.0534,39.632],[-105.0534,39.6319],[-105.0534,39.6316],[-105.0534,39.6315],[-105.0457,39.6315],[-105.0441,39.6315],[-105.0441,39.6314],[-105.0431,39.6314],[-105.039,39.6314],[-105.0363,39.6314],[-105.0363,39.6325],[-105.035,39.6324],[-105.0348,39.6324],[-105.0348,39.6325],[-105.0348,39.6326],[-105.0348,39.6328],[-105.0348,39.6332],[-105.0348,39.6334],[-105.0348,39.6336],[-105.0347,39.634],[-105.0347,39.6341],[-105.0347,39.6349],[-105.0347,39.635],[-105.0347,39.6351],[-105.0347,39.6353],[-105.0347,39.636],[-105.0347,39.6365],[-105.0347,39.6367],[-105.0347,39.6375],[-105.0347,39.6386],[-105.03,39.6386],[-105.0299,39.6401],[-105.0298,39.6401],[-105.0284,39.6401],[-105.0284,39.6409],[-105.0283,39.6418],[-105.0283,39.6423],[-105.0289,39.6423],[-105.0299,39.6422],[-105.03,39.6422],[-105.03,39.6428],[-105.0306,39.6428],[-105.0313,39.6428],[-105.0317,39.6428],[-105.0327,39.6428],[-105.0328,39.6428],[-105.0327,39.6437],[-105.0328,39.6437],[-105.0332,39.6437],[-105.0345,39.6437],[-105.0347,39.6437],[-105.0347,39.6438],[-105.0347,39.644],[-105.0347,39.6449],[-105.0346,39.6457],[-105.0346,39.6458],[-105.0346,39.646],[-105.0334,39.646],[-105.0317,39.646],[-105.0317,39.6469],[-105.031,39.6469],[-105.03,39.6468],[-105.03,39.648],[-105.03,39.6481],[-105.031,39.6482],[-105.0316,39.6482],[-105.0316,39.6493],[-105.0316,39.6494],[-105.031,39.6494],[-105.0303,39.6494],[-105.0302,39.6493],[-105.0299,39.6493],[-105.03,39.6511],[-105.03,39.6513],[-105.0304,39.6513],[-105.0304,39.6517],[-105.0305,39.6518],[-105.031,39.652],[-105.0322,39.6521],[-105.0325,39.6522],[-105.0329,39.6523],[-105.033,39.6523],[-105.0331,39.6524],[-105.0329,39.6525],[-105.0328,39.6525],[-105.0326,39.6527],[-105.0324,39.6528],[-105.0324,39.6529],[-105.0322,39.6531],[-105.0322,39.6532],[-105.0322,39.6533],[-105.0322,39.6538],[-105.0321,39.6542],[-105.0321,39.6551],[-105.0321,39.6556],[-105.0321,39.6557],[-105.0321,39.6559],[-105.0321,39.656],[-105.0322,39.6562],[-105.0323,39.6563],[-105.0323,39.6564],[-105.0324,39.6565],[-105.0325,39.6566],[-105.0326,39.6567],[-105.0327,39.6568],[-105.0328,39.6568],[-105.0331,39.657],[-105.0322,39.657],[-105.032,39.657],[-105.0309,39.657],[-105.0298,39.6569],[-105.0298,39.6571],[-105.0298,39.6574],[-105.0289,39.6574],[-105.0261,39.6574],[-105.0252,39.6574],[-105.0253,39.6568],[-105.0252,39.6568],[-105.0241,39.6568],[-105.024,39.6568],[-105.023,39.6568],[-105.023,39.6572],[-105.0227,39.6572],[-105.0227,39.6586],[-105.0227,39.6594],[-105.0222,39.6594],[-105.0222,39.6598],[-105.0224,39.6598],[-105.0224,39.6603],[-105.0228,39.6603],[-105.023,39.6602],[-105.023,39.6605],[-105.0229,39.6605],[-105.0228,39.6605],[-105.0217,39.6605],[-105.0216,39.6605],[-105.0205,39.6605],[-105.0204,39.6605],[-105.0182,39.6605],[-105.0181,39.6605],[-105.018,39.6605],[-105.017,39.6605],[-105.0158,39.6605],[-105.0158,39.6619],[-105.0158,39.6621],[-105.0158,39.6623],[-105.0158,39.6633],[-105.0158,39.6637],[-105.0158,39.6642],[-105.0157,39.6653],[-105.0157,39.6657],[-105.0157,39.6661],[-105.0158,39.6661],[-105.0177,39.6661],[-105.0177,39.6666],[-105.0179,39.6666],[-105.018,39.6666],[-105.018,39.6669],[-105.0184,39.6669],[-105.0185,39.6669],[-105.0185,39.6665],[-105.0185,39.6661],[-105.0216,39.6661],[-105.0216,39.6665],[-105.0223,39.6665],[-105.0223,39.6666],[-105.0224,39.6666],[-105.0224,39.6667],[-105.0228,39.6667],[-105.0228,39.6668],[-105.0228,39.6669],[-105.0232,39.6669],[-105.0246,39.6669],[-105.0251,39.6669],[-105.0251,39.6667],[-105.0251,39.6665],[-105.0251,39.6664],[-105.026,39.6664],[-105.026,39.6665],[-105.026,39.6672],[-105.026,39.6677],[-105.0262,39.6677],[-105.0268,39.6677],[-105.027,39.6677],[-105.0272,39.6677],[-105.0278,39.6677],[-105.028,39.6677],[-105.0281,39.6677],[-105.0287,39.6677],[-105.0289,39.6677],[-105.0291,39.6677],[-105.0297,39.6677],[-105.0299,39.6677],[-105.0301,39.6677],[-105.0307,39.6677],[-105.0309,39.6677],[-105.0311,39.6677],[-105.0317,39.6677],[-105.0319,39.6677],[-105.0321,39.6677],[-105.0327,39.6677],[-105.0329,39.6677],[-105.0331,39.6677],[-105.0336,39.6677],[-105.0338,39.6677],[-105.0341,39.6677],[-105.0347,39.6677],[-105.035,39.6677],[-105.0352,39.6677],[-105.0357,39.6677],[-105.0359,39.6677],[-105.0361,39.6677],[-105.0367,39.6677],[-105.0368,39.6677],[-105.037,39.6677],[-105.0376,39.6677],[-105.0378,39.6677],[-105.0379,39.6677],[-105.0385,39.6677],[-105.0387,39.6677],[-105.0389,39.6677],[-105.0395,39.6677],[-105.0397,39.6677],[-105.0399,39.6677],[-105.0405,39.6677],[-105.0407,39.6677],[-105.0409,39.6677],[-105.0415,39.6677],[-105.0418,39.6677],[-105.042,39.6677],[-105.0426,39.6677],[-105.0428,39.6677],[-105.043,39.6677],[-105.0436,39.6677],[-105.0438,39.6677],[-105.044,39.6677],[-105.0446,39.6677],[-105.0448,39.6677],[-105.045,39.6677],[-105.0454,39.6677],[-105.0455,39.6677],[-105.0456,39.6677],[-105.0458,39.6677],[-105.046,39.6677],[-105.0464,39.6677],[-105.0466,39.6677],[-105.0468,39.6677],[-105.047,39.6677],[-105.0476,39.6677],[-105.0478,39.6677],[-105.048,39.6677],[-105.0486,39.6678],[-105.0488,39.6678],[-105.049,39.6678],[-105.0496,39.6678],[-105.0498,39.6678],[-105.05,39.6678],[-105.0506,39.6678],[-105.0508,39.6678],[-105.051,39.6678],[-105.0516,39.6678],[-105.0518,39.6678],[-105.0521,39.6678],[-105.0527,39.6678],[-105.0527,39.6677],[-105.0525,39.6677],[-105.0525,39.6674],[-105.0527,39.6663],[-105.0527,39.6656],[-105.0526,39.6656],[-105.0526,39.6626],[-105.0526,39.6596],[-105.0524,39.6583],[-105.053,39.6583],[-105.0532,39.6583],[-105.0532,39.658],[-105.0532,39.6579],[-105.0532,39.6578],[-105.0532,39.6573],[-105.0532,39.6572],[-105.0532,39.657],[-105.0532,39.6564],[-105.0532,39.6562],[-105.0527,39.6562],[-105.052,39.6562],[-105.0515,39.6562],[-105.0513,39.6562],[-105.0511,39.6562],[-105.0506,39.6564],[-105.0504,39.6565],[-105.0498,39.6567],[-105.0497,39.6567],[-105.0495,39.6568],[-105.049,39.657],[-105.0488,39.6571],[-105.0486,39.6572],[-105.0483,39.6573],[-105.0483,39.6571],[-105.0476,39.6562],[-105.0473,39.6555],[-105.0471,39.6549],[-105.047,39.6543],[-105.0469,39.6536],[-105.0483,39.6535],[-105.0486,39.6534],[-105.0492,39.6534],[-105.0493,39.6534],[-105.0497,39.6534],[-105.0498,39.6534],[-105.0502,39.6534],[-105.0517,39.6533],[-105.0522,39.6533],[-105.0525,39.6533],[-105.0531,39.6533],[-105.0531,39.6532],[-105.053,39.6523],[-105.053,39.6518],[-105.0532,39.6517],[-105.0532,39.6516],[-105.0531,39.6513],[-105.0531,39.6511],[-105.0531,39.6509],[-105.0531,39.6508],[-105.0531,39.6505],[-105.0531,39.6503],[-105.0531,39.6501],[-105.0531,39.6498],[-105.0532,39.6497],[-105.0532,39.6496],[-105.0532,39.6494],[-105.0532,39.6492],[-105.0532,39.6481],[-105.0532,39.6475],[-105.0532,39.6473],[-105.0532,39.6465],[-105.0532,39.6462],[-105.0532,39.6461],[-105.0532,39.646],[-105.0533,39.6457],[-105.0533,39.6456],[-105.0533,39.6453],[-105.0533,39.6451],[-105.0533,39.644],[-105.0533,39.6437],[-105.0534,39.6432],[-105.0534,39.6428],[-105.0534,39.6418],[-105.0534,39.6414],[-105.0534,39.6412],[-105.0534,39.6406],[-105.0534,39.6404],[-105.0534,39.6403],[-105.0534,39.6401],[-105.0533,39.6399],[-105.0533,39.6398],[-105.0533,39.6396],[-105.0533,39.6391],[-105.0533,39.6389],[-105.0533,39.6388],[-105.0534,39.637],[-105.0534,39.6353],[-105.0534,39.635],[-105.0533,39.6349],[-105.0533,39.6348],[-105.0533,39.6342],[-105.0534,39.632]]]}},{"type":"Feature","properties":{"zip":"80215","city":"Lakewood city","area":14.1},"geometry":{"type":"Polygon","coordinates":[[[-105.1471,39.7392],[-105.1471,39.7391],[-105.1469,39.7391],[-105.1467,39.7392],[-105.1464,39.7392],[-105.1456,39.7393],[-105.1445,39.7394],[-105.1433,39.7396],[-105.1429,39.7396],[-105.142,39.7397],[-105.1415,39.7397],[-105.1415,39.7394],[-105.1415,39.7387],[-105.1415,39.7378],[-105.1415,39.7374],[-105.1412,39.7375],[-105.1407,39.7376],[-105.1405,39.7377],[-105.1401,39.7379],[-105.1395,39.7382],[-105.1394,39.7382],[-105.1388,39.7384],[-105.1384,39.7386],[-105.1382,39.7387],[-105.138,39.7387],[-105.1377,39.7388],[-105.1377,39.7382],[-105.1365,39.7382],[-105.1341,39.7382],[-105.1329,39.7382],[-105.1329,39.7384],[-105.1329,39.7392],[-105.1329,39.7401],[-105.1318,39.7401],[-105.1306,39.7402],[-105.1295,39.7402],[-105.1283,39.7401],[-105.1283,39.7392],[-105.1284,39.7387],[-105.1284,39.7383],[-105.1284,39.7382],[-105.1283,39.7374],[-105.1284,39.7366],[-105.1284,39.736],[-105.1284,39.7359],[-105.1284,39.7354],[-105.1284,39.7348],[-105.128,39.7348],[-105.1277,39.7347],[-105.1274,39.7347],[-105.1273,39.7346],[-105.1272,39.7346],[-105.127,39.7345],[-105.1268,39.7344],[-105.1262,39.7341],[-105.1261,39.734],[-105.1259,39.734],[-105.1257,39.734],[-105.1256,39.7339],[-105.1255,39.7339],[-105.1254,39.7339],[-105.1253,39.7338],[-105.1252,39.7337],[-105.125,39.7335],[-105.1247,39.7333],[-105.1244,39.7332],[-105.1241,39.7331],[-105.124,39.7331],[-105.1239,39.7331],[-105.1237,39.7331],[-105.1237,39.733],[-105.1237,39.7319],[-105.1237,39.7315],[-105.1237,39.7314],[-105.1237,39.7294],[-105.1236,39.7291],[-105.1249,39.7291],[-105.125,39.7291],[-105.1248,39.7288],[-105.1247,39.7287],[-105.1246,39.7285],[-105.1245,39.7283],[-105.1244,39.7282],[-105.1244,39.728],[-105.1244,39.7278],[-105.1244,39.7276],[-105.1246,39.7273],[-105.1251,39.7259],[-105.1252,39.7256],[-105.1253,39.7255],[-105.1257,39.7255],[-105.1304,39.7254],[-105.1306,39.7253],[-105.1253,39.7253],[-105.1222,39.7253],[-105.122,39.7253],[-105.121,39.7253],[-105.1187,39.7254],[-105.1128,39.7254],[-105.1121,39.7254],[-105.1103,39.7254],[-105.1098,39.7254],[-105.1097,39.7254],[-105.1096,39.7254],[-105.109,39.7254],[-105.1079,39.7254],[-105.1055,39.7254],[-105.104,39.7254],[-105.1002,39.7254],[-105.1002,39.7251],[-105.1002,39.7247],[-105.1002,39.724],[-105.0973,39.724],[-105.0973,39.7241],[-105.0974,39.7253],[-105.0966,39.7253],[-105.0963,39.7253],[-105.0952,39.7253],[-105.0942,39.7253],[-105.0932,39.7253],[-105.092,39.7253],[-105.0917,39.7253],[-105.0916,39.7253],[-105.0909,39.7253],[-105.0909,39.7255],[-105.0909,39.7256],[-105.0909,39.7257],[-105.0909,39.7262],[-105.0911,39.7262],[-105.0914,39.7262],[-105.0914,39.7269],[-105.0913,39.7281],[-105.0913,39.7284],[-105.0913,39.7285],[-105.0915,39.7285],[-105.0915,39.7288],[-105.0916,39.7288],[-105.0919,39.7288],[-105.0921,39.7288],[-105.092,39.729],[-105.092,39.7293],[-105.092,39.7294],[-105.092,39.7295],[-105.092,39.7324],[-105.0915,39.7324],[-105.0913,39.7324],[-105.0913,39.7326],[-105.0913,39.7329],[-105.0916,39.7329],[-105.0921,39.7329],[-105.0924,39.7329],[-105.0926,39.7329],[-105.0926,39.7363],[-105.0926,39.7365],[-105.0908,39.7365],[-105.0908,39.7367],[-105.0908,39.7372],[-105.0908,39.7384],[-105.0908,39.7402],[-105.0908,39.7403],[-105.0919,39.7403],[-105.0919,39.7421],[-105.0922,39.7421],[-105.0922,39.7428],[-105.0921,39.7428],[-105.0921,39.7431],[-105.0921,39.7433],[-105.0921,39.7434],[-105.092,39.7435],[-105.092,39.7436],[-105.0919,39.7436],[-105.0914,39.7436],[-105.0914,39.7439],[-105.0914,39.7447],[-105.0914,39.7448],[-105.0913,39.7471],[-105.0908,39.7471],[-105.0908,39.7473],[-105.0908,39.7475],[-105.0908,39.7476],[-105.0914,39.7476],[-105.0914,39.7512],[-105.0908,39.7512],[-105.0908,39.752],[-105.0908,39.7522],[-105.0908,39.753],[-105.0908,39.7535],[-105.0908,39.7548],[-105.0914,39.7548],[-105.0928,39.7548],[-105.0938,39.7548],[-105.095,39.7548],[-105.0965,39.7548],[-105.0973,39.7547],[-105.0987,39.7548],[-105.1001,39.7547],[-105.1002,39.7547],[-105.1005,39.7547],[-105.1021,39.7547],[-105.1041,39.7547],[-105.1066,39.7547],[-105.1075,39.7547],[-105.1096,39.7547],[-105.1096,39.7559],[-105.1096,39.7584],[-105.1096,39.7593],[-105.1096,39.7601],[-105.1096,39.761],[-105.1096,39.762],[-105.1116,39.762],[-105.1139,39.762],[-105.1143,39.7619],[-105.1144,39.7619],[-105.1146,39.7619],[-105.116,39.7619],[-105.1179,39.762],[-105.1184,39.7619],[-105.119,39.7619],[-105.1209,39.7619],[-105.1213,39.7619],[-105.1225,39.7619],[-105.1236,39.7619],[-105.1237,39.7619],[-105.126,39.7619],[-105.1269,39.7619],[-105.1271,39.7619],[-105.1272,39.7619],[-105.1285,39.7619],[-105.13,39.7619],[-105.1313,39.7619],[-105.1331,39.7619],[-105.1351,39.7619],[-105.1364,39.7619],[-105.1368,39.7619],[-105.1376,39.7619],[-105.1378,39.7619],[-105.1387,39.7619],[-105.1388,39.7619],[-105.1396,39.7619],[-105.1406,39.7619],[-105.1425,39.7619],[-105.1425,39.7601],[-105.1425,39.7593],[-105.1425,39.7589],[-105.1425,39.7588],[-105.1425,39.7583],[-105.1425,39.7582],[-105.1424,39.757],[-105.1424,39.7555],[-105.1424,39.7547],[-105.1424,39.7545],[-105.1424,39.754],[-105.1424,39.7531],[-105.1424,39.7509],[-105.1424,39.7506],[-105.1424,39.7501],[-105.1424,39.7486],[-105.1424,39.7473],[-105.1424,39.7458],[-105.1424,39.7454],[-105.1424,39.7451],[-105.1424,39.744],[-105.1424,39.7436],[-105.1423,39.7424],[-105.1424,39.7421],[-105.1423,39.7418],[-105.1423,39.7417],[-105.1424,39.7416],[-105.1424,39.7415],[-105.1427,39.7413],[-105.1432,39.741],[-105.1434,39.7409],[-105.1438,39.7406],[-105.144,39.7405],[-105.1444,39.7401],[-105.1447,39.7398],[-105.1449,39.7397],[-105.1451,39.7396],[-105.1457,39.7395],[-105.1459,39.7395],[-105.1463,39.7395],[-105.1465,39.7395],[-105.1467,39.7395],[-105.1468,39.7395],[-105.1468,39.7394],[-105.1469,39.7394],[-105.1469,39.7393],[-105.147,39.7393],[-105.1471,39.7393],[-105.1471,39.7392]]]}},{"type":"Feature","properties":{"zip":"80113","city":"Cherry Hills Village city","area":19.9},"geometry":{"type":"Polygon","coordinates":[[[-104.9926,39.6211],[-104.9926,39.621],[-104.9916,39.6208],[-104.9914,39.6208],[-104.991,39.6207],[-104.9908,39.6207],[-104.9906,39.6205],[-104.9905,39.6205],[-104.9904,39.6205],[-104.9903,39.6205],[-104.9903,39.6204],[-104.9902,39.6204],[-104.9901,39.6204],[-104.99,39.6198],[-104.9899,39.6198],[-104.988,39.6198],[-104.988,39.6169],[-104.988,39.6168],[-104.9854,39.6168],[-104.9827,39.6168],[-104.9816,39.6168],[-104.9808,39.6168],[-104.9804,39.6168],[-104.9804,39.6169],[-104.9804,39.6174],[-104.9806,39.6174],[-104.9809,39.6174],[-104.9838,39.619],[-104.9838,39.6195],[-104.9838,39.6196],[-104.9839,39.6198],[-104.9839,39.62],[-104.9841,39.6201],[-104.9841,39.62],[-104.9841,39.6201],[-104.9843,39.6202],[-104.9844,39.6202],[-104.9845,39.6203],[-104.9847,39.6204],[-104.9848,39.6206],[-104.9849,39.6206],[-104.9849,39.6207],[-104.985,39.6207],[-104.9851,39.6208],[-104.9853,39.621],[-104.9854,39.6211],[-104.9855,39.6213],[-104.9863,39.6216],[-104.9863,39.6217],[-104.9861,39.622],[-104.9858,39.6224],[-104.9859,39.6226],[-104.9859,39.6229],[-104.9859,39.6241],[-104.9854,39.624],[-104.9843,39.624],[-104.9833,39.624],[-104.9822,39.624],[-104.9816,39.6241],[-104.9812,39.6241],[-104.9803,39.6241],[-104.9797,39.6241],[-104.9786,39.6241],[-104.9776,39.6241],[-104.9777,39.6242],[-104.9777,39.625],[-104.9745,39.625],[-104.9733,39.6251],[-104.9727,39.625],[-104.9716,39.625],[-104.971,39.625],[-104.971,39.6251],[-104.9705,39.6251],[-104.9705,39.6241],[-104.9692,39.6241],[-104.968,39.6242],[-104.9667,39.6242],[-104.9645,39.6242],[-104.9622,39.6242],[-104.9598,39.6242],[-104.9539,39.6242],[-104.9504,39.6242],[-104.9503,39.6242],[-104.9432,39.6242],[-104.9423,39.6241],[-104.9416,39.6241],[-104.9411,39.6241],[-104.9411,39.6264],[-104.941,39.6273],[-104.941,39.6274],[-104.941,39.6283],[-104.941,39.6288],[-104.941,39.6292],[-104.941,39.6293],[-104.9371,39.6293],[-104.9368,39.6293],[-104.9363,39.6294],[-104.9361,39.6293],[-104.9358,39.6292],[-104.9354,39.6289],[-104.9352,39.6288],[-104.9349,39.6287],[-104.9347,39.6286],[-104.9346,39.6286],[-104.9344,39.6287],[-104.9343,39.6289],[-104.9342,39.629],[-104.9342,39.6293],[-104.9343,39.6295],[-104.9343,39.6298],[-104.9343,39.6299],[-104.9342,39.63],[-104.9337,39.6301],[-104.9334,39.6301],[-104.9331,39.6302],[-104.9324,39.6302],[-104.9321,39.6303],[-104.932,39.6304],[-104.932,39.6308],[-104.9319,39.631],[-104.9318,39.6311],[-104.9317,39.6312],[-104.9314,39.6314],[-104.9311,39.6315],[-104.9309,39.6315],[-104.93,39.6313],[-104.9292,39.631],[-104.9289,39.631],[-104.9286,39.631],[-104.9284,39.6311],[-104.9283,39.6312],[-104.9275,39.6313],[-104.9274,39.6298],[-104.926,39.6298],[-104.926,39.6289],[-104.9251,39.6287],[-104.9251,39.6309],[-104.9251,39.6313],[-104.9238,39.6313],[-104.9247,39.6329],[-104.9252,39.6329],[-104.9256,39.6339],[-104.9257,39.6343],[-104.925,39.6344],[-104.9255,39.6355],[-104.9259,39.6354],[-104.9259,39.6363],[-104.9255,39.6363],[-104.9255,39.6371],[-104.925,39.6371],[-104.925,39.6374],[-104.9241,39.6374],[-104.9241,39.6386],[-104.9238,39.6386],[-104.9235,39.6386],[-104.9226,39.6386],[-104.9227,39.6387],[-104.9226,39.6414],[-104.9226,39.6415],[-104.9226,39.6422],[-104.9232,39.6422],[-104.9231,39.6442],[-104.923,39.6446],[-104.9226,39.6446],[-104.9225,39.6448],[-104.9225,39.6457],[-104.9225,39.6458],[-104.9274,39.6458],[-104.9319,39.6458],[-104.9319,39.646],[-104.9319,39.6473],[-104.9318,39.6494],[-104.9318,39.6503],[-104.9317,39.6513],[-104.9317,39.6514],[-104.9317,39.653],[-104.9319,39.653],[-104.9326,39.653],[-104.9328,39.653],[-104.9339,39.653],[-104.934,39.653],[-104.9351,39.653],[-104.9354,39.653],[-104.9362,39.653],[-104.9363,39.653],[-104.9374,39.653],[-104.9386,39.653],[-104.9398,39.653],[-104.9402,39.653],[-104.9407,39.653],[-104.9454,39.653],[-104.9464,39.653],[-104.9472,39.653],[-104.9493,39.653],[-104.9504,39.653],[-104.9527,39.653],[-104.9537,39.653],[-104.9541,39.653],[-104.955,39.653],[-104.9544,39.6559],[-104.9543,39.6559],[-104.9539,39.6559],[-104.9535,39.656],[-104.9538,39.6567],[-104.9541,39.6567],[-104.9558,39.6567],[-104.9595,39.6567],[-104.9595,39.6568],[-104.9595,39.6571],[-104.9595,39.6572],[-104.9595,39.6596],[-104.9594,39.6603],[-104.9595,39.6604],[-104.9595,39.6611],[-104.9595,39.6614],[-104.9594,39.6614],[-104.9594,39.6615],[-104.9631,39.6616],[-104.9631,39.6604],[-104.9632,39.6604],[-104.9641,39.6604],[-104.9642,39.6604],[-104.9652,39.6604],[-104.9653,39.6604],[-104.966,39.6604],[-104.9661,39.6604],[-104.9665,39.6604],[-104.967,39.6604],[-104.9676,39.6604],[-104.9679,39.6604],[-104.9688,39.6604],[-104.9688,39.662],[-104.9688,39.6635],[-104.9688,39.6636],[-104.9688,39.664],[-104.9688,39.6649],[-104.9688,39.6658],[-104.97,39.6658],[-104.9703,39.6658],[-104.9711,39.6659],[-104.9719,39.6659],[-104.9721,39.6659],[-104.9725,39.6659],[-104.9735,39.6659],[-104.9735,39.6663],[-104.9735,39.6666],[-104.9735,39.6669],[-104.9735,39.6677],[-104.9736,39.6677],[-104.9739,39.6677],[-104.9746,39.6677],[-104.9758,39.6677],[-104.977,39.6677],[-104.9782,39.6677],[-104.9783,39.6677],[-104.9786,39.6677],[-104.9787,39.6677],[-104.9793,39.6677],[-104.9796,39.6677],[-104.9805,39.6677],[-104.9806,39.6677],[-104.9817,39.6677],[-104.9828,39.6677],[-104.9829,39.6677],[-104.984,39.6677],[-104.9841,39.6677],[-104.9852,39.6677],[-104.9858,39.6677],[-104.9864,39.6677],[-104.9876,39.6677],[-104.9883,39.6677],[-104.9882,39.6659],[-104.9882,39.6658],[-104.9883,39.6642],[-104.9883,39.6641],[-104.9888,39.6641],[-104.9888,39.6623],[-104.9886,39.6623],[-104.9883,39.6623],[-104.9883,39.6622],[-104.9883,39.661],[-104.9883,39.6605],[-104.9883,39.6604],[-104.9883,39.6586],[-104.9883,39.6573],[-104.9888,39.6573],[-104.9888,39.657],[-104.9883,39.657],[-104.9883,39.6568],[-104.9883,39.6564],[-104.9876,39.6564],[-104.9876,39.655],[-104.9888,39.655],[-104.9888,39.6541],[-104.9883,39.6541],[-104.9883,39.6534],[-104.9881,39.6534],[-104.9881,39.6532],[-104.9876,39.6532],[-104.9877,39.6527],[-104.9877,39.6519],[-104.9877,39.6515],[-104.9877,39.6514],[-104.9877,39.6509],[-104.9877,39.6507],[-104.9883,39.6506],[-104.9883,39.65],[-104.9883,39.6494],[-104.9883,39.6476],[-104.9883,39.6468],[-104.9889,39.6468],[-104.989,39.6458],[-104.9884,39.6458],[-104.9884,39.6457],[-104.9884,39.644],[-104.9884,39.6439],[-104.9884,39.6422],[-104.9884,39.6421],[-104.9884,39.6404],[-104.9884,39.6403],[-104.9885,39.6386],[-104.9885,39.6367],[-104.9885,39.635],[-104.9885,39.6349],[-104.9885,39.6332],[-104.9885,39.6331],[-104.9885,39.6313],[-104.9886,39.6295],[-104.988,39.6295],[-104.9879,39.6295],[-104.9879,39.6277],[-104.9892,39.6277],[-104.9892,39.6259],[-104.9892,39.6253],[-104.9892,39.6246],[-104.9892,39.6241],[-104.988,39.6241],[-104.988,39.6228],[-104.9899,39.6221],[-104.9916,39.6215],[-104.9926,39.6211]]]}},{"type":"Feature","properties":{"zip":"80030","city":"Westminster city","area":6.8},"geometry":{"type":"Polygon","coordinates":[[[-105.0533,39.8212],[-105.0533,39.8211],[-105.0533,39.8209],[-105.0533,39.8202],[-105.0533,39.8201],[-105.0533,39.82],[-105.0533,39.8198],[-105.0533,39.8197],[-105.0533,39.8183],[-105.0533,39.8182],[-105.0533,39.8164],[-105.0531,39.8164],[-105.048,39.8164],[-105.0452,39.8164],[-105.0441,39.8165],[-105.0441,39.8175],[-105.044,39.8175],[-105.0439,39.8174],[-105.0438,39.8174],[-105.0437,39.8174],[-105.0436,39.8173],[-105.0435,39.8173],[-105.0432,39.8174],[-105.0431,39.8174],[-105.0428,39.8174],[-105.0427,39.8174],[-105.0425,39.8175],[-105.0422,39.8175],[-105.042,39.8175],[-105.0417,39.8175],[-105.0415,39.8175],[-105.0414,39.8175],[-105.0413,39.8175],[-105.0411,39.8175],[-105.041,39.8175],[-105.0408,39.8175],[-105.0406,39.8175],[-105.0404,39.8175],[-105.0402,39.8174],[-105.0401,39.8174],[-105.04,39.8173],[-105.0397,39.8173],[-105.0395,39.8173],[-105.0393,39.8173],[-105.0391,39.8173],[-105.0389,39.8173],[-105.0388,39.8173],[-105.0387,39.8172],[-105.0386,39.8173],[-105.0384,39.8173],[-105.0384,39.8174],[-105.0383,39.8174],[-105.0382,39.8174],[-105.0381,39.8174],[-105.038,39.8175],[-105.0379,39.8175],[-105.0377,39.8176],[-105.0374,39.8177],[-105.0372,39.8176],[-105.0369,39.8176],[-105.0367,39.8177],[-105.0366,39.8177],[-105.0365,39.8178],[-105.0364,39.8179],[-105.0363,39.818],[-105.0363,39.8182],[-105.0362,39.8182],[-105.0362,39.8184],[-105.0362,39.8185],[-105.0363,39.8186],[-105.0362,39.8187],[-105.0362,39.8188],[-105.0365,39.8189],[-105.0366,39.8189],[-105.0369,39.8189],[-105.037,39.8189],[-105.0372,39.8189],[-105.0375,39.8189],[-105.0377,39.8189],[-105.0378,39.819],[-105.038,39.8191],[-105.0381,39.8191],[-105.0382,39.8192],[-105.0381,39.8192],[-105.0356,39.8192],[-105.0354,39.8192],[-105.0354,39.8202],[-105.0345,39.8202],[-105.0345,39.8221],[-105.0345,39.8222],[-105.0345,39.8227],[-105.0345,39.8228],[-105.0344,39.8234],[-105.0344,39.8236],[-105.0344,39.8238],[-105.0344,39.824],[-105.0333,39.8241],[-105.0318,39.8241],[-105.0277,39.8221],[-105.0254,39.8209],[-105.0251,39.8208],[-105.0251,39.8219],[-105.0251,39.8223],[-105.0251,39.8226],[-105.0251,39.8227],[-105.0251,39.8236],[-105.025,39.8236],[-105.0237,39.8235],[-105.0235,39.8235],[-105.0234,39.8235],[-105.0233,39.8234],[-105.0232,39.8234],[-105.0229,39.8232],[-105.022,39.8226],[-105.0219,39.8226],[-105.0218,39.8225],[-105.0217,39.8225],[-105.0216,39.8225],[-105.0214,39.8224],[-105.0209,39.8224],[-105.0201,39.8223],[-105.0198,39.8223],[-105.0189,39.8222],[-105.0185,39.8222],[-105.0183,39.8222],[-105.0181,39.8222],[-105.0171,39.8222],[-105.0166,39.8223],[-105.0164,39.8223],[-105.0163,39.8223],[-105.0162,39.8223],[-105.0161,39.8222],[-105.016,39.8222],[-105.0159,39.8221],[-105.0158,39.822],[-105.0157,39.8224],[-105.0157,39.8227],[-105.0156,39.8251],[-105.0155,39.8272],[-105.0155,39.8273],[-105.0155,39.8277],[-105.0155,39.8301],[-105.0155,39.8308],[-105.0155,39.8316],[-105.0155,39.8333],[-105.016,39.8335],[-105.0168,39.8337],[-105.018,39.834],[-105.0192,39.8344],[-105.0203,39.8347],[-105.0213,39.835],[-105.0221,39.8352],[-105.0234,39.8356],[-105.0236,39.8357],[-105.0248,39.836],[-105.0248,39.8362],[-105.0248,39.8364],[-105.0248,39.8375],[-105.0248,39.8382],[-105.0248,39.8385],[-105.0248,39.8392],[-105.0248,39.8403],[-105.0248,39.8407],[-105.0248,39.8411],[-105.0248,39.8418],[-105.0249,39.8418],[-105.0249,39.8424],[-105.0253,39.8424],[-105.0256,39.8424],[-105.0259,39.8424],[-105.0261,39.8424],[-105.0264,39.8424],[-105.0267,39.8423],[-105.0267,39.842],[-105.0266,39.842],[-105.0266,39.8418],[-105.0273,39.8418],[-105.0276,39.8418],[-105.0285,39.8418],[-105.0286,39.8418],[-105.0296,39.8418],[-105.0308,39.8418],[-105.0319,39.8418],[-105.0331,39.8418],[-105.0343,39.8418],[-105.0355,39.8418],[-105.0358,39.8418],[-105.0361,39.8418],[-105.0363,39.8418],[-105.0365,39.8418],[-105.0367,39.8419],[-105.0368,39.8419],[-105.0372,39.842],[-105.0378,39.8421],[-105.0382,39.8422],[-105.0384,39.8422],[-105.0389,39.8422],[-105.0391,39.8422],[-105.0392,39.8422],[-105.0395,39.8422],[-105.0397,39.8422],[-105.0407,39.8422],[-105.0408,39.8422],[-105.0413,39.8421],[-105.042,39.8421],[-105.0424,39.842],[-105.0435,39.8419],[-105.0437,39.8418],[-105.044,39.8418],[-105.0441,39.8418],[-105.0442,39.8418],[-105.0452,39.8418],[-105.0455,39.8418],[-105.0462,39.8418],[-105.0467,39.8418],[-105.0472,39.8418],[-105.0479,39.8418],[-105.0482,39.8418],[-105.05,39.8418],[-105.0502,39.8418],[-105.051,39.8418],[-105.0519,39.8418],[-105.0532,39.8418],[-105.0532,39.8414],[-105.0532,39.8413],[-105.0532,39.8408],[-105.0533,39.8405],[-105.0533,39.8401],[-105.0533,39.84],[-105.0533,39.8399],[-105.0532,39.8394],[-105.0532,39.8391],[-105.0532,39.8388],[-105.0532,39.8386],[-105.0532,39.8384],[-105.0533,39.8382],[-105.0533,39.838],[-105.0533,39.8371],[-105.0533,39.8369],[-105.0533,39.8368],[-105.0533,39.8363],[-105.0533,39.8362],[-105.0533,39.8351],[-105.0533,39.8347],[-105.0533,39.8345],[-105.052,39.8345],[-105.0514,39.8345],[-105.0514,39.8327],[-105.052,39.8327],[-105.0533,39.8327],[-105.0533,39.8325],[-105.0533,39.8313],[-105.0533,39.831],[-105.0533,39.8309],[-105.0533,39.8308],[-105.0533,39.8307],[-105.0533,39.8306],[-105.0533,39.8299],[-105.0533,39.8297],[-105.0533,39.8296],[-105.0533,39.8295],[-105.0533,39.8289],[-105.0533,39.8288],[-105.0533,39.8287],[-105.0533,39.8273],[-105.0533,39.8237],[-105.0533,39.8236],[-105.0533,39.8233],[-105.0533,39.8231],[-105.0533,39.8229],[-105.0533,39.8228],[-105.0533,39.822],[-105.0533,39.8219],[-105.0533,39.8218],[-105.0533,39.8214],[-105.0533,39.8212]]]}},{"type":"Feature","properties":{"zip":"80010","city":"Aurora city","area":13.3},"geometry":{"type":"Polygon","coordinates":[[[-104.8846,39.7387],[-104.8847,39.7373],[-104.8841,39.7373],[-104.8841,39.7356],[-104.8842,39.7356],[-104.8841,39.7342],[-104.8842,39.7341],[-104.8842,39.7328],[-104.8835,39.7328],[-104.8824,39.7328],[-104.8821,39.7328],[-104.8812,39.7328],[-104.88,39.733],[-104.8788,39.7328],[-104.8776,39.7328],[-104.8765,39.7329],[-104.8753,39.7329],[-104.8753,39.731],[-104.8753,39.7293],[-104.8753,39.7292],[-104.8753,39.7271],[-104.8753,39.7263],[-104.8753,39.7256],[-104.8753,39.7232],[-104.8753,39.7201],[-104.8753,39.7197],[-104.8753,39.7192],[-104.8753,39.7189],[-104.8753,39.7188],[-104.8752,39.7187],[-104.8751,39.7186],[-104.875,39.7185],[-104.8749,39.7184],[-104.8748,39.7184],[-104.8747,39.7183],[-104.8746,39.7183],[-104.8745,39.7182],[-104.8743,39.7182],[-104.8742,39.7182],[-104.874,39.7182],[-104.8737,39.7182],[-104.8729,39.7182],[-104.8717,39.7182],[-104.8708,39.7182],[-104.8706,39.7182],[-104.8706,39.718],[-104.8706,39.7122],[-104.8706,39.7112],[-104.8706,39.7102],[-104.8695,39.7104],[-104.866,39.7111],[-104.866,39.7147],[-104.8659,39.7161],[-104.8659,39.7168],[-104.8657,39.7168],[-104.8613,39.7168],[-104.8613,39.7149],[-104.8611,39.715],[-104.8611,39.7149],[-104.861,39.7148],[-104.8608,39.7145],[-104.8607,39.7143],[-104.8599,39.7147],[-104.8595,39.7149],[-104.8593,39.715],[-104.859,39.7151],[-104.8587,39.715],[-104.8583,39.7149],[-104.8575,39.7148],[-104.8568,39.7148],[-104.8564,39.7148],[-104.8561,39.7148],[-104.8559,39.7149],[-104.8556,39.7149],[-104.8554,39.715],[-104.8552,39.7151],[-104.855,39.7153],[-104.8548,39.7155],[-104.8546,39.7158],[-104.8546,39.716],[-104.8546,39.7162],[-104.8546,39.7163],[-104.8546,39.7164],[-104.8547,39.7166],[-104.8549,39.7169],[-104.8549,39.7172],[-104.8549,39.7173],[-104.8547,39.7175],[-104.8546,39.7177],[-104.8545,39.7177],[-104.8543,39.7178],[-104.8538,39.718],[-104.8533,39.7182],[-104.853,39.7184],[-104.8527,39.7186],[-104.8524,39.7188],[-104.8521,39.7191],[-104.8518,39.7193],[-104.8514,39.7196],[-104.8511,39.7199],[-104.8508,39.7202],[-104.8506,39.7204],[-104.8504,39.7206],[-104.8499,39.7209],[-104.8496,39.721],[-104.8492,39.7213],[-104.8485,39.7216],[-104.8483,39.7216],[-104.8478,39.7217],[-104.8475,39.7216],[-104.8474,39.7216],[-104.8472,39.7216],[-104.8472,39.7217],[-104.8472,39.7225],[-104.8472,39.7226],[-104.8474,39.7226],[-104.8476,39.7226],[-104.8477,39.7226],[-104.8479,39.7226],[-104.848,39.7227],[-104.8482,39.7227],[-104.8483,39.7227],[-104.8485,39.7228],[-104.8486,39.7228],[-104.8488,39.7229],[-104.8489,39.723],[-104.849,39.723],[-104.8492,39.7231],[-104.8493,39.7232],[-104.8494,39.7233],[-104.8495,39.7234],[-104.8496,39.7235],[-104.8497,39.7236],[-104.8498,39.7237],[-104.8499,39.7238],[-104.85,39.7239],[-104.85,39.724],[-104.8501,39.7241],[-104.8502,39.7242],[-104.8502,39.7244],[-104.8502,39.7245],[-104.8503,39.7246],[-104.8503,39.7247],[-104.8503,39.7249],[-104.8503,39.725],[-104.8503,39.7256],[-104.8504,39.7256],[-104.8523,39.7256],[-104.8523,39.7262],[-104.851,39.7262],[-104.8511,39.7263],[-104.8511,39.7269],[-104.8511,39.727],[-104.8509,39.727],[-104.8509,39.7271],[-104.8499,39.7286],[-104.8493,39.7287],[-104.8492,39.7288],[-104.8491,39.7285],[-104.8486,39.7286],[-104.8479,39.7286],[-104.8478,39.7286],[-104.8477,39.7286],[-104.8472,39.7289],[-104.8472,39.7309],[-104.8472,39.7317],[-104.8472,39.733],[-104.8471,39.7361],[-104.8473,39.7361],[-104.8474,39.7361],[-104.8475,39.7362],[-104.8476,39.7362],[-104.8477,39.7363],[-104.8478,39.7364],[-104.8479,39.7364],[-104.848,39.7364],[-104.8481,39.7365],[-104.8482,39.7365],[-104.8485,39.7365],[-104.8485,39.7374],[-104.8485,39.738],[-104.8485,39.7381],[-104.8485,39.7382],[-104.8484,39.7382],[-104.8483,39.7382],[-104.8481,39.7383],[-104.8481,39.7384],[-104.8481,39.7388],[-104.8476,39.7388],[-104.8476,39.7389],[-104.8476,39.7392],[-104.8477,39.7392],[-104.8476,39.7399],[-104.8476,39.7402],[-104.8471,39.7402],[-104.8471,39.7413],[-104.8471,39.742],[-104.8471,39.7429],[-104.8471,39.7438],[-104.847,39.7447],[-104.847,39.7456],[-104.847,39.7474],[-104.847,39.7484],[-104.847,39.7511],[-104.847,39.7532],[-104.847,39.7541],[-104.8469,39.7546],[-104.8468,39.7546],[-104.8463,39.7546],[-104.8454,39.7546],[-104.8448,39.7546],[-104.8444,39.7546],[-104.844,39.7546],[-104.8436,39.7546],[-104.8425,39.7546],[-104.8397,39.7546],[-104.8384,39.7546],[-104.8376,39.7546],[-104.8374,39.7546],[-104.836,39.7546],[-104.8354,39.7546],[-104.8353,39.7546],[-104.8351,39.7545],[-104.8349,39.7545],[-104.8347,39.7545],[-104.8344,39.7544],[-104.8342,39.7542],[-104.834,39.7541],[-104.8337,39.7539],[-104.8336,39.7538],[-104.8334,39.7535],[-104.833,39.753],[-104.8329,39.7528],[-104.8329,39.7531],[-104.8329,39.7545],[-104.8329,39.7547],[-104.8329,39.7548],[-104.833,39.7549],[-104.8334,39.7551],[-104.834,39.7554],[-104.8345,39.7556],[-104.8351,39.7557],[-104.8354,39.7557],[-104.8358,39.7558],[-104.8365,39.7559],[-104.8369,39.756],[-104.8372,39.7561],[-104.8374,39.7561],[-104.8379,39.7563],[-104.8382,39.7564],[-104.8386,39.7565],[-104.8389,39.7567],[-104.8408,39.7567],[-104.8423,39.7567],[-104.8447,39.7567],[-104.8464,39.7567],[-104.8468,39.7567],[-104.8469,39.7567],[-104.8469,39.7568],[-104.847,39.7585],[-104.847,39.7592],[-104.8468,39.7592],[-104.8463,39.7592],[-104.8459,39.7592],[-104.8457,39.7592],[-104.8457,39.76],[-104.8458,39.7625],[-104.8447,39.7625],[-104.8444,39.7625],[-104.8444,39.7627],[-104.8445,39.7648],[-104.8445,39.7669],[-104.8438,39.7669],[-104.8424,39.7668],[-104.8406,39.7666],[-104.8378,39.7664],[-104.8369,39.7663],[-104.8362,39.7663],[-104.8357,39.7662],[-104.8354,39.7662],[-104.835,39.7661],[-104.8346,39.766],[-104.8342,39.766],[-104.8339,39.7659],[-104.8335,39.7658],[-104.8334,39.7658],[-104.8331,39.7657],[-104.8326,39.7655],[-104.8323,39.7654],[-104.8319,39.7653],[-104.8314,39.7652],[-104.8309,39.765],[-104.8287,39.7644],[-104.8284,39.7643],[-104.8279,39.7642],[-104.8279,39.7644],[-104.8279,39.7645],[-104.8279,39.7646],[-104.8279,39.7647],[-104.828,39.7661],[-104.828,39.7665],[-104.828,39.7668],[-104.828,39.7672],[-104.8281,39.7677],[-104.8283,39.7684],[-104.8283,39.7688],[-104.8283,39.7689],[-104.8283,39.7691],[-104.8283,39.7692],[-104.8304,39.7692],[-104.833,39.7692],[-104.833,39.7684],[-104.833,39.7683],[-104.833,39.767],[-104.833,39.7664],[-104.8333,39.7665],[-104.8337,39.7666],[-104.8341,39.7667],[-104.8345,39.7667],[-104.8349,39.7668],[-104.8353,39.7669],[-104.8356,39.7669],[-104.8361,39.767],[-104.8365,39.7671],[-104.8369,39.7671],[-104.8376,39.7672],[-104.8405,39.7674],[-104.8425,39.7675],[-104.843,39.7676],[-104.8447,39.7677],[-104.8469,39.7679],[-104.8474,39.7679],[-104.8486,39.768],[-104.849,39.768],[-104.8521,39.7683],[-104.8537,39.7684],[-104.8564,39.7686],[-104.8564,39.7684],[-104.8564,39.7683],[-104.8564,39.7681],[-104.8564,39.768],[-104.8564,39.7678],[-104.8564,39.7653],[-104.8564,39.7642],[-104.8564,39.7603],[-104.8564,39.7598],[-104.8564,39.7597],[-104.8563,39.7596],[-104.8563,39.7584],[-104.8563,39.7581],[-104.8555,39.7578],[-104.855,39.7579],[-104.8549,39.7578],[-104.8547,39.7579],[-104.8544,39.7581],[-104.8539,39.7578],[-104.8535,39.7576],[-104.853,39.7575],[-104.8525,39.7574],[-104.852,39.7573],[-104.8514,39.757],[-104.8508,39.7567],[-104.8482,39.7564],[-104.8482,39.7562],[-104.8481,39.7558],[-104.848,39.7554],[-104.8477,39.7552],[-104.8469,39.7552],[-104.8469,39.7551],[-104.8469,39.7549],[-104.8469,39.7548],[-104.8469,39.7547],[-104.8515,39.7547],[-104.8518,39.7547],[-104.854,39.7547],[-104.8564,39.7547],[-104.8566,39.7547],[-104.8587,39.7547],[-104.8588,39.7547],[-104.8613,39.7547],[-104.8636,39.7547],[-104.8646,39.7547],[-104.8659,39.7547],[-104.8666,39.7547],[-104.8668,39.7547],[-104.8669,39.7547],[-104.8678,39.7547],[-104.8687,39.7547],[-104.8696,39.7547],[-104.8706,39.7548],[-104.8715,39.7547],[-104.8724,39.7547],[-104.873,39.7547],[-104.8734,39.7547],[-104.8743,39.7547],[-104.8752,39.7547],[-104.8768,39.7547],[-104.8779,39.7547],[-104.8787,39.7547],[-104.8799,39.7547],[-104.8799,39.7546],[-104.8799,39.7508],[-104.8799,39.7504],[-104.88,39.7496],[-104.88,39.7493],[-104.88,39.749],[-104.88,39.7476],[-104.88,39.7474],[-104.8801,39.7474],[-104.8811,39.7474],[-104.8823,39.7474],[-104.8834,39.7474],[-104.884,39.7474],[-104.884,39.7473],[-104.884,39.7456],[-104.884,39.7455],[-104.884,39.7438],[-104.884,39.7437],[-104.884,39.742],[-104.884,39.7407],[-104.8846,39.7407],[-104.8846,39.7402],[-104.8846,39.7387]]]}},{"type":"Feature","properties":{"zip":"80003","city":"Arvada city","area":17.0},"geometry":{"type":"Polygon","coordinates":[[[-105.0841,39.8219],[-105.0841,39.8218],[-105.084,39.8217],[-105.084,39.8216],[-105.0839,39.8215],[-105.0837,39.8213],[-105.0836,39.8212],[-105.0836,39.8211],[-105.0836,39.821],[-105.0836,39.8209],[-105.0837,39.8208],[-105.0838,39.8206],[-105.0839,39.8204],[-105.0838,39.8201],[-105.0815,39.8201],[-105.0815,39.8186],[-105.0815,39.8183],[-105.0815,39.8165],[-105.0815,39.8153],[-105.0814,39.8147],[-105.0813,39.8143],[-105.0812,39.8141],[-105.0805,39.8129],[-105.0814,39.8129],[-105.0814,39.8111],[-105.0814,39.8097],[-105.0814,39.8093],[-105.082,39.8093],[-105.082,39.8086],[-105.0838,39.8086],[-105.0838,39.808],[-105.0836,39.808],[-105.0814,39.8074],[-105.0814,39.8072],[-105.0823,39.8072],[-105.0823,39.8067],[-105.0826,39.8067],[-105.0826,39.8064],[-105.0821,39.8064],[-105.0821,39.8061],[-105.082,39.8061],[-105.082,39.806],[-105.0814,39.806],[-105.0814,39.8056],[-105.0814,39.8049],[-105.0814,39.8042],[-105.0814,39.8038],[-105.0814,39.8037],[-105.0814,39.8029],[-105.0814,39.8028],[-105.0814,39.802],[-105.08,39.802],[-105.0792,39.802],[-105.0783,39.802],[-105.0771,39.802],[-105.0766,39.802],[-105.0765,39.802],[-105.0764,39.802],[-105.0759,39.802],[-105.0755,39.802],[-105.0752,39.8021],[-105.0748,39.8022],[-105.0744,39.8022],[-105.074,39.8022],[-105.0737,39.8022],[-105.0726,39.8022],[-105.0696,39.8022],[-105.0685,39.8022],[-105.0683,39.8022],[-105.0682,39.8022],[-105.0676,39.8021],[-105.0673,39.802],[-105.067,39.802],[-105.0667,39.8019],[-105.0662,39.8018],[-105.0661,39.8018],[-105.0657,39.8018],[-105.0631,39.8018],[-105.0625,39.8017],[-105.0619,39.8016],[-105.0615,39.8014],[-105.0605,39.801],[-105.0604,39.801],[-105.0584,39.8014],[-105.0569,39.8017],[-105.0554,39.802],[-105.0533,39.8024],[-105.0528,39.8025],[-105.0526,39.8026],[-105.0525,39.8026],[-105.0502,39.8031],[-105.0501,39.8031],[-105.05,39.8031],[-105.049,39.8033],[-105.0485,39.8034],[-105.0471,39.8037],[-105.0469,39.8038],[-105.044,39.8044],[-105.0434,39.8045],[-105.0431,39.8045],[-105.0428,39.8046],[-105.0423,39.8046],[-105.042,39.8046],[-105.0416,39.8046],[-105.0365,39.8043],[-105.0363,39.8043],[-105.036,39.8043],[-105.0357,39.8043],[-105.0355,39.8043],[-105.0351,39.8043],[-105.0347,39.8043],[-105.0347,39.8044],[-105.0347,39.8046],[-105.0347,39.8071],[-105.0347,39.808],[-105.0347,39.8084],[-105.0347,39.8092],[-105.0347,39.8111],[-105.0347,39.8128],[-105.0346,39.8146],[-105.0346,39.8165],[-105.0346,39.8183],[-105.0345,39.8202],[-105.0354,39.8202],[-105.0354,39.8192],[-105.0356,39.8192],[-105.0381,39.8192],[-105.0382,39.8192],[-105.0381,39.8191],[-105.038,39.8191],[-105.0378,39.819],[-105.0377,39.8189],[-105.0375,39.8189],[-105.0372,39.8189],[-105.037,39.8189],[-105.0369,39.8189],[-105.0366,39.8189],[-105.0365,39.8189],[-105.0362,39.8188],[-105.0362,39.8187],[-105.0363,39.8186],[-105.0362,39.8185],[-105.0362,39.8184],[-105.0362,39.8182],[-105.0363,39.8182],[-105.0363,39.818],[-105.0364,39.8179],[-105.0365,39.8178],[-105.0366,39.8177],[-105.0367,39.8177],[-105.0369,39.8176],[-105.0372,39.8176],[-105.0374,39.8177],[-105.0377,39.8176],[-105.0379,39.8175],[-105.038,39.8175],[-105.0381,39.8174],[-105.0382,39.8174],[-105.0383,39.8174],[-105.0384,39.8174],[-105.0384,39.8173],[-105.0386,39.8173],[-105.0387,39.8172],[-105.0388,39.8173],[-105.0389,39.8173],[-105.0391,39.8173],[-105.0393,39.8173],[-105.0395,39.8173],[-105.0397,39.8173],[-105.04,39.8173],[-105.0401,39.8174],[-105.0402,39.8174],[-105.0404,39.8175],[-105.0406,39.8175],[-105.0408,39.8175],[-105.041,39.8175],[-105.0411,39.8175],[-105.0413,39.8175],[-105.0414,39.8175],[-105.0415,39.8175],[-105.0417,39.8175],[-105.042,39.8175],[-105.0422,39.8175],[-105.0425,39.8175],[-105.0427,39.8174],[-105.0428,39.8174],[-105.0431,39.8174],[-105.0432,39.8174],[-105.0435,39.8173],[-105.0436,39.8173],[-105.0437,39.8174],[-105.0438,39.8174],[-105.0439,39.8174],[-105.044,39.8175],[-105.0441,39.8175],[-105.0441,39.8165],[-105.0452,39.8164],[-105.048,39.8164],[-105.0531,39.8164],[-105.0533,39.8164],[-105.0533,39.8182],[-105.0533,39.8183],[-105.0533,39.8197],[-105.0533,39.8198],[-105.0533,39.82],[-105.0533,39.8201],[-105.0533,39.8202],[-105.0533,39.8209],[-105.0533,39.8211],[-105.0533,39.8212],[-105.0533,39.8214],[-105.0533,39.8218],[-105.0533,39.8219],[-105.0533,39.822],[-105.0533,39.8228],[-105.0533,39.8229],[-105.0533,39.8231],[-105.0533,39.8233],[-105.0533,39.8236],[-105.0533,39.8237],[-105.0533,39.8273],[-105.0533,39.8287],[-105.0533,39.8288],[-105.0533,39.8289],[-105.0533,39.8295],[-105.0533,39.8296],[-105.0533,39.8297],[-105.0533,39.8299],[-105.0533,39.8306],[-105.0533,39.8307],[-105.0533,39.8308],[-105.0533,39.8309],[-105.0533,39.831],[-105.0533,39.8313],[-105.0533,39.8325],[-105.0533,39.8327],[-105.052,39.8327],[-105.0514,39.8327],[-105.0514,39.8345],[-105.052,39.8345],[-105.0533,39.8345],[-105.0533,39.8347],[-105.0533,39.8351],[-105.0533,39.8362],[-105.0533,39.8363],[-105.0533,39.8368],[-105.0533,39.8369],[-105.0533,39.8371],[-105.0533,39.838],[-105.0533,39.8382],[-105.0532,39.8384],[-105.0532,39.8386],[-105.0532,39.8388],[-105.0532,39.8391],[-105.0532,39.8394],[-105.0533,39.8399],[-105.0533,39.84],[-105.0533,39.8401],[-105.0533,39.8405],[-105.0532,39.8408],[-105.0532,39.8413],[-105.0532,39.8414],[-105.0532,39.8418],[-105.0532,39.8431],[-105.0532,39.8432],[-105.0532,39.8433],[-105.0532,39.844],[-105.0532,39.8441],[-105.0522,39.844],[-105.0507,39.8441],[-105.0507,39.8452],[-105.0507,39.8453],[-105.0506,39.8453],[-105.0492,39.8453],[-105.0491,39.8453],[-105.049,39.8453],[-105.0489,39.8453],[-105.0489,39.8452],[-105.0489,39.845],[-105.0488,39.8446],[-105.0485,39.8437],[-105.0483,39.8425],[-105.0482,39.8422],[-105.0482,39.842],[-105.0482,39.8418],[-105.0479,39.8418],[-105.0487,39.8455],[-105.0488,39.8461],[-105.0489,39.8467],[-105.049,39.8471],[-105.049,39.8473],[-105.0492,39.8478],[-105.0494,39.8482],[-105.0495,39.8484],[-105.0496,39.8487],[-105.0498,39.8491],[-105.05,39.8493],[-105.0501,39.8495],[-105.0502,39.8496],[-105.0504,39.8499],[-105.0506,39.8501],[-105.0508,39.8504],[-105.0512,39.8508],[-105.0515,39.8511],[-105.0519,39.8514],[-105.0522,39.8516],[-105.0524,39.8517],[-105.0527,39.852],[-105.0529,39.852],[-105.0528,39.8525],[-105.0528,39.8532],[-105.053,39.8536],[-105.053,39.8538],[-105.053,39.8539],[-105.0531,39.854],[-105.0532,39.8541],[-105.0532,39.8542],[-105.0533,39.8543],[-105.0535,39.8545],[-105.0536,39.8547],[-105.0547,39.8564],[-105.0556,39.8564],[-105.056,39.8564],[-105.0582,39.8564],[-105.0607,39.8565],[-105.0608,39.8565],[-105.062,39.8565],[-105.0625,39.8565],[-105.0629,39.8565],[-105.0634,39.8565],[-105.0646,39.8565],[-105.0647,39.8565],[-105.065,39.8565],[-105.0668,39.8565],[-105.0679,39.8565],[-105.0688,39.8565],[-105.071,39.8566],[-105.072,39.8566],[-105.0741,39.8565],[-105.0767,39.8565],[-105.0817,39.8564],[-105.0818,39.8564],[-105.0832,39.8564],[-105.0832,39.8562],[-105.0832,39.856],[-105.0832,39.8559],[-105.0833,39.8548],[-105.0833,39.8546],[-105.0833,39.8544],[-105.0835,39.8543],[-105.0837,39.8541],[-105.0833,39.8538],[-105.083,39.8536],[-105.0827,39.8535],[-105.0825,39.8534],[-105.0822,39.8534],[-105.0819,39.8534],[-105.0818,39.8534],[-105.0819,39.8531],[-105.0819,39.8517],[-105.0819,39.8516],[-105.0818,39.8516],[-105.0817,39.8514],[-105.0817,39.8512],[-105.0818,39.8493],[-105.0818,39.8478],[-105.0818,39.8473],[-105.0818,39.8472],[-105.0818,39.8471],[-105.0818,39.8449],[-105.0818,39.8444],[-105.0818,39.8418],[-105.0818,39.84],[-105.0818,39.8399],[-105.0818,39.8384],[-105.0817,39.8378],[-105.0817,39.8371],[-105.0817,39.8356],[-105.0817,39.8349],[-105.0816,39.8327],[-105.0815,39.8304],[-105.0815,39.829],[-105.0815,39.8288],[-105.0814,39.8272],[-105.0814,39.8252],[-105.0814,39.825],[-105.0814,39.8245],[-105.0814,39.8237],[-105.0817,39.8237],[-105.0818,39.8237],[-105.082,39.8236],[-105.0823,39.8233],[-105.0826,39.823],[-105.0828,39.8228],[-105.0831,39.8227],[-105.0835,39.8226],[-105.0837,39.8225],[-105.0839,39.8223],[-105.084,39.8222],[-105.084,39.822],[-105.0841,39.8219]]]}},{"type":"Feature","properties":{"zip":"80231","city":"Denver city","area":12.6},"geometry":{"type":"Polygon","coordinates":[[[-104.9073,39.6727],[-104.9073,39.6723],[-104.9072,39.6719],[-104.907,39.6713],[-104.9064,39.6703],[-104.9052,39.6689],[-104.9051,39.6686],[-104.905,39.6684],[-104.905,39.6683],[-104.9048,39.6678],[-104.9048,39.6676],[-104.9047,39.6674],[-104.9044,39.6668],[-104.9043,39.6666],[-104.9039,39.6662],[-104.9033,39.6654],[-104.9028,39.665],[-104.9027,39.663],[-104.9028,39.6608],[-104.9028,39.6605],[-104.9036,39.6602],[-104.9037,39.6602],[-104.9041,39.6602],[-104.9041,39.6601],[-104.9041,39.66],[-104.9041,39.6599],[-104.9041,39.6598],[-104.9041,39.6597],[-104.9041,39.6596],[-104.9041,39.6595],[-104.904,39.6595],[-104.9039,39.6595],[-104.9039,39.6594],[-104.9038,39.6593],[-104.9037,39.6593],[-104.9037,39.6592],[-104.9037,39.6591],[-104.9037,39.659],[-104.9037,39.6589],[-104.9036,39.6589],[-104.9036,39.6588],[-104.9036,39.6587],[-104.9036,39.6586],[-104.9036,39.6585],[-104.9035,39.6584],[-104.9036,39.6584],[-104.9036,39.6583],[-104.9036,39.6582],[-104.9036,39.6581],[-104.9036,39.658],[-104.9036,39.6579],[-104.9035,39.6578],[-104.9036,39.6578],[-104.9036,39.6577],[-104.9034,39.6576],[-104.9033,39.6574],[-104.9031,39.6573],[-104.903,39.6572],[-104.9029,39.6571],[-104.9026,39.6569],[-104.9025,39.6568],[-104.9024,39.6567],[-104.9024,39.6566],[-104.9022,39.6563],[-104.9022,39.6562],[-104.9021,39.656],[-104.9021,39.6559],[-104.9019,39.6556],[-104.9018,39.6553],[-104.9017,39.6552],[-104.9016,39.6549],[-104.9016,39.6548],[-104.9015,39.6547],[-104.9015,39.6546],[-104.9014,39.6545],[-104.9013,39.6542],[-104.9012,39.654],[-104.9012,39.6539],[-104.9011,39.6539],[-104.9011,39.6538],[-104.9011,39.6537],[-104.901,39.6536],[-104.901,39.6535],[-104.9009,39.6534],[-104.9009,39.6533],[-104.9008,39.6531],[-104.9007,39.6531],[-104.9005,39.6531],[-104.9004,39.6531],[-104.8992,39.6531],[-104.8988,39.6531],[-104.8978,39.6531],[-104.8976,39.6531],[-104.8962,39.6531],[-104.895,39.6531],[-104.8946,39.6531],[-104.8941,39.6531],[-104.8936,39.6531],[-104.8923,39.6531],[-104.8919,39.6531],[-104.8919,39.6527],[-104.8919,39.6523],[-104.8919,39.6518],[-104.8919,39.6517],[-104.8919,39.6516],[-104.8918,39.6515],[-104.8918,39.6514],[-104.8917,39.6513],[-104.8915,39.6512],[-104.8915,39.6511],[-104.8914,39.6511],[-104.8912,39.6511],[-104.8911,39.651],[-104.891,39.651],[-104.8905,39.651],[-104.8895,39.651],[-104.8862,39.651],[-104.8848,39.651],[-104.8847,39.6513],[-104.8816,39.6513],[-104.8815,39.6513],[-104.8814,39.6513],[-104.8813,39.6512],[-104.8812,39.6512],[-104.8811,39.6511],[-104.8811,39.651],[-104.8811,39.6509],[-104.8811,39.6507],[-104.8808,39.6507],[-104.8807,39.6507],[-104.8805,39.6508],[-104.8803,39.6508],[-104.8801,39.6508],[-104.88,39.6508],[-104.8782,39.6508],[-104.8775,39.6507],[-104.8774,39.6507],[-104.8773,39.6508],[-104.8772,39.6508],[-104.8771,39.6508],[-104.8769,39.6509],[-104.8768,39.6509],[-104.8766,39.6511],[-104.8765,39.6513],[-104.8764,39.6514],[-104.8763,39.6515],[-104.876,39.6519],[-104.8759,39.652],[-104.877,39.6531],[-104.8766,39.6531],[-104.8763,39.6531],[-104.8762,39.653],[-104.8758,39.653],[-104.8757,39.653],[-104.8749,39.653],[-104.8727,39.653],[-104.872,39.653],[-104.8715,39.653],[-104.8709,39.653],[-104.8704,39.653],[-104.8701,39.6531],[-104.8698,39.6531],[-104.8697,39.6531],[-104.8694,39.6532],[-104.8693,39.6532],[-104.8692,39.6532],[-104.8691,39.6532],[-104.8688,39.6533],[-104.8686,39.6534],[-104.8684,39.6535],[-104.8682,39.6536],[-104.8681,39.6537],[-104.8677,39.6539],[-104.8677,39.654],[-104.8675,39.6541],[-104.8673,39.6543],[-104.8671,39.6545],[-104.867,39.6546],[-104.8669,39.6547],[-104.8668,39.655],[-104.8667,39.6551],[-104.8666,39.6554],[-104.8666,39.6555],[-104.8665,39.6557],[-104.8665,39.6558],[-104.8664,39.6561],[-104.8664,39.6563],[-104.8664,39.657],[-104.8664,39.6575],[-104.8664,39.6589],[-104.8664,39.6594],[-104.8664,39.6595],[-104.8663,39.6601],[-104.8663,39.6603],[-104.8662,39.6618],[-104.8662,39.6675],[-104.8661,39.6698],[-104.8661,39.6708],[-104.867,39.6716],[-104.8671,39.6717],[-104.8681,39.6726],[-104.8682,39.6726],[-104.8679,39.6729],[-104.8679,39.6735],[-104.8679,39.6746],[-104.8678,39.6748],[-104.8703,39.6748],[-104.8703,39.6756],[-104.8703,39.6769],[-104.8731,39.6769],[-104.8733,39.6767],[-104.8739,39.6772],[-104.874,39.6773],[-104.8746,39.6778],[-104.8753,39.6784],[-104.8754,39.6785],[-104.8754,39.6786],[-104.8754,39.6796],[-104.8754,39.68],[-104.8754,39.6808],[-104.8754,39.682],[-104.8763,39.682],[-104.8767,39.682],[-104.8788,39.682],[-104.879,39.682],[-104.8791,39.682],[-104.8792,39.682],[-104.8793,39.6819],[-104.8795,39.6818],[-104.8799,39.6821],[-104.8801,39.6822],[-104.88,39.6823],[-104.8795,39.6827],[-104.8801,39.6831],[-104.8793,39.6838],[-104.8792,39.6839],[-104.881,39.6839],[-104.881,39.6834],[-104.881,39.6833],[-104.8811,39.6833],[-104.8813,39.6831],[-104.8821,39.6837],[-104.8834,39.6847],[-104.8846,39.6855],[-104.8849,39.6858],[-104.8852,39.686],[-104.8855,39.6863],[-104.8857,39.6864],[-104.885,39.687],[-104.888,39.6893],[-104.8882,39.6893],[-104.8885,39.6893],[-104.8891,39.6893],[-104.8895,39.6893],[-104.8899,39.6897],[-104.8914,39.6909],[-104.8918,39.6912],[-104.892,39.6913],[-104.8917,39.6916],[-104.8918,39.6934],[-104.8918,39.6941],[-104.8918,39.6942],[-104.8918,39.6952],[-104.8918,39.6966],[-104.8917,39.6966],[-104.8926,39.6966],[-104.8933,39.6966],[-104.8941,39.6966],[-104.8941,39.6964],[-104.8941,39.6959],[-104.8948,39.6959],[-104.8948,39.6966],[-104.8949,39.6966],[-104.8952,39.6966],[-104.8958,39.6966],[-104.8964,39.6966],[-104.8968,39.6966],[-104.8969,39.6966],[-104.897,39.6965],[-104.8972,39.6964],[-104.8973,39.6964],[-104.8974,39.6963],[-104.8975,39.6965],[-104.8981,39.6967],[-104.8982,39.6968],[-104.8986,39.6973],[-104.8987,39.6975],[-104.8988,39.6982],[-104.8988,39.6985],[-104.8987,39.6988],[-104.8986,39.6996],[-104.8986,39.6999],[-104.8981,39.6999],[-104.894,39.6998],[-104.894,39.7012],[-104.8941,39.7024],[-104.8935,39.7028],[-104.893,39.7027],[-104.8921,39.7027],[-104.892,39.7026],[-104.8917,39.7025],[-104.8911,39.7031],[-104.8906,39.7036],[-104.8905,39.7037],[-104.8904,39.7038],[-104.8903,39.7039],[-104.8903,39.704],[-104.8902,39.7041],[-104.8901,39.7042],[-104.8901,39.7043],[-104.8901,39.7045],[-104.8901,39.7046],[-104.8905,39.7048],[-104.8907,39.7048],[-104.891,39.7047],[-104.8916,39.7046],[-104.8927,39.7042],[-104.893,39.7041],[-104.8932,39.7041],[-104.8936,39.7041],[-104.8943,39.7041],[-104.8968,39.7037],[-104.897,39.7036],[-104.8972,39.7035],[-104.8974,39.7033],[-104.899,39.7013],[-104.8992,39.7012],[-104.8992,39.7009],[-104.8992,39.7007],[-104.899,39.7005],[-104.8988,39.7003],[-104.8997,39.6995],[-104.8995,39.6992],[-104.9,39.699],[-104.8999,39.6989],[-104.8997,39.6988],[-104.8997,39.6987],[-104.8997,39.6986],[-104.8995,39.6976],[-104.8995,39.6975],[-104.8996,39.6974],[-104.8996,39.6973],[-104.8997,39.6971],[-104.8998,39.6972],[-104.8999,39.6972],[-104.9001,39.6979],[-104.9004,39.6986],[-104.9009,39.6986],[-104.901,39.699],[-104.9017,39.699],[-104.9019,39.699],[-104.902,39.699],[-104.902,39.6991],[-104.9021,39.6993],[-104.9022,39.6995],[-104.9022,39.6996],[-104.9023,39.6997],[-104.9023,39.6998],[-104.9023,39.6999],[-104.9023,39.7002],[-104.9025,39.7002],[-104.9026,39.7002],[-104.9026,39.7001],[-104.9027,39.6999],[-104.9027,39.6998],[-104.9027,39.6997],[-104.9028,39.6997],[-104.903,39.6997],[-104.9033,39.6997],[-104.9035,39.6997],[-104.9035,39.6989],[-104.9035,39.6985],[-104.9035,39.6984],[-104.9035,39.6982],[-104.9035,39.6975],[-104.9035,39.6966],[-104.9026,39.6956],[-104.9027,39.6956],[-104.9028,39.6956],[-104.9029,39.6957],[-104.903,39.6957],[-104.9033,39.6957],[-104.9035,39.6957],[-104.9035,39.6956],[-104.9035,39.6952],[-104.9035,39.695],[-104.9035,39.694],[-104.9035,39.6932],[-104.9035,39.6931],[-104.9035,39.693],[-104.9035,39.6926],[-104.9035,39.6918],[-104.9035,39.6894],[-104.9035,39.689],[-104.9035,39.6878],[-104.9035,39.6874],[-104.9035,39.6872],[-104.9035,39.6868],[-104.9035,39.6866],[-104.9035,39.6864],[-104.9034,39.6857],[-104.9034,39.6855],[-104.9034,39.6853],[-104.9034,39.685],[-104.9034,39.6849],[-104.9034,39.6848],[-104.9034,39.6839],[-104.9035,39.6821],[-104.9035,39.6803],[-104.9034,39.6786],[-104.9035,39.6779],[-104.9036,39.6767],[-104.9035,39.6746],[-104.9035,39.6745],[-104.9035,39.6741],[-104.9035,39.6738],[-104.9035,39.6734],[-104.9037,39.6734],[-104.9058,39.6734],[-104.9073,39.6733],[-104.9073,39.6727]]]}},{"type":"Feature","properties":{"zip":"80002","city":"Arvada city","area":16.8},"geometry":{"type":"Polygon","coordinates":[[[-105.1653,39.7978],[-105.1653,39.7958],[-105.1648,39.7959],[-105.1645,39.7958],[-105.1642,39.7957],[-105.1641,39.7956],[-105.164,39.7954],[-105.1641,39.7951],[-105.1641,39.7947],[-105.1642,39.7944],[-105.1642,39.7942],[-105.1645,39.7927],[-105.1646,39.7924],[-105.1647,39.7921],[-105.1647,39.7919],[-105.1648,39.7917],[-105.1648,39.7915],[-105.1648,39.7912],[-105.165,39.791],[-105.1651,39.7907],[-105.1636,39.7907],[-105.1622,39.7907],[-105.161,39.7907],[-105.1609,39.7907],[-105.1596,39.7907],[-105.1595,39.7907],[-105.1568,39.7908],[-105.1568,39.7905],[-105.1568,39.789],[-105.1568,39.7888],[-105.1567,39.7871],[-105.1568,39.7856],[-105.1568,39.7854],[-105.1568,39.7845],[-105.1568,39.7836],[-105.1567,39.7823],[-105.1567,39.7816],[-105.1567,39.7764],[-105.1567,39.7763],[-105.1564,39.7763],[-105.1545,39.7767],[-105.1503,39.7774],[-105.1461,39.7781],[-105.1454,39.7782],[-105.1453,39.7782],[-105.1448,39.7783],[-105.1429,39.7783],[-105.1425,39.7783],[-105.1422,39.7783],[-105.1418,39.7784],[-105.1416,39.7784],[-105.1414,39.7784],[-105.1412,39.7786],[-105.1408,39.7788],[-105.1405,39.7789],[-105.1403,39.779],[-105.1392,39.7794],[-105.1389,39.7796],[-105.1379,39.7799],[-105.1379,39.7802],[-105.1379,39.7813],[-105.1379,39.7814],[-105.1379,39.7815],[-105.1379,39.7818],[-105.1379,39.7823],[-105.1379,39.7829],[-105.1379,39.783],[-105.138,39.7838],[-105.138,39.7843],[-105.1381,39.7853],[-105.138,39.7854],[-105.138,39.7861],[-105.138,39.7866],[-105.138,39.7867],[-105.138,39.787],[-105.138,39.7877],[-105.138,39.7881],[-105.138,39.7886],[-105.138,39.7909],[-105.1379,39.7909],[-105.1376,39.7909],[-105.1374,39.7909],[-105.1373,39.7909],[-105.1364,39.791],[-105.1363,39.791],[-105.1362,39.791],[-105.1361,39.791],[-105.1342,39.791],[-105.1324,39.791],[-105.1313,39.791],[-105.1311,39.791],[-105.131,39.791],[-105.1308,39.791],[-105.1306,39.791],[-105.1304,39.791],[-105.1301,39.791],[-105.1301,39.7923],[-105.1301,39.7938],[-105.13,39.7938],[-105.1293,39.7938],[-105.1289,39.7938],[-105.1287,39.7938],[-105.1285,39.7938],[-105.1285,39.7924],[-105.1285,39.791],[-105.1285,39.7891],[-105.1258,39.7897],[-105.1243,39.79],[-105.1242,39.79],[-105.1238,39.7901],[-105.1238,39.7903],[-105.1238,39.7905],[-105.1238,39.792],[-105.1238,39.7938],[-105.1238,39.7946],[-105.1228,39.7946],[-105.1221,39.7946],[-105.1221,39.793],[-105.1221,39.7917],[-105.1221,39.791],[-105.1216,39.791],[-105.1214,39.791],[-105.1212,39.791],[-105.1209,39.791],[-105.1203,39.791],[-105.1199,39.791],[-105.1192,39.7912],[-105.1192,39.7911],[-105.1191,39.7911],[-105.1174,39.7915],[-105.1175,39.792],[-105.1175,39.7921],[-105.1175,39.7922],[-105.1175,39.793],[-105.1175,39.7933],[-105.1175,39.7934],[-105.1176,39.7935],[-105.1177,39.7937],[-105.1178,39.7938],[-105.1179,39.794],[-105.1179,39.7941],[-105.1179,39.7946],[-105.1169,39.7946],[-105.1143,39.7947],[-105.1143,39.7941],[-105.1144,39.7927],[-105.1143,39.7921],[-105.1101,39.793],[-105.1093,39.7931],[-105.1093,39.793],[-105.1093,39.7929],[-105.1093,39.7925],[-105.1093,39.7924],[-105.1093,39.7922],[-105.1093,39.7919],[-105.1093,39.7917],[-105.1094,39.7911],[-105.1094,39.791],[-105.1094,39.7902],[-105.1095,39.789],[-105.1095,39.7881],[-105.1096,39.7875],[-105.1096,39.7874],[-105.1096,39.7872],[-105.1093,39.7873],[-105.1062,39.788],[-105.1056,39.7881],[-105.1054,39.7882],[-105.1049,39.7883],[-105.1037,39.7885],[-105.1023,39.7888],[-105.1018,39.7889],[-105.1011,39.7889],[-105.1002,39.789],[-105.1002,39.7885],[-105.1002,39.788],[-105.1002,39.7875],[-105.1002,39.7871],[-105.1002,39.7868],[-105.1002,39.786],[-105.1002,39.7857],[-105.1002,39.7841],[-105.1002,39.7838],[-105.0962,39.7838],[-105.094,39.7838],[-105.0932,39.7839],[-105.0917,39.7839],[-105.0908,39.784],[-105.0905,39.784],[-105.0902,39.784],[-105.0898,39.7841],[-105.0893,39.7842],[-105.0885,39.7844],[-105.0879,39.7846],[-105.0875,39.7847],[-105.0866,39.7849],[-105.0865,39.7849],[-105.0864,39.785],[-105.0862,39.785],[-105.0861,39.785],[-105.0859,39.7851],[-105.0833,39.7857],[-105.0814,39.7861],[-105.0814,39.7859],[-105.0814,39.7851],[-105.0814,39.785],[-105.0814,39.7845],[-105.0814,39.7844],[-105.0813,39.7844],[-105.081,39.7845],[-105.0808,39.7845],[-105.08,39.7848],[-105.0797,39.7848],[-105.0791,39.7849],[-105.0783,39.7849],[-105.0779,39.7849],[-105.0769,39.785],[-105.0768,39.785],[-105.0767,39.785],[-105.0762,39.7851],[-105.0757,39.7852],[-105.075,39.7855],[-105.0747,39.7856],[-105.0747,39.7857],[-105.0745,39.7858],[-105.0743,39.7858],[-105.074,39.7859],[-105.0738,39.786],[-105.073,39.7862],[-105.0729,39.7863],[-105.0728,39.7864],[-105.0725,39.7865],[-105.0724,39.7865],[-105.072,39.7865],[-105.0717,39.7865],[-105.0715,39.7866],[-105.0714,39.7866],[-105.0712,39.7867],[-105.0707,39.7868],[-105.0702,39.7869],[-105.0698,39.787],[-105.0694,39.787],[-105.0689,39.787],[-105.0688,39.7869],[-105.0687,39.7869],[-105.0687,39.7873],[-105.0685,39.7873],[-105.0681,39.7874],[-105.0678,39.7875],[-105.0668,39.7879],[-105.0662,39.7882],[-105.0659,39.7883],[-105.0658,39.7884],[-105.0651,39.7884],[-105.065,39.7884],[-105.065,39.7889],[-105.065,39.7894],[-105.065,39.7897],[-105.065,39.7898],[-105.065,39.7902],[-105.065,39.7903],[-105.0645,39.7903],[-105.0644,39.7903],[-105.0644,39.7911],[-105.0642,39.7911],[-105.0634,39.7911],[-105.0633,39.7911],[-105.0628,39.7911],[-105.0626,39.7911],[-105.0626,39.7909],[-105.0626,39.7905],[-105.0624,39.7905],[-105.0618,39.7905],[-105.0617,39.7907],[-105.0616,39.7909],[-105.0615,39.7911],[-105.0607,39.7911],[-105.0604,39.7911],[-105.0597,39.7911],[-105.0593,39.7911],[-105.0566,39.7911],[-105.0562,39.7911],[-105.0556,39.7911],[-105.0553,39.7911],[-105.0551,39.7911],[-105.0532,39.7911],[-105.0532,39.7918],[-105.0532,39.792],[-105.0511,39.7921],[-105.0504,39.7923],[-105.0497,39.7925],[-105.0489,39.7927],[-105.0482,39.7929],[-105.0478,39.793],[-105.0475,39.7932],[-105.0467,39.7938],[-105.0467,39.7948],[-105.046,39.7948],[-105.0453,39.7948],[-105.0445,39.7948],[-105.0438,39.7948],[-105.0438,39.7949],[-105.0438,39.7953],[-105.0438,39.796],[-105.0438,39.7965],[-105.0438,39.7966],[-105.0438,39.7967],[-105.0438,39.7968],[-105.0438,39.797],[-105.0439,39.7973],[-105.0439,39.7983],[-105.0439,39.7984],[-105.0439,39.7985],[-105.0439,39.7986],[-105.0439,39.7991],[-105.0439,39.8019],[-105.0439,39.8029],[-105.0439,39.8034],[-105.044,39.8038],[-105.044,39.804],[-105.044,39.8042],[-105.044,39.8043],[-105.044,39.8044],[-105.0469,39.8038],[-105.0471,39.8037],[-105.0485,39.8034],[-105.049,39.8033],[-105.05,39.8031],[-105.0501,39.8031],[-105.0502,39.8031],[-105.0525,39.8026],[-105.0526,39.8026],[-105.0528,39.8025],[-105.0533,39.8024],[-105.0554,39.802],[-105.0569,39.8017],[-105.0584,39.8014],[-105.0604,39.801],[-105.0605,39.801],[-105.0615,39.8014],[-105.0619,39.8016],[-105.0625,39.8017],[-105.0631,39.8018],[-105.0657,39.8018],[-105.0661,39.8018],[-105.0662,39.8018],[-105.0667,39.8019],[-105.067,39.802],[-105.0673,39.802],[-105.0676,39.8021],[-105.0682,39.8022],[-105.0683,39.8022],[-105.0685,39.8022],[-105.0696,39.8022],[-105.0726,39.8022],[-105.0737,39.8022],[-105.074,39.8022],[-105.0744,39.8022],[-105.0748,39.8022],[-105.0752,39.8021],[-105.0755,39.802],[-105.0759,39.802],[-105.0764,39.802],[-105.0765,39.802],[-105.0766,39.802],[-105.0771,39.802],[-105.0783,39.802],[-105.0792,39.802],[-105.08,39.802],[-105.0814,39.802],[-105.0814,39.8028],[-105.0834,39.8028],[-105.0836,39.8029],[-105.0838,39.8029],[-105.084,39.803],[-105.0842,39.8029],[-105.0845,39.8028],[-105.0861,39.8028],[-105.0861,39.802],[-105.0873,39.802],[-105.0872,39.8021],[-105.0872,39.8038],[-105.0888,39.8039],[-105.0888,39.8028],[-105.0888,39.802],[-105.0899,39.802],[-105.0908,39.802],[-105.0908,39.8034],[-105.0908,39.8039],[-105.0908,39.8046],[-105.0908,39.8049],[-105.0911,39.8049],[-105.0914,39.8049],[-105.0916,39.8049],[-105.0918,39.8048],[-105.0922,39.8045],[-105.0925,39.8045],[-105.0927,39.8044],[-105.0936,39.8043],[-105.0946,39.8042],[-105.0947,39.8042],[-105.0951,39.804],[-105.0953,39.804],[-105.0955,39.804],[-105.0965,39.804],[-105.0969,39.8039],[-105.0974,39.8038],[-105.0979,39.8036],[-105.0981,39.8036],[-105.0983,39.8036],[-105.0986,39.8036],[-105.0987,39.8036],[-105.0989,39.8037],[-105.0992,39.8039],[-105.0993,39.804],[-105.1002,39.8041],[-105.1002,39.8038],[-105.1002,39.8021],[-105.1028,39.802],[-105.1037,39.802],[-105.104,39.802],[-105.1043,39.802],[-105.1048,39.802],[-105.1063,39.8019],[-105.1072,39.8019],[-105.1095,39.8019],[-105.1095,39.8032],[-105.111,39.8032],[-105.111,39.8028],[-105.1109,39.8024],[-105.111,39.8022],[-105.1111,39.8019],[-105.1119,39.8019],[-105.1126,39.8019],[-105.1142,39.8018],[-105.1161,39.8018],[-105.1176,39.8018],[-105.1181,39.8018],[-105.1191,39.8018],[-105.12,39.8018],[-105.1208,39.8018],[-105.1217,39.8018],[-105.1226,39.8018],[-105.1235,39.8018],[-105.1244,39.8018],[-105.1262,39.8018],[-105.128,39.8018],[-105.1285,39.8018],[-105.1286,39.8018],[-105.1289,39.8018],[-105.1294,39.8018],[-105.1294,39.8019],[-105.1294,39.8023],[-105.1305,39.8023],[-105.1305,39.8019],[-105.1305,39.8018],[-105.1308,39.8018],[-105.1313,39.8018],[-105.1313,39.8019],[-105.1313,39.802],[-105.1313,39.8023],[-105.1332,39.8023],[-105.1332,39.802],[-105.1332,39.8018],[-105.1337,39.8018],[-105.1339,39.8018],[-105.1343,39.8018],[-105.1345,39.8018],[-105.1346,39.8018],[-105.1355,39.8018],[-105.1355,39.8025],[-105.1355,39.8026],[-105.1355,39.8027],[-105.1355,39.8038],[-105.1355,39.8041],[-105.1355,39.8047],[-105.1356,39.8049],[-105.1357,39.805],[-105.1359,39.805],[-105.1361,39.8049],[-105.1363,39.8049],[-105.1372,39.8049],[-105.1379,39.8048],[-105.1379,39.8046],[-105.1379,39.8044],[-105.1379,39.8042],[-105.1379,39.8036],[-105.1379,39.8018],[-105.1384,39.8018],[-105.1393,39.8017],[-105.1394,39.8017],[-105.1404,39.8018],[-105.1426,39.8018],[-105.143,39.8018],[-105.1431,39.8018],[-105.1433,39.8018],[-105.1434,39.8018],[-105.1438,39.8017],[-105.1438,39.8018],[-105.144,39.8018],[-105.1449,39.8017],[-105.145,39.8017],[-105.146,39.8017],[-105.1462,39.8017],[-105.1472,39.8017],[-105.1474,39.8017],[-105.1474,39.8034],[-105.1474,39.8046],[-105.1474,39.8054],[-105.1509,39.8054],[-105.1509,39.8048],[-105.1509,39.8046],[-105.1509,39.8043],[-105.1509,39.8041],[-105.1509,39.8038],[-105.1509,39.8034],[-105.1509,39.8032],[-105.1509,39.8031],[-105.1509,39.8027],[-105.1509,39.8025],[-105.1515,39.8025],[-105.1515,39.8031],[-105.152,39.803],[-105.1521,39.803],[-105.1521,39.8027],[-105.1521,39.8023],[-105.1521,39.802],[-105.1521,39.8019],[-105.1521,39.8017],[-105.1528,39.8017],[-105.1532,39.8017],[-105.1538,39.8017],[-105.1555,39.8017],[-105.1556,39.8017],[-105.1557,39.8017],[-105.1568,39.8017],[-105.1589,39.8017],[-105.1597,39.8017],[-105.1615,39.8017],[-105.1615,39.8018],[-105.1615,39.8022],[-105.1642,39.8022],[-105.1651,39.8021],[-105.1652,39.8021],[-105.1652,39.8016],[-105.1629,39.8017],[-105.1629,39.8016],[-105.1629,39.7993],[-105.1652,39.7993],[-105.1652,39.7987],[-105.1652,39.7985],[-105.1653,39.7984],[-105.1653,39.7981],[-105.1653,39.798],[-105.1653,39.7979],[-105.1653,39.7978]]]}}]}